--------------------------------------------------------
--  File created - среда-мая-11-2022   
--------------------------------------------------------
--------------------------------------------------------
--  DDL for Table STAFF_CATEGORIES
--------------------------------------------------------

  CREATE TABLE "NUREKE"."STAFF_CATEGORIES" 
   (	"STAFF_CATEGORY_CODE" NUMBER(*,0), 
	"STAFF_CATEGORY_DESCRIPTION" VARCHAR2(40 BYTE)
   ) SEGMENT CREATION IMMEDIATE 
  PCTFREE 10 PCTUSED 40 INITRANS 1 MAXTRANS 255 
 NOCOMPRESS LOGGING
  STORAGE(INITIAL 65536 NEXT 1048576 MINEXTENTS 1 MAXEXTENTS 2147483645
  PCTINCREASE 0 FREELISTS 1 FREELIST GROUPS 1
  BUFFER_POOL DEFAULT FLASH_CACHE DEFAULT CELL_FLASH_CACHE DEFAULT)
  TABLESPACE "USERS" ;
--------------------------------------------------------
--  DDL for Table STAFF
--------------------------------------------------------

  CREATE TABLE "NUREKE"."STAFF" 
   (	"STAFF_ID" NUMBER(*,0), 
	"ADDRESS_ID" NUMBER(*,0), 
	"BLOOD_BANK_ID" NUMBER(*,0), 
	"STAFF_CATEGORY_CODE" NUMBER(*,0), 
	"GENDER_MFU" VARCHAR2(20 BYTE), 
	"STAFF_JOB_TITLE" VARCHAR2(30 BYTE), 
	"STAFF_FIRST_NAME" VARCHAR2(50 BYTE), 
	"STAFF_LAST_NAME" VARCHAR2(50 BYTE), 
	"STAFF_BIRTH_DATE" DATE DEFAULT CURRENT_TIMESTAMP
   ) SEGMENT CREATION IMMEDIATE 
  PCTFREE 10 PCTUSED 40 INITRANS 1 MAXTRANS 255 
 NOCOMPRESS LOGGING
  STORAGE(INITIAL 65536 NEXT 1048576 MINEXTENTS 1 MAXEXTENTS 2147483645
  PCTINCREASE 0 FREELISTS 1 FREELIST GROUPS 1
  BUFFER_POOL DEFAULT FLASH_CACHE DEFAULT CELL_FLASH_CACHE DEFAULT)
  TABLESPACE "USERS" ;
--------------------------------------------------------
--  DDL for Table RELIGIONS
--------------------------------------------------------

  CREATE TABLE "NUREKE"."RELIGIONS" 
   (	"RELIGION_CODE" NUMBER(*,0), 
	"RELIGION_NAME" VARCHAR2(40 BYTE)
   ) SEGMENT CREATION IMMEDIATE 
  PCTFREE 10 PCTUSED 40 INITRANS 1 MAXTRANS 255 
 NOCOMPRESS LOGGING
  STORAGE(INITIAL 65536 NEXT 1048576 MINEXTENTS 1 MAXEXTENTS 2147483645
  PCTINCREASE 0 FREELISTS 1 FREELIST GROUPS 1
  BUFFER_POOL DEFAULT FLASH_CACHE DEFAULT CELL_FLASH_CACHE DEFAULT)
  TABLESPACE "USERS" ;
--------------------------------------------------------
--  DDL for Table MEDICAL_CONDITIONS
--------------------------------------------------------

  CREATE TABLE "NUREKE"."MEDICAL_CONDITIONS" 
   (	"CONDITION_CODE" NUMBER(*,0), 
	"CONDITION_DESCRIPTION" VARCHAR2(5 BYTE)
   ) SEGMENT CREATION IMMEDIATE 
  PCTFREE 10 PCTUSED 40 INITRANS 1 MAXTRANS 255 
 NOCOMPRESS LOGGING
  STORAGE(INITIAL 65536 NEXT 1048576 MINEXTENTS 1 MAXEXTENTS 2147483645
  PCTINCREASE 0 FREELISTS 1 FREELIST GROUPS 1
  BUFFER_POOL DEFAULT FLASH_CACHE DEFAULT CELL_FLASH_CACHE DEFAULT)
  TABLESPACE "USERS" ;
--------------------------------------------------------
--  DDL for Table DONORS_MEDICAL_CONDITIONS
--------------------------------------------------------

  CREATE TABLE "NUREKE"."DONORS_MEDICAL_CONDITIONS" 
   (	"DONOR_ID" NUMBER(*,0), 
	"CONDITION_CODE" NUMBER(*,0)
   ) SEGMENT CREATION DEFERRED 
  PCTFREE 10 PCTUSED 40 INITRANS 1 MAXTRANS 255 
 NOCOMPRESS LOGGING
  TABLESPACE "USERS" ;
--------------------------------------------------------
--  DDL for Table DONORS
--------------------------------------------------------

  CREATE TABLE "NUREKE"."DONORS" 
   (	"DONOR_ID" NUMBER(*,0), 
	"ADDRESS_ID" NUMBER(*,0), 
	"BLOOD_BANK_ID" NUMBER(*,0), 
	"RELIGION_CODE" NUMBER(*,0), 
	"GENDER_MFU" VARCHAR2(30 BYTE), 
	"DATE_OF_BIRTH" DATE DEFAULT CURRENT_DATE, 
	"FIRST_NAME" VARCHAR2(40 BYTE), 
	"LAST_NAME" VARCHAR2(50 BYTE), 
	"HOME_PHONE_NUM" VARCHAR2(70 BYTE), 
	"WORK_PHONE_NUM" VARCHAR2(80 BYTE), 
	"MOBILE_PHONE_NUM" VARCHAR2(80 BYTE), 
	"MEDICAL_CONDITION" VARCHAR2(1 BYTE)
   ) SEGMENT CREATION IMMEDIATE 
  PCTFREE 10 PCTUSED 40 INITRANS 1 MAXTRANS 255 
 NOCOMPRESS LOGGING
  STORAGE(INITIAL 65536 NEXT 1048576 MINEXTENTS 1 MAXEXTENTS 2147483645
  PCTINCREASE 0 FREELISTS 1 FREELIST GROUPS 1
  BUFFER_POOL DEFAULT FLASH_CACHE DEFAULT CELL_FLASH_CACHE DEFAULT)
  TABLESPACE "USERS" ;
--------------------------------------------------------
--  DDL for Table DONATIONS
--------------------------------------------------------

  CREATE TABLE "NUREKE"."DONATIONS" 
   (	"DONATION_ID" NUMBER(*,0), 
	"DONOR_ID" NUMBER(*,0), 
	"DONATION_DATE" DATE DEFAULT CURRENT_DATE
   ) SEGMENT CREATION IMMEDIATE 
  PCTFREE 10 PCTUSED 40 INITRANS 1 MAXTRANS 255 
 NOCOMPRESS LOGGING
  STORAGE(INITIAL 65536 NEXT 1048576 MINEXTENTS 1 MAXEXTENTS 2147483645
  PCTINCREASE 0 FREELISTS 1 FREELIST GROUPS 1
  BUFFER_POOL DEFAULT FLASH_CACHE DEFAULT CELL_FLASH_CACHE DEFAULT)
  TABLESPACE "USERS" ;
--------------------------------------------------------
--  DDL for Table ADDRESSES
--------------------------------------------------------

  CREATE TABLE "NUREKE"."ADDRESSES" 
   (	"ADDRESS_ID" NUMBER(*,0), 
	"CITY" VARCHAR2(50 BYTE), 
	"NUMBER_STREET" VARCHAR2(50 BYTE), 
	"NUMBER_BUILDING" VARCHAR2(50 BYTE), 
	"POST_INDEX" VARCHAR2(50 BYTE)
   ) SEGMENT CREATION IMMEDIATE 
  PCTFREE 10 PCTUSED 40 INITRANS 1 MAXTRANS 255 
 NOCOMPRESS LOGGING
  STORAGE(INITIAL 65536 NEXT 1048576 MINEXTENTS 1 MAXEXTENTS 2147483645
  PCTINCREASE 0 FREELISTS 1 FREELIST GROUPS 1
  BUFFER_POOL DEFAULT FLASH_CACHE DEFAULT CELL_FLASH_CACHE DEFAULT)
  TABLESPACE "USERS" ;
--------------------------------------------------------
--  DDL for Table BLOOD_BANKS
--------------------------------------------------------

  CREATE TABLE "NUREKE"."BLOOD_BANKS" 
   (	"BLOOD_BANK_ID" NUMBER(*,0), 
	"ADDRESS_ID" NUMBER(*,0)
   ) SEGMENT CREATION IMMEDIATE 
  PCTFREE 10 PCTUSED 40 INITRANS 1 MAXTRANS 255 
 NOCOMPRESS LOGGING
  STORAGE(INITIAL 65536 NEXT 1048576 MINEXTENTS 1 MAXEXTENTS 2147483645
  PCTINCREASE 0 FREELISTS 1 FREELIST GROUPS 1
  BUFFER_POOL DEFAULT FLASH_CACHE DEFAULT CELL_FLASH_CACHE DEFAULT)
  TABLESPACE "USERS" ;

   COMMENT ON COLUMN "NUREKE"."BLOOD_BANKS"."ADDRESS_ID" IS 'FK';
REM INSERTING into NUREKE.STAFF_CATEGORIES
SET DEFINE OFF;
Insert into NUREKE.STAFF_CATEGORIES (STAFF_CATEGORY_CODE,STAFF_CATEGORY_DESCRIPTION) values ('1','CEO');
Insert into NUREKE.STAFF_CATEGORIES (STAFF_CATEGORY_CODE,STAFF_CATEGORY_DESCRIPTION) values ('2','Deputies of CEO');
Insert into NUREKE.STAFF_CATEGORIES (STAFF_CATEGORY_CODE,STAFF_CATEGORY_DESCRIPTION) values ('3','Laboratory workers');
Insert into NUREKE.STAFF_CATEGORIES (STAFF_CATEGORY_CODE,STAFF_CATEGORY_DESCRIPTION) values ('4','Doctors');
Insert into NUREKE.STAFF_CATEGORIES (STAFF_CATEGORY_CODE,STAFF_CATEGORY_DESCRIPTION) values ('5','Nurses');
Insert into NUREKE.STAFF_CATEGORIES (STAFF_CATEGORY_CODE,STAFF_CATEGORY_DESCRIPTION) values ('6','Cleaners');
REM INSERTING into NUREKE.STAFF
SET DEFINE OFF;
Insert into NUREKE.STAFF (STAFF_ID,ADDRESS_ID,BLOOD_BANK_ID,STAFF_CATEGORY_CODE,GENDER_MFU,STAFF_JOB_TITLE,STAFF_FIRST_NAME,STAFF_LAST_NAME,STAFF_BIRTH_DATE) values ('340','212','8','4','Male','Quality Control Specialist','Lula','Vittori',to_date('26.01.1991','DD.MM.RRRR'));
Insert into NUREKE.STAFF (STAFF_ID,ADDRESS_ID,BLOOD_BANK_ID,STAFF_CATEGORY_CODE,GENDER_MFU,STAFF_JOB_TITLE,STAFF_FIRST_NAME,STAFF_LAST_NAME,STAFF_BIRTH_DATE) values ('341','73','12','4','Female','Senior Quality Engineer','Keriann','Siviour',to_date('10.10.1979','DD.MM.RRRR'));
Insert into NUREKE.STAFF (STAFF_ID,ADDRESS_ID,BLOOD_BANK_ID,STAFF_CATEGORY_CODE,GENDER_MFU,STAFF_JOB_TITLE,STAFF_FIRST_NAME,STAFF_LAST_NAME,STAFF_BIRTH_DATE) values ('342','226','5','3','Female','Project Manager','Hermia','Kinnie',to_date('21.04.1971','DD.MM.RRRR'));
Insert into NUREKE.STAFF (STAFF_ID,ADDRESS_ID,BLOOD_BANK_ID,STAFF_CATEGORY_CODE,GENDER_MFU,STAFF_JOB_TITLE,STAFF_FIRST_NAME,STAFF_LAST_NAME,STAFF_BIRTH_DATE) values ('343','274','4','3','Male','Research Assistant I','Jo','Mervyn',to_date('30.11.1977','DD.MM.RRRR'));
Insert into NUREKE.STAFF (STAFF_ID,ADDRESS_ID,BLOOD_BANK_ID,STAFF_CATEGORY_CODE,GENDER_MFU,STAFF_JOB_TITLE,STAFF_FIRST_NAME,STAFF_LAST_NAME,STAFF_BIRTH_DATE) values ('344','100','5','5','Female','Safety Technician I','Gino','O''Nions',to_date('16.12.1964','DD.MM.RRRR'));
Insert into NUREKE.STAFF (STAFF_ID,ADDRESS_ID,BLOOD_BANK_ID,STAFF_CATEGORY_CODE,GENDER_MFU,STAFF_JOB_TITLE,STAFF_FIRST_NAME,STAFF_LAST_NAME,STAFF_BIRTH_DATE) values ('345','123','11','5','Male','Human Resources Manager','Nicki','Kinneir',to_date('12.10.1969','DD.MM.RRRR'));
Insert into NUREKE.STAFF (STAFF_ID,ADDRESS_ID,BLOOD_BANK_ID,STAFF_CATEGORY_CODE,GENDER_MFU,STAFF_JOB_TITLE,STAFF_FIRST_NAME,STAFF_LAST_NAME,STAFF_BIRTH_DATE) values ('346','168','13','6','Male','Senior Quality Engineer','Celina','Vercruysse',to_date('26.08.1968','DD.MM.RRRR'));
Insert into NUREKE.STAFF (STAFF_ID,ADDRESS_ID,BLOOD_BANK_ID,STAFF_CATEGORY_CODE,GENDER_MFU,STAFF_JOB_TITLE,STAFF_FIRST_NAME,STAFF_LAST_NAME,STAFF_BIRTH_DATE) values ('347','2','12','4','Male','Chief Design Engineer','Cullin','Shuter',to_date('16.07.1977','DD.MM.RRRR'));
Insert into NUREKE.STAFF (STAFF_ID,ADDRESS_ID,BLOOD_BANK_ID,STAFF_CATEGORY_CODE,GENDER_MFU,STAFF_JOB_TITLE,STAFF_FIRST_NAME,STAFF_LAST_NAME,STAFF_BIRTH_DATE) values ('348','94','8','4','Female','Programmer Analyst IV','Jazmin','Barney',to_date('30.09.1982','DD.MM.RRRR'));
Insert into NUREKE.STAFF (STAFF_ID,ADDRESS_ID,BLOOD_BANK_ID,STAFF_CATEGORY_CODE,GENDER_MFU,STAFF_JOB_TITLE,STAFF_FIRST_NAME,STAFF_LAST_NAME,STAFF_BIRTH_DATE) values ('349','286','10','2','Male','Project Manager','Rosalie','Whitington',to_date('30.01.1961','DD.MM.RRRR'));
Insert into NUREKE.STAFF (STAFF_ID,ADDRESS_ID,BLOOD_BANK_ID,STAFF_CATEGORY_CODE,GENDER_MFU,STAFF_JOB_TITLE,STAFF_FIRST_NAME,STAFF_LAST_NAME,STAFF_BIRTH_DATE) values ('350','180','12','2','Female','Physical Therapy Assistant','Sidonnie','Whanstall',to_date('05.05.1960','DD.MM.RRRR'));
Insert into NUREKE.STAFF (STAFF_ID,ADDRESS_ID,BLOOD_BANK_ID,STAFF_CATEGORY_CODE,GENDER_MFU,STAFF_JOB_TITLE,STAFF_FIRST_NAME,STAFF_LAST_NAME,STAFF_BIRTH_DATE) values ('351','299','11','2','Male','Administrative Officer','Juliet','Bonass',to_date('06.09.1985','DD.MM.RRRR'));
Insert into NUREKE.STAFF (STAFF_ID,ADDRESS_ID,BLOOD_BANK_ID,STAFF_CATEGORY_CODE,GENDER_MFU,STAFF_JOB_TITLE,STAFF_FIRST_NAME,STAFF_LAST_NAME,STAFF_BIRTH_DATE) values ('352','222','2','6','Female','Chief Design Engineer','Estell','Embury',to_date('12.03.1966','DD.MM.RRRR'));
Insert into NUREKE.STAFF (STAFF_ID,ADDRESS_ID,BLOOD_BANK_ID,STAFF_CATEGORY_CODE,GENDER_MFU,STAFF_JOB_TITLE,STAFF_FIRST_NAME,STAFF_LAST_NAME,STAFF_BIRTH_DATE) values ('353','242','2','6','Male','Office Assistant I','Issi','Mardling',to_date('29.09.1972','DD.MM.RRRR'));
Insert into NUREKE.STAFF (STAFF_ID,ADDRESS_ID,BLOOD_BANK_ID,STAFF_CATEGORY_CODE,GENDER_MFU,STAFF_JOB_TITLE,STAFF_FIRST_NAME,STAFF_LAST_NAME,STAFF_BIRTH_DATE) values ('354','149','11','6','Male','Food Chemist','Garrek','Haslin',to_date('26.07.1964','DD.MM.RRRR'));
Insert into NUREKE.STAFF (STAFF_ID,ADDRESS_ID,BLOOD_BANK_ID,STAFF_CATEGORY_CODE,GENDER_MFU,STAFF_JOB_TITLE,STAFF_FIRST_NAME,STAFF_LAST_NAME,STAFF_BIRTH_DATE) values ('355','54','9','2','Female','Help Desk Operator','Ivor','Jenyns',to_date('28.01.1964','DD.MM.RRRR'));
Insert into NUREKE.STAFF (STAFF_ID,ADDRESS_ID,BLOOD_BANK_ID,STAFF_CATEGORY_CODE,GENDER_MFU,STAFF_JOB_TITLE,STAFF_FIRST_NAME,STAFF_LAST_NAME,STAFF_BIRTH_DATE) values ('356','209','3','6','Male','Project Manager','Roselia','Arunowicz',to_date('17.07.1960','DD.MM.RRRR'));
Insert into NUREKE.STAFF (STAFF_ID,ADDRESS_ID,BLOOD_BANK_ID,STAFF_CATEGORY_CODE,GENDER_MFU,STAFF_JOB_TITLE,STAFF_FIRST_NAME,STAFF_LAST_NAME,STAFF_BIRTH_DATE) values ('357','213','6','2','Female','Biostatistician II','Mychal','Lyness',to_date('09.03.1982','DD.MM.RRRR'));
Insert into NUREKE.STAFF (STAFF_ID,ADDRESS_ID,BLOOD_BANK_ID,STAFF_CATEGORY_CODE,GENDER_MFU,STAFF_JOB_TITLE,STAFF_FIRST_NAME,STAFF_LAST_NAME,STAFF_BIRTH_DATE) values ('358','187','5','3','Female','Clinical Specialist','Kevyn','Swabey',to_date('11.09.1997','DD.MM.RRRR'));
Insert into NUREKE.STAFF (STAFF_ID,ADDRESS_ID,BLOOD_BANK_ID,STAFF_CATEGORY_CODE,GENDER_MFU,STAFF_JOB_TITLE,STAFF_FIRST_NAME,STAFF_LAST_NAME,STAFF_BIRTH_DATE) values ('359','290','3','2','Female','Sales Representative','Sheri','Haliday',to_date('07.06.1964','DD.MM.RRRR'));
Insert into NUREKE.STAFF (STAFF_ID,ADDRESS_ID,BLOOD_BANK_ID,STAFF_CATEGORY_CODE,GENDER_MFU,STAFF_JOB_TITLE,STAFF_FIRST_NAME,STAFF_LAST_NAME,STAFF_BIRTH_DATE) values ('360','246','3','2','Male','Structural Analysis Engineer','Illa','Gooden',to_date('10.06.1980','DD.MM.RRRR'));
Insert into NUREKE.STAFF (STAFF_ID,ADDRESS_ID,BLOOD_BANK_ID,STAFF_CATEGORY_CODE,GENDER_MFU,STAFF_JOB_TITLE,STAFF_FIRST_NAME,STAFF_LAST_NAME,STAFF_BIRTH_DATE) values ('361','231','13','5','Male','Financial Analyst','Karalee','Brevetor',to_date('26.01.1984','DD.MM.RRRR'));
Insert into NUREKE.STAFF (STAFF_ID,ADDRESS_ID,BLOOD_BANK_ID,STAFF_CATEGORY_CODE,GENDER_MFU,STAFF_JOB_TITLE,STAFF_FIRST_NAME,STAFF_LAST_NAME,STAFF_BIRTH_DATE) values ('362','24','13','2','Female','Account Executive','Sylvan','Lockier',to_date('22.02.1989','DD.MM.RRRR'));
Insert into NUREKE.STAFF (STAFF_ID,ADDRESS_ID,BLOOD_BANK_ID,STAFF_CATEGORY_CODE,GENDER_MFU,STAFF_JOB_TITLE,STAFF_FIRST_NAME,STAFF_LAST_NAME,STAFF_BIRTH_DATE) values ('363','245','13','3','Female','Editor','Kerrill','Karchewski',to_date('03.12.1985','DD.MM.RRRR'));
Insert into NUREKE.STAFF (STAFF_ID,ADDRESS_ID,BLOOD_BANK_ID,STAFF_CATEGORY_CODE,GENDER_MFU,STAFF_JOB_TITLE,STAFF_FIRST_NAME,STAFF_LAST_NAME,STAFF_BIRTH_DATE) values ('364','214','11','4','Male','Physical Therapy Assistant','Camilla','Gunney',to_date('08.04.2000','DD.MM.RRRR'));
Insert into NUREKE.STAFF (STAFF_ID,ADDRESS_ID,BLOOD_BANK_ID,STAFF_CATEGORY_CODE,GENDER_MFU,STAFF_JOB_TITLE,STAFF_FIRST_NAME,STAFF_LAST_NAME,STAFF_BIRTH_DATE) values ('365','262','9','4','Female','Structural Analysis Engineer','Yevette','Trenear',to_date('29.03.1976','DD.MM.RRRR'));
Insert into NUREKE.STAFF (STAFF_ID,ADDRESS_ID,BLOOD_BANK_ID,STAFF_CATEGORY_CODE,GENDER_MFU,STAFF_JOB_TITLE,STAFF_FIRST_NAME,STAFF_LAST_NAME,STAFF_BIRTH_DATE) values ('366','131','8','3','Male','Nuclear Power Engineer','Thaxter','Weepers',to_date('17.05.1961','DD.MM.RRRR'));
Insert into NUREKE.STAFF (STAFF_ID,ADDRESS_ID,BLOOD_BANK_ID,STAFF_CATEGORY_CODE,GENDER_MFU,STAFF_JOB_TITLE,STAFF_FIRST_NAME,STAFF_LAST_NAME,STAFF_BIRTH_DATE) values ('367','4','3','2','Male','Social Worker','Carlita','Mikalski',to_date('15.05.1962','DD.MM.RRRR'));
Insert into NUREKE.STAFF (STAFF_ID,ADDRESS_ID,BLOOD_BANK_ID,STAFF_CATEGORY_CODE,GENDER_MFU,STAFF_JOB_TITLE,STAFF_FIRST_NAME,STAFF_LAST_NAME,STAFF_BIRTH_DATE) values ('368','276','4','5','Male','Administrative Officer','Cobb','More',to_date('02.04.1983','DD.MM.RRRR'));
Insert into NUREKE.STAFF (STAFF_ID,ADDRESS_ID,BLOOD_BANK_ID,STAFF_CATEGORY_CODE,GENDER_MFU,STAFF_JOB_TITLE,STAFF_FIRST_NAME,STAFF_LAST_NAME,STAFF_BIRTH_DATE) values ('369','239','7','5','Female','Software Consultant','Kenton','Tidcomb',to_date('31.05.1974','DD.MM.RRRR'));
Insert into NUREKE.STAFF (STAFF_ID,ADDRESS_ID,BLOOD_BANK_ID,STAFF_CATEGORY_CODE,GENDER_MFU,STAFF_JOB_TITLE,STAFF_FIRST_NAME,STAFF_LAST_NAME,STAFF_BIRTH_DATE) values ('370','175','5','5','Female','Chemical Engineer','Glynis','Fierro',to_date('09.09.1992','DD.MM.RRRR'));
Insert into NUREKE.STAFF (STAFF_ID,ADDRESS_ID,BLOOD_BANK_ID,STAFF_CATEGORY_CODE,GENDER_MFU,STAFF_JOB_TITLE,STAFF_FIRST_NAME,STAFF_LAST_NAME,STAFF_BIRTH_DATE) values ('371','294','5','3','Female','Cost Accountant','Magdalena','Bater',to_date('07.03.1970','DD.MM.RRRR'));
Insert into NUREKE.STAFF (STAFF_ID,ADDRESS_ID,BLOOD_BANK_ID,STAFF_CATEGORY_CODE,GENDER_MFU,STAFF_JOB_TITLE,STAFF_FIRST_NAME,STAFF_LAST_NAME,STAFF_BIRTH_DATE) values ('372','15','2','6','Male','Analyst Programmer','Mattias','De Meis',to_date('23.10.1965','DD.MM.RRRR'));
Insert into NUREKE.STAFF (STAFF_ID,ADDRESS_ID,BLOOD_BANK_ID,STAFF_CATEGORY_CODE,GENDER_MFU,STAFF_JOB_TITLE,STAFF_FIRST_NAME,STAFF_LAST_NAME,STAFF_BIRTH_DATE) values ('373','175','3','2','Male','Tax Accountant','Duffy','Scutchin',to_date('15.09.1971','DD.MM.RRRR'));
Insert into NUREKE.STAFF (STAFF_ID,ADDRESS_ID,BLOOD_BANK_ID,STAFF_CATEGORY_CODE,GENDER_MFU,STAFF_JOB_TITLE,STAFF_FIRST_NAME,STAFF_LAST_NAME,STAFF_BIRTH_DATE) values ('374','206','4','5','Female','Office Assistant III','Rand','Sprowle',to_date('13.01.1980','DD.MM.RRRR'));
Insert into NUREKE.STAFF (STAFF_ID,ADDRESS_ID,BLOOD_BANK_ID,STAFF_CATEGORY_CODE,GENDER_MFU,STAFF_JOB_TITLE,STAFF_FIRST_NAME,STAFF_LAST_NAME,STAFF_BIRTH_DATE) values ('375','91','12','4','Male','Quality Control Specialist','Molly','Hartle',to_date('05.08.1982','DD.MM.RRRR'));
Insert into NUREKE.STAFF (STAFF_ID,ADDRESS_ID,BLOOD_BANK_ID,STAFF_CATEGORY_CODE,GENDER_MFU,STAFF_JOB_TITLE,STAFF_FIRST_NAME,STAFF_LAST_NAME,STAFF_BIRTH_DATE) values ('376','52','10','5','Male','Help Desk Technician','Addy','Jimmison',to_date('18.06.1987','DD.MM.RRRR'));
Insert into NUREKE.STAFF (STAFF_ID,ADDRESS_ID,BLOOD_BANK_ID,STAFF_CATEGORY_CODE,GENDER_MFU,STAFF_JOB_TITLE,STAFF_FIRST_NAME,STAFF_LAST_NAME,STAFF_BIRTH_DATE) values ('377','64','12','4','Female','Financial Advisor','Stern','Everall',to_date('16.10.1977','DD.MM.RRRR'));
Insert into NUREKE.STAFF (STAFF_ID,ADDRESS_ID,BLOOD_BANK_ID,STAFF_CATEGORY_CODE,GENDER_MFU,STAFF_JOB_TITLE,STAFF_FIRST_NAME,STAFF_LAST_NAME,STAFF_BIRTH_DATE) values ('378','253','5','4','Female','Web Developer IV','Lenci','Laxe',to_date('17.08.1986','DD.MM.RRRR'));
Insert into NUREKE.STAFF (STAFF_ID,ADDRESS_ID,BLOOD_BANK_ID,STAFF_CATEGORY_CODE,GENDER_MFU,STAFF_JOB_TITLE,STAFF_FIRST_NAME,STAFF_LAST_NAME,STAFF_BIRTH_DATE) values ('379','104','5','4','Female','Geological Engineer','Diahann','MacCaig',to_date('19.02.1963','DD.MM.RRRR'));
Insert into NUREKE.STAFF (STAFF_ID,ADDRESS_ID,BLOOD_BANK_ID,STAFF_CATEGORY_CODE,GENDER_MFU,STAFF_JOB_TITLE,STAFF_FIRST_NAME,STAFF_LAST_NAME,STAFF_BIRTH_DATE) values ('380','287','2','5','Female','Compensation Analyst','Mischa','Bussel',to_date('05.07.1999','DD.MM.RRRR'));
Insert into NUREKE.STAFF (STAFF_ID,ADDRESS_ID,BLOOD_BANK_ID,STAFF_CATEGORY_CODE,GENDER_MFU,STAFF_JOB_TITLE,STAFF_FIRST_NAME,STAFF_LAST_NAME,STAFF_BIRTH_DATE) values ('381','24','8','2','Male','Occupational Therapist','Althea','Gerbl',to_date('16.06.1961','DD.MM.RRRR'));
Insert into NUREKE.STAFF (STAFF_ID,ADDRESS_ID,BLOOD_BANK_ID,STAFF_CATEGORY_CODE,GENDER_MFU,STAFF_JOB_TITLE,STAFF_FIRST_NAME,STAFF_LAST_NAME,STAFF_BIRTH_DATE) values ('382','174','3','6','Female','Social Worker','Elsinore','Itter',to_date('09.07.2000','DD.MM.RRRR'));
Insert into NUREKE.STAFF (STAFF_ID,ADDRESS_ID,BLOOD_BANK_ID,STAFF_CATEGORY_CODE,GENDER_MFU,STAFF_JOB_TITLE,STAFF_FIRST_NAME,STAFF_LAST_NAME,STAFF_BIRTH_DATE) values ('383','170','2','2','Male','Registered Nurse','Hanan','Keeble',to_date('17.08.1964','DD.MM.RRRR'));
Insert into NUREKE.STAFF (STAFF_ID,ADDRESS_ID,BLOOD_BANK_ID,STAFF_CATEGORY_CODE,GENDER_MFU,STAFF_JOB_TITLE,STAFF_FIRST_NAME,STAFF_LAST_NAME,STAFF_BIRTH_DATE) values ('384','133','4','6','Female','Senior Cost Accountant','Mersey','Ormonde',to_date('30.07.1996','DD.MM.RRRR'));
Insert into NUREKE.STAFF (STAFF_ID,ADDRESS_ID,BLOOD_BANK_ID,STAFF_CATEGORY_CODE,GENDER_MFU,STAFF_JOB_TITLE,STAFF_FIRST_NAME,STAFF_LAST_NAME,STAFF_BIRTH_DATE) values ('385','93','11','3','Male','Help Desk Technician','Glen','Dinneges',to_date('18.05.2000','DD.MM.RRRR'));
Insert into NUREKE.STAFF (STAFF_ID,ADDRESS_ID,BLOOD_BANK_ID,STAFF_CATEGORY_CODE,GENDER_MFU,STAFF_JOB_TITLE,STAFF_FIRST_NAME,STAFF_LAST_NAME,STAFF_BIRTH_DATE) values ('386','71','8','2','Male','Programmer I','Anitra','Faint',to_date('05.12.1988','DD.MM.RRRR'));
Insert into NUREKE.STAFF (STAFF_ID,ADDRESS_ID,BLOOD_BANK_ID,STAFF_CATEGORY_CODE,GENDER_MFU,STAFF_JOB_TITLE,STAFF_FIRST_NAME,STAFF_LAST_NAME,STAFF_BIRTH_DATE) values ('387','88','8','3','Female','Technical Writer','Roderich','Whelpton',to_date('18.12.1971','DD.MM.RRRR'));
Insert into NUREKE.STAFF (STAFF_ID,ADDRESS_ID,BLOOD_BANK_ID,STAFF_CATEGORY_CODE,GENDER_MFU,STAFF_JOB_TITLE,STAFF_FIRST_NAME,STAFF_LAST_NAME,STAFF_BIRTH_DATE) values ('388','163','8','3','Female','Junior Executive','Nelie','Seczyk',to_date('22.03.1986','DD.MM.RRRR'));
Insert into NUREKE.STAFF (STAFF_ID,ADDRESS_ID,BLOOD_BANK_ID,STAFF_CATEGORY_CODE,GENDER_MFU,STAFF_JOB_TITLE,STAFF_FIRST_NAME,STAFF_LAST_NAME,STAFF_BIRTH_DATE) values ('389','212','6','3','Female','Engineer II','David','Barrett',to_date('04.07.1972','DD.MM.RRRR'));
Insert into NUREKE.STAFF (STAFF_ID,ADDRESS_ID,BLOOD_BANK_ID,STAFF_CATEGORY_CODE,GENDER_MFU,STAFF_JOB_TITLE,STAFF_FIRST_NAME,STAFF_LAST_NAME,STAFF_BIRTH_DATE) values ('390','32','6','6','Female','Staff Accountant II','Bennie','Courage',to_date('05.01.1993','DD.MM.RRRR'));
Insert into NUREKE.STAFF (STAFF_ID,ADDRESS_ID,BLOOD_BANK_ID,STAFF_CATEGORY_CODE,GENDER_MFU,STAFF_JOB_TITLE,STAFF_FIRST_NAME,STAFF_LAST_NAME,STAFF_BIRTH_DATE) values ('391','45','1','6','Male','Administrative Officer','Dedie','Kington',to_date('25.03.1987','DD.MM.RRRR'));
Insert into NUREKE.STAFF (STAFF_ID,ADDRESS_ID,BLOOD_BANK_ID,STAFF_CATEGORY_CODE,GENDER_MFU,STAFF_JOB_TITLE,STAFF_FIRST_NAME,STAFF_LAST_NAME,STAFF_BIRTH_DATE) values ('392','289','2','2','Female','Marketing Assistant','Davita','Giuroni',to_date('29.03.1967','DD.MM.RRRR'));
Insert into NUREKE.STAFF (STAFF_ID,ADDRESS_ID,BLOOD_BANK_ID,STAFF_CATEGORY_CODE,GENDER_MFU,STAFF_JOB_TITLE,STAFF_FIRST_NAME,STAFF_LAST_NAME,STAFF_BIRTH_DATE) values ('393','165','7','3','Female','Engineer IV','Mill','Baffin',to_date('07.08.1978','DD.MM.RRRR'));
Insert into NUREKE.STAFF (STAFF_ID,ADDRESS_ID,BLOOD_BANK_ID,STAFF_CATEGORY_CODE,GENDER_MFU,STAFF_JOB_TITLE,STAFF_FIRST_NAME,STAFF_LAST_NAME,STAFF_BIRTH_DATE) values ('394','275','5','6','Female','Help Desk Technician','Hamnet','Butterick',to_date('28.11.1959','DD.MM.RRRR'));
Insert into NUREKE.STAFF (STAFF_ID,ADDRESS_ID,BLOOD_BANK_ID,STAFF_CATEGORY_CODE,GENDER_MFU,STAFF_JOB_TITLE,STAFF_FIRST_NAME,STAFF_LAST_NAME,STAFF_BIRTH_DATE) values ('395','167','9','2','Female','Associate Professor','Carmel','Aughton',to_date('18.03.1998','DD.MM.RRRR'));
Insert into NUREKE.STAFF (STAFF_ID,ADDRESS_ID,BLOOD_BANK_ID,STAFF_CATEGORY_CODE,GENDER_MFU,STAFF_JOB_TITLE,STAFF_FIRST_NAME,STAFF_LAST_NAME,STAFF_BIRTH_DATE) values ('396','80','1','6','Male','Software Engineer II','Shea','Robardley',to_date('20.07.1985','DD.MM.RRRR'));
Insert into NUREKE.STAFF (STAFF_ID,ADDRESS_ID,BLOOD_BANK_ID,STAFF_CATEGORY_CODE,GENDER_MFU,STAFF_JOB_TITLE,STAFF_FIRST_NAME,STAFF_LAST_NAME,STAFF_BIRTH_DATE) values ('397','141','1','4','Female','Teacher','Thomasine','Kobiela',to_date('13.11.1962','DD.MM.RRRR'));
Insert into NUREKE.STAFF (STAFF_ID,ADDRESS_ID,BLOOD_BANK_ID,STAFF_CATEGORY_CODE,GENDER_MFU,STAFF_JOB_TITLE,STAFF_FIRST_NAME,STAFF_LAST_NAME,STAFF_BIRTH_DATE) values ('398','21','13','2','Female','Financial Analyst','Reta','Jeannequin',to_date('16.10.1998','DD.MM.RRRR'));
Insert into NUREKE.STAFF (STAFF_ID,ADDRESS_ID,BLOOD_BANK_ID,STAFF_CATEGORY_CODE,GENDER_MFU,STAFF_JOB_TITLE,STAFF_FIRST_NAME,STAFF_LAST_NAME,STAFF_BIRTH_DATE) values ('399','289','10','6','Male','Software Engineer III','Othilia','Gravey',to_date('05.01.1998','DD.MM.RRRR'));
Insert into NUREKE.STAFF (STAFF_ID,ADDRESS_ID,BLOOD_BANK_ID,STAFF_CATEGORY_CODE,GENDER_MFU,STAFF_JOB_TITLE,STAFF_FIRST_NAME,STAFF_LAST_NAME,STAFF_BIRTH_DATE) values ('400','181','12','3','Female','Software Test Engineer IV','Bernard','Bloxsum',to_date('21.03.1988','DD.MM.RRRR'));
Insert into NUREKE.STAFF (STAFF_ID,ADDRESS_ID,BLOOD_BANK_ID,STAFF_CATEGORY_CODE,GENDER_MFU,STAFF_JOB_TITLE,STAFF_FIRST_NAME,STAFF_LAST_NAME,STAFF_BIRTH_DATE) values ('401','298','1','3','Female','Environmental Tech','Rowen','Rockwell',to_date('12.10.1999','DD.MM.RRRR'));
Insert into NUREKE.STAFF (STAFF_ID,ADDRESS_ID,BLOOD_BANK_ID,STAFF_CATEGORY_CODE,GENDER_MFU,STAFF_JOB_TITLE,STAFF_FIRST_NAME,STAFF_LAST_NAME,STAFF_BIRTH_DATE) values ('402','297','3','6','Male','Registered Nurse','Jessica','Cuppitt',to_date('06.04.1981','DD.MM.RRRR'));
Insert into NUREKE.STAFF (STAFF_ID,ADDRESS_ID,BLOOD_BANK_ID,STAFF_CATEGORY_CODE,GENDER_MFU,STAFF_JOB_TITLE,STAFF_FIRST_NAME,STAFF_LAST_NAME,STAFF_BIRTH_DATE) values ('403','202','1','5','Female','Web Developer II','Diahann','Pifford',to_date('14.03.1990','DD.MM.RRRR'));
Insert into NUREKE.STAFF (STAFF_ID,ADDRESS_ID,BLOOD_BANK_ID,STAFF_CATEGORY_CODE,GENDER_MFU,STAFF_JOB_TITLE,STAFF_FIRST_NAME,STAFF_LAST_NAME,STAFF_BIRTH_DATE) values ('405','106','11','6','Male','Database Administrator IV','Algernon','Poytress',to_date('08.03.1999','DD.MM.RRRR'));
Insert into NUREKE.STAFF (STAFF_ID,ADDRESS_ID,BLOOD_BANK_ID,STAFF_CATEGORY_CODE,GENDER_MFU,STAFF_JOB_TITLE,STAFF_FIRST_NAME,STAFF_LAST_NAME,STAFF_BIRTH_DATE) values ('406','70','9','6','Male','Research Nurse','Jillane','Fitzjohn',to_date('27.04.1960','DD.MM.RRRR'));
Insert into NUREKE.STAFF (STAFF_ID,ADDRESS_ID,BLOOD_BANK_ID,STAFF_CATEGORY_CODE,GENDER_MFU,STAFF_JOB_TITLE,STAFF_FIRST_NAME,STAFF_LAST_NAME,STAFF_BIRTH_DATE) values ('407','144','11','3','Female','Legal Assistant','Freddi','Losbie',to_date('23.07.1983','DD.MM.RRRR'));
Insert into NUREKE.STAFF (STAFF_ID,ADDRESS_ID,BLOOD_BANK_ID,STAFF_CATEGORY_CODE,GENDER_MFU,STAFF_JOB_TITLE,STAFF_FIRST_NAME,STAFF_LAST_NAME,STAFF_BIRTH_DATE) values ('408','264','3','4','Female','Junior Executive','Kara-lynn','McMaster',to_date('16.02.1983','DD.MM.RRRR'));
Insert into NUREKE.STAFF (STAFF_ID,ADDRESS_ID,BLOOD_BANK_ID,STAFF_CATEGORY_CODE,GENDER_MFU,STAFF_JOB_TITLE,STAFF_FIRST_NAME,STAFF_LAST_NAME,STAFF_BIRTH_DATE) values ('409','209','11','3','Male','Human Resources Assistant II','Zandra','Ciottoi',to_date('18.07.1989','DD.MM.RRRR'));
Insert into NUREKE.STAFF (STAFF_ID,ADDRESS_ID,BLOOD_BANK_ID,STAFF_CATEGORY_CODE,GENDER_MFU,STAFF_JOB_TITLE,STAFF_FIRST_NAME,STAFF_LAST_NAME,STAFF_BIRTH_DATE) values ('410','193','13','2','Female','VP Accounting','Christophorus','Venables',to_date('15.05.2001','DD.MM.RRRR'));
Insert into NUREKE.STAFF (STAFF_ID,ADDRESS_ID,BLOOD_BANK_ID,STAFF_CATEGORY_CODE,GENDER_MFU,STAFF_JOB_TITLE,STAFF_FIRST_NAME,STAFF_LAST_NAME,STAFF_BIRTH_DATE) values ('411','19','9','4','Female','VP Product Management','Iago','Fackney',to_date('04.09.1987','DD.MM.RRRR'));
Insert into NUREKE.STAFF (STAFF_ID,ADDRESS_ID,BLOOD_BANK_ID,STAFF_CATEGORY_CODE,GENDER_MFU,STAFF_JOB_TITLE,STAFF_FIRST_NAME,STAFF_LAST_NAME,STAFF_BIRTH_DATE) values ('412','193','4','5','Male','Speech Pathologist','Gaspar','Rangell',to_date('27.05.1989','DD.MM.RRRR'));
Insert into NUREKE.STAFF (STAFF_ID,ADDRESS_ID,BLOOD_BANK_ID,STAFF_CATEGORY_CODE,GENDER_MFU,STAFF_JOB_TITLE,STAFF_FIRST_NAME,STAFF_LAST_NAME,STAFF_BIRTH_DATE) values ('413','170','10','5','Male','Dental Hygienist','Ranee','Caramuscia',to_date('04.11.1970','DD.MM.RRRR'));
Insert into NUREKE.STAFF (STAFF_ID,ADDRESS_ID,BLOOD_BANK_ID,STAFF_CATEGORY_CODE,GENDER_MFU,STAFF_JOB_TITLE,STAFF_FIRST_NAME,STAFF_LAST_NAME,STAFF_BIRTH_DATE) values ('414','261','13','6','Male','Financial Analyst','Clim','Seckington',to_date('01.06.1970','DD.MM.RRRR'));
Insert into NUREKE.STAFF (STAFF_ID,ADDRESS_ID,BLOOD_BANK_ID,STAFF_CATEGORY_CODE,GENDER_MFU,STAFF_JOB_TITLE,STAFF_FIRST_NAME,STAFF_LAST_NAME,STAFF_BIRTH_DATE) values ('415','179','4','2','Male','Dental Hygienist','Latisha','Habbin',to_date('21.10.1982','DD.MM.RRRR'));
Insert into NUREKE.STAFF (STAFF_ID,ADDRESS_ID,BLOOD_BANK_ID,STAFF_CATEGORY_CODE,GENDER_MFU,STAFF_JOB_TITLE,STAFF_FIRST_NAME,STAFF_LAST_NAME,STAFF_BIRTH_DATE) values ('416','57','3','5','Male','Marketing Assistant','Augustine','Alan',to_date('03.09.1984','DD.MM.RRRR'));
Insert into NUREKE.STAFF (STAFF_ID,ADDRESS_ID,BLOOD_BANK_ID,STAFF_CATEGORY_CODE,GENDER_MFU,STAFF_JOB_TITLE,STAFF_FIRST_NAME,STAFF_LAST_NAME,STAFF_BIRTH_DATE) values ('417','203','9','6','Male','Sales Associate','Annadiane','Rhymes',to_date('11.04.1989','DD.MM.RRRR'));
Insert into NUREKE.STAFF (STAFF_ID,ADDRESS_ID,BLOOD_BANK_ID,STAFF_CATEGORY_CODE,GENDER_MFU,STAFF_JOB_TITLE,STAFF_FIRST_NAME,STAFF_LAST_NAME,STAFF_BIRTH_DATE) values ('418','138','13','3','Female','Dental Hygienist','Jimmie','Dyter',to_date('27.01.1966','DD.MM.RRRR'));
Insert into NUREKE.STAFF (STAFF_ID,ADDRESS_ID,BLOOD_BANK_ID,STAFF_CATEGORY_CODE,GENDER_MFU,STAFF_JOB_TITLE,STAFF_FIRST_NAME,STAFF_LAST_NAME,STAFF_BIRTH_DATE) values ('419','186','8','6','Male','Legal Assistant','Pepito','Scrivin',to_date('16.07.1978','DD.MM.RRRR'));
Insert into NUREKE.STAFF (STAFF_ID,ADDRESS_ID,BLOOD_BANK_ID,STAFF_CATEGORY_CODE,GENDER_MFU,STAFF_JOB_TITLE,STAFF_FIRST_NAME,STAFF_LAST_NAME,STAFF_BIRTH_DATE) values ('420','185','7','5','Male','Pharmacist','Cristal','Esposita',to_date('16.04.1996','DD.MM.RRRR'));
Insert into NUREKE.STAFF (STAFF_ID,ADDRESS_ID,BLOOD_BANK_ID,STAFF_CATEGORY_CODE,GENDER_MFU,STAFF_JOB_TITLE,STAFF_FIRST_NAME,STAFF_LAST_NAME,STAFF_BIRTH_DATE) values ('421','45','4','4','Female','VP Quality Control','Darrell','Silly',to_date('20.04.1973','DD.MM.RRRR'));
Insert into NUREKE.STAFF (STAFF_ID,ADDRESS_ID,BLOOD_BANK_ID,STAFF_CATEGORY_CODE,GENDER_MFU,STAFF_JOB_TITLE,STAFF_FIRST_NAME,STAFF_LAST_NAME,STAFF_BIRTH_DATE) values ('422','108','11','2','Male','Administrative Officer','Stavro','Brophy',to_date('21.10.1987','DD.MM.RRRR'));
Insert into NUREKE.STAFF (STAFF_ID,ADDRESS_ID,BLOOD_BANK_ID,STAFF_CATEGORY_CODE,GENDER_MFU,STAFF_JOB_TITLE,STAFF_FIRST_NAME,STAFF_LAST_NAME,STAFF_BIRTH_DATE) values ('423','206','10','4','Female','Office Assistant II','Zilvia','Iskov',to_date('02.01.1960','DD.MM.RRRR'));
Insert into NUREKE.STAFF (STAFF_ID,ADDRESS_ID,BLOOD_BANK_ID,STAFF_CATEGORY_CODE,GENDER_MFU,STAFF_JOB_TITLE,STAFF_FIRST_NAME,STAFF_LAST_NAME,STAFF_BIRTH_DATE) values ('424','51','7','2','Female','Programmer III','Baxter','Jakucewicz',to_date('03.05.1991','DD.MM.RRRR'));
Insert into NUREKE.STAFF (STAFF_ID,ADDRESS_ID,BLOOD_BANK_ID,STAFF_CATEGORY_CODE,GENDER_MFU,STAFF_JOB_TITLE,STAFF_FIRST_NAME,STAFF_LAST_NAME,STAFF_BIRTH_DATE) values ('425','43','4','6','Female','Electrical Engineer','Prisca','Darnbrook',to_date('22.05.1961','DD.MM.RRRR'));
Insert into NUREKE.STAFF (STAFF_ID,ADDRESS_ID,BLOOD_BANK_ID,STAFF_CATEGORY_CODE,GENDER_MFU,STAFF_JOB_TITLE,STAFF_FIRST_NAME,STAFF_LAST_NAME,STAFF_BIRTH_DATE) values ('426','19','12','4','Male','VP Accounting','Corly','Haile',to_date('27.09.1998','DD.MM.RRRR'));
Insert into NUREKE.STAFF (STAFF_ID,ADDRESS_ID,BLOOD_BANK_ID,STAFF_CATEGORY_CODE,GENDER_MFU,STAFF_JOB_TITLE,STAFF_FIRST_NAME,STAFF_LAST_NAME,STAFF_BIRTH_DATE) values ('427','112','4','2','Male','Senior Developer','Sunny','Vowell',to_date('19.08.1981','DD.MM.RRRR'));
Insert into NUREKE.STAFF (STAFF_ID,ADDRESS_ID,BLOOD_BANK_ID,STAFF_CATEGORY_CODE,GENDER_MFU,STAFF_JOB_TITLE,STAFF_FIRST_NAME,STAFF_LAST_NAME,STAFF_BIRTH_DATE) values ('428','263','12','2','Male','Chief Design Engineer','Filippa','Salzburg',to_date('21.02.2000','DD.MM.RRRR'));
Insert into NUREKE.STAFF (STAFF_ID,ADDRESS_ID,BLOOD_BANK_ID,STAFF_CATEGORY_CODE,GENDER_MFU,STAFF_JOB_TITLE,STAFF_FIRST_NAME,STAFF_LAST_NAME,STAFF_BIRTH_DATE) values ('429','189','8','2','Female','Recruiting Manager','Norton','Kilbourne',to_date('08.08.1992','DD.MM.RRRR'));
Insert into NUREKE.STAFF (STAFF_ID,ADDRESS_ID,BLOOD_BANK_ID,STAFF_CATEGORY_CODE,GENDER_MFU,STAFF_JOB_TITLE,STAFF_FIRST_NAME,STAFF_LAST_NAME,STAFF_BIRTH_DATE) values ('430','104','3','5','Female','Nurse Practicioner','Mathias','Lauchlan',to_date('15.09.1977','DD.MM.RRRR'));
Insert into NUREKE.STAFF (STAFF_ID,ADDRESS_ID,BLOOD_BANK_ID,STAFF_CATEGORY_CODE,GENDER_MFU,STAFF_JOB_TITLE,STAFF_FIRST_NAME,STAFF_LAST_NAME,STAFF_BIRTH_DATE) values ('431','167','11','4','Male','Senior Editor','Antons','Maskew',to_date('01.10.1967','DD.MM.RRRR'));
Insert into NUREKE.STAFF (STAFF_ID,ADDRESS_ID,BLOOD_BANK_ID,STAFF_CATEGORY_CODE,GENDER_MFU,STAFF_JOB_TITLE,STAFF_FIRST_NAME,STAFF_LAST_NAME,STAFF_BIRTH_DATE) values ('432','135','2','2','Female','Database Administrator IV','Troy','McMonnies',to_date('23.08.1969','DD.MM.RRRR'));
Insert into NUREKE.STAFF (STAFF_ID,ADDRESS_ID,BLOOD_BANK_ID,STAFF_CATEGORY_CODE,GENDER_MFU,STAFF_JOB_TITLE,STAFF_FIRST_NAME,STAFF_LAST_NAME,STAFF_BIRTH_DATE) values ('433','133','11','3','Male','Electrical Engineer','Lula','Woodley',to_date('07.06.1981','DD.MM.RRRR'));
Insert into NUREKE.STAFF (STAFF_ID,ADDRESS_ID,BLOOD_BANK_ID,STAFF_CATEGORY_CODE,GENDER_MFU,STAFF_JOB_TITLE,STAFF_FIRST_NAME,STAFF_LAST_NAME,STAFF_BIRTH_DATE) values ('434','206','2','4','Male','Executive Secretary','Elka','McClure',to_date('07.04.1980','DD.MM.RRRR'));
Insert into NUREKE.STAFF (STAFF_ID,ADDRESS_ID,BLOOD_BANK_ID,STAFF_CATEGORY_CODE,GENDER_MFU,STAFF_JOB_TITLE,STAFF_FIRST_NAME,STAFF_LAST_NAME,STAFF_BIRTH_DATE) values ('435','122','12','5','Male','Electrical Engineer','Ricoriki','Van Zon',to_date('23.10.1963','DD.MM.RRRR'));
Insert into NUREKE.STAFF (STAFF_ID,ADDRESS_ID,BLOOD_BANK_ID,STAFF_CATEGORY_CODE,GENDER_MFU,STAFF_JOB_TITLE,STAFF_FIRST_NAME,STAFF_LAST_NAME,STAFF_BIRTH_DATE) values ('436','223','8','6','Male','Food Chemist','Marcelo','Ellershaw',to_date('16.12.1960','DD.MM.RRRR'));
Insert into NUREKE.STAFF (STAFF_ID,ADDRESS_ID,BLOOD_BANK_ID,STAFF_CATEGORY_CODE,GENDER_MFU,STAFF_JOB_TITLE,STAFF_FIRST_NAME,STAFF_LAST_NAME,STAFF_BIRTH_DATE) values ('437','208','1','6','Male','Structural Analysis Engineer','Nial','Oman',to_date('15.07.1981','DD.MM.RRRR'));
Insert into NUREKE.STAFF (STAFF_ID,ADDRESS_ID,BLOOD_BANK_ID,STAFF_CATEGORY_CODE,GENDER_MFU,STAFF_JOB_TITLE,STAFF_FIRST_NAME,STAFF_LAST_NAME,STAFF_BIRTH_DATE) values ('438','235','12','2','Male','Technical Writer','Thorin','Durrance',to_date('14.10.1990','DD.MM.RRRR'));
Insert into NUREKE.STAFF (STAFF_ID,ADDRESS_ID,BLOOD_BANK_ID,STAFF_CATEGORY_CODE,GENDER_MFU,STAFF_JOB_TITLE,STAFF_FIRST_NAME,STAFF_LAST_NAME,STAFF_BIRTH_DATE) values ('439','21','7','4','Male','Financial Analyst','Sallee','Losano',to_date('08.07.1961','DD.MM.RRRR'));
Insert into NUREKE.STAFF (STAFF_ID,ADDRESS_ID,BLOOD_BANK_ID,STAFF_CATEGORY_CODE,GENDER_MFU,STAFF_JOB_TITLE,STAFF_FIRST_NAME,STAFF_LAST_NAME,STAFF_BIRTH_DATE) values ('440','33','5','6','Male','Assistant Media Planner','Jorey','Lassetter',to_date('16.07.1985','DD.MM.RRRR'));
Insert into NUREKE.STAFF (STAFF_ID,ADDRESS_ID,BLOOD_BANK_ID,STAFF_CATEGORY_CODE,GENDER_MFU,STAFF_JOB_TITLE,STAFF_FIRST_NAME,STAFF_LAST_NAME,STAFF_BIRTH_DATE) values ('441','8','3','2','Female','Senior Cost Accountant','Gert','Vatini',to_date('17.07.1991','DD.MM.RRRR'));
Insert into NUREKE.STAFF (STAFF_ID,ADDRESS_ID,BLOOD_BANK_ID,STAFF_CATEGORY_CODE,GENDER_MFU,STAFF_JOB_TITLE,STAFF_FIRST_NAME,STAFF_LAST_NAME,STAFF_BIRTH_DATE) values ('442','276','1','3','Female','Web Designer IV','Feliks','Howlett',to_date('25.07.1982','DD.MM.RRRR'));
Insert into NUREKE.STAFF (STAFF_ID,ADDRESS_ID,BLOOD_BANK_ID,STAFF_CATEGORY_CODE,GENDER_MFU,STAFF_JOB_TITLE,STAFF_FIRST_NAME,STAFF_LAST_NAME,STAFF_BIRTH_DATE) values ('443','1','3','5','Male','Nuclear Power Engineer','Keir','Abell',to_date('02.04.1995','DD.MM.RRRR'));
Insert into NUREKE.STAFF (STAFF_ID,ADDRESS_ID,BLOOD_BANK_ID,STAFF_CATEGORY_CODE,GENDER_MFU,STAFF_JOB_TITLE,STAFF_FIRST_NAME,STAFF_LAST_NAME,STAFF_BIRTH_DATE) values ('444','47','12','2','Male','Design Engineer','Idette','Kybbye',to_date('13.04.1974','DD.MM.RRRR'));
Insert into NUREKE.STAFF (STAFF_ID,ADDRESS_ID,BLOOD_BANK_ID,STAFF_CATEGORY_CODE,GENDER_MFU,STAFF_JOB_TITLE,STAFF_FIRST_NAME,STAFF_LAST_NAME,STAFF_BIRTH_DATE) values ('445','168','3','3','Female','Editor','Mattias','Drewitt',to_date('21.04.1959','DD.MM.RRRR'));
Insert into NUREKE.STAFF (STAFF_ID,ADDRESS_ID,BLOOD_BANK_ID,STAFF_CATEGORY_CODE,GENDER_MFU,STAFF_JOB_TITLE,STAFF_FIRST_NAME,STAFF_LAST_NAME,STAFF_BIRTH_DATE) values ('446','295','12','6','Male','Operator','Ivar','Zarfat',to_date('03.07.1962','DD.MM.RRRR'));
Insert into NUREKE.STAFF (STAFF_ID,ADDRESS_ID,BLOOD_BANK_ID,STAFF_CATEGORY_CODE,GENDER_MFU,STAFF_JOB_TITLE,STAFF_FIRST_NAME,STAFF_LAST_NAME,STAFF_BIRTH_DATE) values ('447','190','12','2','Male','Sales Representative','Bent','Jacop',to_date('23.01.1966','DD.MM.RRRR'));
Insert into NUREKE.STAFF (STAFF_ID,ADDRESS_ID,BLOOD_BANK_ID,STAFF_CATEGORY_CODE,GENDER_MFU,STAFF_JOB_TITLE,STAFF_FIRST_NAME,STAFF_LAST_NAME,STAFF_BIRTH_DATE) values ('448','261','2','3','Male','VP Accounting','Patricio','Caneo',to_date('06.01.1983','DD.MM.RRRR'));
Insert into NUREKE.STAFF (STAFF_ID,ADDRESS_ID,BLOOD_BANK_ID,STAFF_CATEGORY_CODE,GENDER_MFU,STAFF_JOB_TITLE,STAFF_FIRST_NAME,STAFF_LAST_NAME,STAFF_BIRTH_DATE) values ('449','253','5','2','Female','Statistician IV','Guglielma','Whiteside',to_date('02.10.1993','DD.MM.RRRR'));
Insert into NUREKE.STAFF (STAFF_ID,ADDRESS_ID,BLOOD_BANK_ID,STAFF_CATEGORY_CODE,GENDER_MFU,STAFF_JOB_TITLE,STAFF_FIRST_NAME,STAFF_LAST_NAME,STAFF_BIRTH_DATE) values ('450','135','7','5','Male','VP Quality Control','Daryn','Pummell',to_date('08.03.1960','DD.MM.RRRR'));
Insert into NUREKE.STAFF (STAFF_ID,ADDRESS_ID,BLOOD_BANK_ID,STAFF_CATEGORY_CODE,GENDER_MFU,STAFF_JOB_TITLE,STAFF_FIRST_NAME,STAFF_LAST_NAME,STAFF_BIRTH_DATE) values ('451','197','8','4','Female','Automation Specialist I','Bren','Echalier',to_date('24.06.1981','DD.MM.RRRR'));
Insert into NUREKE.STAFF (STAFF_ID,ADDRESS_ID,BLOOD_BANK_ID,STAFF_CATEGORY_CODE,GENDER_MFU,STAFF_JOB_TITLE,STAFF_FIRST_NAME,STAFF_LAST_NAME,STAFF_BIRTH_DATE) values ('452','30','6','5','Male','Paralegal','Vin','Robker',to_date('04.09.1996','DD.MM.RRRR'));
Insert into NUREKE.STAFF (STAFF_ID,ADDRESS_ID,BLOOD_BANK_ID,STAFF_CATEGORY_CODE,GENDER_MFU,STAFF_JOB_TITLE,STAFF_FIRST_NAME,STAFF_LAST_NAME,STAFF_BIRTH_DATE) values ('453','107','13','6','Female','Nurse Practicioner','Marlow','Corns',to_date('21.10.1996','DD.MM.RRRR'));
Insert into NUREKE.STAFF (STAFF_ID,ADDRESS_ID,BLOOD_BANK_ID,STAFF_CATEGORY_CODE,GENDER_MFU,STAFF_JOB_TITLE,STAFF_FIRST_NAME,STAFF_LAST_NAME,STAFF_BIRTH_DATE) values ('454','147','9','6','Male','VP Quality Control','Walt','Sherrocks',to_date('10.01.1960','DD.MM.RRRR'));
Insert into NUREKE.STAFF (STAFF_ID,ADDRESS_ID,BLOOD_BANK_ID,STAFF_CATEGORY_CODE,GENDER_MFU,STAFF_JOB_TITLE,STAFF_FIRST_NAME,STAFF_LAST_NAME,STAFF_BIRTH_DATE) values ('455','17','13','5','Male','Developer','Nurgali',null,to_date('18.12.2002','DD.MM.RRRR'));
Insert into NUREKE.STAFF (STAFF_ID,ADDRESS_ID,BLOOD_BANK_ID,STAFF_CATEGORY_CODE,GENDER_MFU,STAFF_JOB_TITLE,STAFF_FIRST_NAME,STAFF_LAST_NAME,STAFF_BIRTH_DATE) values ('1','281','9','5','Male','Senior Quality Engineer','Brita','Olexa',to_date('10.02.1974','DD.MM.RRRR'));
Insert into NUREKE.STAFF (STAFF_ID,ADDRESS_ID,BLOOD_BANK_ID,STAFF_CATEGORY_CODE,GENDER_MFU,STAFF_JOB_TITLE,STAFF_FIRST_NAME,STAFF_LAST_NAME,STAFF_BIRTH_DATE) values ('2','95','6','4','Female','Payment Adjustment Coordinator','Edan','Pendreigh',to_date('10.03.1985','DD.MM.RRRR'));
Insert into NUREKE.STAFF (STAFF_ID,ADDRESS_ID,BLOOD_BANK_ID,STAFF_CATEGORY_CODE,GENDER_MFU,STAFF_JOB_TITLE,STAFF_FIRST_NAME,STAFF_LAST_NAME,STAFF_BIRTH_DATE) values ('3','27','13','2','Male','Chemical Engineer','Tabbie','Linstead',to_date('11.04.2001','DD.MM.RRRR'));
Insert into NUREKE.STAFF (STAFF_ID,ADDRESS_ID,BLOOD_BANK_ID,STAFF_CATEGORY_CODE,GENDER_MFU,STAFF_JOB_TITLE,STAFF_FIRST_NAME,STAFF_LAST_NAME,STAFF_BIRTH_DATE) values ('4','46','7','5','Male','Engineer IV','Tallia','Kave',to_date('21.11.1963','DD.MM.RRRR'));
Insert into NUREKE.STAFF (STAFF_ID,ADDRESS_ID,BLOOD_BANK_ID,STAFF_CATEGORY_CODE,GENDER_MFU,STAFF_JOB_TITLE,STAFF_FIRST_NAME,STAFF_LAST_NAME,STAFF_BIRTH_DATE) values ('5','202','10','4','Female','Compensation Analyst','Constantia','Rawlinson',to_date('09.06.1967','DD.MM.RRRR'));
Insert into NUREKE.STAFF (STAFF_ID,ADDRESS_ID,BLOOD_BANK_ID,STAFF_CATEGORY_CODE,GENDER_MFU,STAFF_JOB_TITLE,STAFF_FIRST_NAME,STAFF_LAST_NAME,STAFF_BIRTH_DATE) values ('6','93','12','2','Male','Biostatistician III','Alfreda','Lind',to_date('14.02.1962','DD.MM.RRRR'));
Insert into NUREKE.STAFF (STAFF_ID,ADDRESS_ID,BLOOD_BANK_ID,STAFF_CATEGORY_CODE,GENDER_MFU,STAFF_JOB_TITLE,STAFF_FIRST_NAME,STAFF_LAST_NAME,STAFF_BIRTH_DATE) values ('7','220','1','3','Male','General Manager','Sophia','Donke',to_date('22.02.1968','DD.MM.RRRR'));
Insert into NUREKE.STAFF (STAFF_ID,ADDRESS_ID,BLOOD_BANK_ID,STAFF_CATEGORY_CODE,GENDER_MFU,STAFF_JOB_TITLE,STAFF_FIRST_NAME,STAFF_LAST_NAME,STAFF_BIRTH_DATE) values ('8','258','9','4','Male','Automation Specialist I','Loria','Jancey',to_date('15.11.2000','DD.MM.RRRR'));
Insert into NUREKE.STAFF (STAFF_ID,ADDRESS_ID,BLOOD_BANK_ID,STAFF_CATEGORY_CODE,GENDER_MFU,STAFF_JOB_TITLE,STAFF_FIRST_NAME,STAFF_LAST_NAME,STAFF_BIRTH_DATE) values ('9','22','8','3','Male','Editor','Chandler','Dowderswell',to_date('08.05.1982','DD.MM.RRRR'));
Insert into NUREKE.STAFF (STAFF_ID,ADDRESS_ID,BLOOD_BANK_ID,STAFF_CATEGORY_CODE,GENDER_MFU,STAFF_JOB_TITLE,STAFF_FIRST_NAME,STAFF_LAST_NAME,STAFF_BIRTH_DATE) values ('10','149','6','2','Male','Office Assistant IV','Odetta','Redmile',to_date('15.09.1976','DD.MM.RRRR'));
Insert into NUREKE.STAFF (STAFF_ID,ADDRESS_ID,BLOOD_BANK_ID,STAFF_CATEGORY_CODE,GENDER_MFU,STAFF_JOB_TITLE,STAFF_FIRST_NAME,STAFF_LAST_NAME,STAFF_BIRTH_DATE) values ('11','270','7','6','Male','Marketing Manager','Shem','Lewerenz',to_date('14.10.1983','DD.MM.RRRR'));
Insert into NUREKE.STAFF (STAFF_ID,ADDRESS_ID,BLOOD_BANK_ID,STAFF_CATEGORY_CODE,GENDER_MFU,STAFF_JOB_TITLE,STAFF_FIRST_NAME,STAFF_LAST_NAME,STAFF_BIRTH_DATE) values ('12','111','12','5','Female','Web Designer II','Rebecca','Lapwood',to_date('15.07.1989','DD.MM.RRRR'));
Insert into NUREKE.STAFF (STAFF_ID,ADDRESS_ID,BLOOD_BANK_ID,STAFF_CATEGORY_CODE,GENDER_MFU,STAFF_JOB_TITLE,STAFF_FIRST_NAME,STAFF_LAST_NAME,STAFF_BIRTH_DATE) values ('13','72','8','5','Male','Chemical Engineer','Way','Peppard',to_date('06.11.1985','DD.MM.RRRR'));
Insert into NUREKE.STAFF (STAFF_ID,ADDRESS_ID,BLOOD_BANK_ID,STAFF_CATEGORY_CODE,GENDER_MFU,STAFF_JOB_TITLE,STAFF_FIRST_NAME,STAFF_LAST_NAME,STAFF_BIRTH_DATE) values ('14','275','6','3','Female','Environmental Specialist','Kora','Grishelyov',to_date('18.10.1995','DD.MM.RRRR'));
Insert into NUREKE.STAFF (STAFF_ID,ADDRESS_ID,BLOOD_BANK_ID,STAFF_CATEGORY_CODE,GENDER_MFU,STAFF_JOB_TITLE,STAFF_FIRST_NAME,STAFF_LAST_NAME,STAFF_BIRTH_DATE) values ('15','138','10','2','Male','Environmental Tech','Merl','Whoston',to_date('26.07.1965','DD.MM.RRRR'));
Insert into NUREKE.STAFF (STAFF_ID,ADDRESS_ID,BLOOD_BANK_ID,STAFF_CATEGORY_CODE,GENDER_MFU,STAFF_JOB_TITLE,STAFF_FIRST_NAME,STAFF_LAST_NAME,STAFF_BIRTH_DATE) values ('16','212','12','6','Male','Social Worker','Arliene','Gascoyne',to_date('02.04.2000','DD.MM.RRRR'));
Insert into NUREKE.STAFF (STAFF_ID,ADDRESS_ID,BLOOD_BANK_ID,STAFF_CATEGORY_CODE,GENDER_MFU,STAFF_JOB_TITLE,STAFF_FIRST_NAME,STAFF_LAST_NAME,STAFF_BIRTH_DATE) values ('17','34','9','2','Female','Marketing Assistant','Shirlee','Poulsom',to_date('15.02.1974','DD.MM.RRRR'));
Insert into NUREKE.STAFF (STAFF_ID,ADDRESS_ID,BLOOD_BANK_ID,STAFF_CATEGORY_CODE,GENDER_MFU,STAFF_JOB_TITLE,STAFF_FIRST_NAME,STAFF_LAST_NAME,STAFF_BIRTH_DATE) values ('18','123','4','4','Male','Account Executive','Ermengarde','Skamell',to_date('01.06.1998','DD.MM.RRRR'));
Insert into NUREKE.STAFF (STAFF_ID,ADDRESS_ID,BLOOD_BANK_ID,STAFF_CATEGORY_CODE,GENDER_MFU,STAFF_JOB_TITLE,STAFF_FIRST_NAME,STAFF_LAST_NAME,STAFF_BIRTH_DATE) values ('19','83','9','5','Male','Safety Technician II','Vittoria','Mace',to_date('23.12.1969','DD.MM.RRRR'));
Insert into NUREKE.STAFF (STAFF_ID,ADDRESS_ID,BLOOD_BANK_ID,STAFF_CATEGORY_CODE,GENDER_MFU,STAFF_JOB_TITLE,STAFF_FIRST_NAME,STAFF_LAST_NAME,STAFF_BIRTH_DATE) values ('20','299','8','4','Female','Administrative Assistant I','Kamillah','Bierman',to_date('31.01.1975','DD.MM.RRRR'));
Insert into NUREKE.STAFF (STAFF_ID,ADDRESS_ID,BLOOD_BANK_ID,STAFF_CATEGORY_CODE,GENDER_MFU,STAFF_JOB_TITLE,STAFF_FIRST_NAME,STAFF_LAST_NAME,STAFF_BIRTH_DATE) values ('21','57','7','6','Male','Director of Sales','Valry','Woodburne',to_date('14.02.1994','DD.MM.RRRR'));
Insert into NUREKE.STAFF (STAFF_ID,ADDRESS_ID,BLOOD_BANK_ID,STAFF_CATEGORY_CODE,GENDER_MFU,STAFF_JOB_TITLE,STAFF_FIRST_NAME,STAFF_LAST_NAME,STAFF_BIRTH_DATE) values ('22','182','4','2','Male','VP Sales','Bellanca','Caslane',to_date('22.03.1962','DD.MM.RRRR'));
Insert into NUREKE.STAFF (STAFF_ID,ADDRESS_ID,BLOOD_BANK_ID,STAFF_CATEGORY_CODE,GENDER_MFU,STAFF_JOB_TITLE,STAFF_FIRST_NAME,STAFF_LAST_NAME,STAFF_BIRTH_DATE) values ('23','188','6','3','Female','Database Administrator II','Robin','Lashford',to_date('26.04.1982','DD.MM.RRRR'));
Insert into NUREKE.STAFF (STAFF_ID,ADDRESS_ID,BLOOD_BANK_ID,STAFF_CATEGORY_CODE,GENDER_MFU,STAFF_JOB_TITLE,STAFF_FIRST_NAME,STAFF_LAST_NAME,STAFF_BIRTH_DATE) values ('24','186','4','3','Male','Tax Accountant','Davin','Thirst',to_date('28.04.2000','DD.MM.RRRR'));
Insert into NUREKE.STAFF (STAFF_ID,ADDRESS_ID,BLOOD_BANK_ID,STAFF_CATEGORY_CODE,GENDER_MFU,STAFF_JOB_TITLE,STAFF_FIRST_NAME,STAFF_LAST_NAME,STAFF_BIRTH_DATE) values ('25','17','6','2','Female','Sales Associate','Carlyle','Arnould',to_date('07.11.1968','DD.MM.RRRR'));
Insert into NUREKE.STAFF (STAFF_ID,ADDRESS_ID,BLOOD_BANK_ID,STAFF_CATEGORY_CODE,GENDER_MFU,STAFF_JOB_TITLE,STAFF_FIRST_NAME,STAFF_LAST_NAME,STAFF_BIRTH_DATE) values ('26','13','8','6','Male','Analyst Programmer','Konrad','Algore',to_date('28.09.1966','DD.MM.RRRR'));
Insert into NUREKE.STAFF (STAFF_ID,ADDRESS_ID,BLOOD_BANK_ID,STAFF_CATEGORY_CODE,GENDER_MFU,STAFF_JOB_TITLE,STAFF_FIRST_NAME,STAFF_LAST_NAME,STAFF_BIRTH_DATE) values ('27','100','10','5','Female','Social Worker','Gennifer','Chevolleau',to_date('18.12.1993','DD.MM.RRRR'));
Insert into NUREKE.STAFF (STAFF_ID,ADDRESS_ID,BLOOD_BANK_ID,STAFF_CATEGORY_CODE,GENDER_MFU,STAFF_JOB_TITLE,STAFF_FIRST_NAME,STAFF_LAST_NAME,STAFF_BIRTH_DATE) values ('28','96','5','3','Female','Professor','Mellisa','Borth',to_date('03.05.1989','DD.MM.RRRR'));
Insert into NUREKE.STAFF (STAFF_ID,ADDRESS_ID,BLOOD_BANK_ID,STAFF_CATEGORY_CODE,GENDER_MFU,STAFF_JOB_TITLE,STAFF_FIRST_NAME,STAFF_LAST_NAME,STAFF_BIRTH_DATE) values ('29','149','12','5','Male','Physical Therapy Assistant','Pete','Cater',to_date('28.07.1979','DD.MM.RRRR'));
Insert into NUREKE.STAFF (STAFF_ID,ADDRESS_ID,BLOOD_BANK_ID,STAFF_CATEGORY_CODE,GENDER_MFU,STAFF_JOB_TITLE,STAFF_FIRST_NAME,STAFF_LAST_NAME,STAFF_BIRTH_DATE) values ('30','52','4','4','Male','Recruiting Manager','Bambi','Longman',to_date('24.10.1984','DD.MM.RRRR'));
Insert into NUREKE.STAFF (STAFF_ID,ADDRESS_ID,BLOOD_BANK_ID,STAFF_CATEGORY_CODE,GENDER_MFU,STAFF_JOB_TITLE,STAFF_FIRST_NAME,STAFF_LAST_NAME,STAFF_BIRTH_DATE) values ('31','118','7','2','Male','Help Desk Technician','Vitoria','Clitsome',to_date('23.11.1977','DD.MM.RRRR'));
Insert into NUREKE.STAFF (STAFF_ID,ADDRESS_ID,BLOOD_BANK_ID,STAFF_CATEGORY_CODE,GENDER_MFU,STAFF_JOB_TITLE,STAFF_FIRST_NAME,STAFF_LAST_NAME,STAFF_BIRTH_DATE) values ('32','233','7','4','Male','Recruiter','Evvy','Birdwhistell',to_date('25.08.1992','DD.MM.RRRR'));
Insert into NUREKE.STAFF (STAFF_ID,ADDRESS_ID,BLOOD_BANK_ID,STAFF_CATEGORY_CODE,GENDER_MFU,STAFF_JOB_TITLE,STAFF_FIRST_NAME,STAFF_LAST_NAME,STAFF_BIRTH_DATE) values ('33','94','8','2','Male','Programmer III','Vitoria','Spink',to_date('09.01.1973','DD.MM.RRRR'));
Insert into NUREKE.STAFF (STAFF_ID,ADDRESS_ID,BLOOD_BANK_ID,STAFF_CATEGORY_CODE,GENDER_MFU,STAFF_JOB_TITLE,STAFF_FIRST_NAME,STAFF_LAST_NAME,STAFF_BIRTH_DATE) values ('34','114','1','2','Female','Physical Therapy Assistant','Gretta','Kiddy',to_date('12.07.1980','DD.MM.RRRR'));
Insert into NUREKE.STAFF (STAFF_ID,ADDRESS_ID,BLOOD_BANK_ID,STAFF_CATEGORY_CODE,GENDER_MFU,STAFF_JOB_TITLE,STAFF_FIRST_NAME,STAFF_LAST_NAME,STAFF_BIRTH_DATE) values ('35','242','4','4','Male','Systems Administrator IV','Salaidh','Hadfield',to_date('29.11.1961','DD.MM.RRRR'));
Insert into NUREKE.STAFF (STAFF_ID,ADDRESS_ID,BLOOD_BANK_ID,STAFF_CATEGORY_CODE,GENDER_MFU,STAFF_JOB_TITLE,STAFF_FIRST_NAME,STAFF_LAST_NAME,STAFF_BIRTH_DATE) values ('36','47','2','5','Female','Financial Advisor','Sherwynd','Lillegard',to_date('09.10.1988','DD.MM.RRRR'));
Insert into NUREKE.STAFF (STAFF_ID,ADDRESS_ID,BLOOD_BANK_ID,STAFF_CATEGORY_CODE,GENDER_MFU,STAFF_JOB_TITLE,STAFF_FIRST_NAME,STAFF_LAST_NAME,STAFF_BIRTH_DATE) values ('37','278','7','5','Female','Civil Engineer','Gabriel','Bowler',to_date('26.07.1967','DD.MM.RRRR'));
Insert into NUREKE.STAFF (STAFF_ID,ADDRESS_ID,BLOOD_BANK_ID,STAFF_CATEGORY_CODE,GENDER_MFU,STAFF_JOB_TITLE,STAFF_FIRST_NAME,STAFF_LAST_NAME,STAFF_BIRTH_DATE) values ('38','283','13','3','Male','VP Product Management','Kevyn','Pieracci',to_date('27.08.1974','DD.MM.RRRR'));
Insert into NUREKE.STAFF (STAFF_ID,ADDRESS_ID,BLOOD_BANK_ID,STAFF_CATEGORY_CODE,GENDER_MFU,STAFF_JOB_TITLE,STAFF_FIRST_NAME,STAFF_LAST_NAME,STAFF_BIRTH_DATE) values ('40','100','13','4','Male','Account Representative III','Marijn','Feron',to_date('13.04.2000','DD.MM.RRRR'));
Insert into NUREKE.STAFF (STAFF_ID,ADDRESS_ID,BLOOD_BANK_ID,STAFF_CATEGORY_CODE,GENDER_MFU,STAFF_JOB_TITLE,STAFF_FIRST_NAME,STAFF_LAST_NAME,STAFF_BIRTH_DATE) values ('41','101','5','3','Male','VP Product Management','Horacio','Philpot',to_date('06.08.1964','DD.MM.RRRR'));
Insert into NUREKE.STAFF (STAFF_ID,ADDRESS_ID,BLOOD_BANK_ID,STAFF_CATEGORY_CODE,GENDER_MFU,STAFF_JOB_TITLE,STAFF_FIRST_NAME,STAFF_LAST_NAME,STAFF_BIRTH_DATE) values ('42','103','11','4','Female','Social Worker','Cathee','Leemans',to_date('12.02.1979','DD.MM.RRRR'));
Insert into NUREKE.STAFF (STAFF_ID,ADDRESS_ID,BLOOD_BANK_ID,STAFF_CATEGORY_CODE,GENDER_MFU,STAFF_JOB_TITLE,STAFF_FIRST_NAME,STAFF_LAST_NAME,STAFF_BIRTH_DATE) values ('43','269','9','3','Female','Geological Engineer','Riccardo','Cowlard',to_date('12.01.1961','DD.MM.RRRR'));
Insert into NUREKE.STAFF (STAFF_ID,ADDRESS_ID,BLOOD_BANK_ID,STAFF_CATEGORY_CODE,GENDER_MFU,STAFF_JOB_TITLE,STAFF_FIRST_NAME,STAFF_LAST_NAME,STAFF_BIRTH_DATE) values ('44','271','9','6','Male','Administrative Officer','Margarette','Vernazza',to_date('06.06.1967','DD.MM.RRRR'));
Insert into NUREKE.STAFF (STAFF_ID,ADDRESS_ID,BLOOD_BANK_ID,STAFF_CATEGORY_CODE,GENDER_MFU,STAFF_JOB_TITLE,STAFF_FIRST_NAME,STAFF_LAST_NAME,STAFF_BIRTH_DATE) values ('45','139','5','5','Female','Assistant Manager','Lammond','Jessel',to_date('27.11.1973','DD.MM.RRRR'));
Insert into NUREKE.STAFF (STAFF_ID,ADDRESS_ID,BLOOD_BANK_ID,STAFF_CATEGORY_CODE,GENDER_MFU,STAFF_JOB_TITLE,STAFF_FIRST_NAME,STAFF_LAST_NAME,STAFF_BIRTH_DATE) values ('46','60','13','4','Male','Database Administrator III','Harris','Leall',to_date('30.12.1991','DD.MM.RRRR'));
Insert into NUREKE.STAFF (STAFF_ID,ADDRESS_ID,BLOOD_BANK_ID,STAFF_CATEGORY_CODE,GENDER_MFU,STAFF_JOB_TITLE,STAFF_FIRST_NAME,STAFF_LAST_NAME,STAFF_BIRTH_DATE) values ('47','179','8','2','Female','Administrative Officer','Carita','Regi',to_date('17.06.1999','DD.MM.RRRR'));
Insert into NUREKE.STAFF (STAFF_ID,ADDRESS_ID,BLOOD_BANK_ID,STAFF_CATEGORY_CODE,GENDER_MFU,STAFF_JOB_TITLE,STAFF_FIRST_NAME,STAFF_LAST_NAME,STAFF_BIRTH_DATE) values ('48','78','1','2','Female','Information Systems Manager','Cele','Seppey',to_date('13.12.1960','DD.MM.RRRR'));
Insert into NUREKE.STAFF (STAFF_ID,ADDRESS_ID,BLOOD_BANK_ID,STAFF_CATEGORY_CODE,GENDER_MFU,STAFF_JOB_TITLE,STAFF_FIRST_NAME,STAFF_LAST_NAME,STAFF_BIRTH_DATE) values ('49','31','10','5','Male','Assistant Media Planner','Dara','Berni',to_date('10.02.1973','DD.MM.RRRR'));
Insert into NUREKE.STAFF (STAFF_ID,ADDRESS_ID,BLOOD_BANK_ID,STAFF_CATEGORY_CODE,GENDER_MFU,STAFF_JOB_TITLE,STAFF_FIRST_NAME,STAFF_LAST_NAME,STAFF_BIRTH_DATE) values ('50','127','1','2','Male','Health Coach III','Durand','Alcido',to_date('18.09.1964','DD.MM.RRRR'));
Insert into NUREKE.STAFF (STAFF_ID,ADDRESS_ID,BLOOD_BANK_ID,STAFF_CATEGORY_CODE,GENDER_MFU,STAFF_JOB_TITLE,STAFF_FIRST_NAME,STAFF_LAST_NAME,STAFF_BIRTH_DATE) values ('51','210','11','2','Female','Nurse Practicioner','Cheston','Hamnett',to_date('30.03.1966','DD.MM.RRRR'));
Insert into NUREKE.STAFF (STAFF_ID,ADDRESS_ID,BLOOD_BANK_ID,STAFF_CATEGORY_CODE,GENDER_MFU,STAFF_JOB_TITLE,STAFF_FIRST_NAME,STAFF_LAST_NAME,STAFF_BIRTH_DATE) values ('52','16','10','3','Male','Staff Accountant IV','Mic','Selkirk',to_date('09.11.1980','DD.MM.RRRR'));
Insert into NUREKE.STAFF (STAFF_ID,ADDRESS_ID,BLOOD_BANK_ID,STAFF_CATEGORY_CODE,GENDER_MFU,STAFF_JOB_TITLE,STAFF_FIRST_NAME,STAFF_LAST_NAME,STAFF_BIRTH_DATE) values ('53','247','12','5','Male','Recruiter','Roanne','Kimmerling',to_date('22.02.1992','DD.MM.RRRR'));
Insert into NUREKE.STAFF (STAFF_ID,ADDRESS_ID,BLOOD_BANK_ID,STAFF_CATEGORY_CODE,GENDER_MFU,STAFF_JOB_TITLE,STAFF_FIRST_NAME,STAFF_LAST_NAME,STAFF_BIRTH_DATE) values ('54','215','2','2','Female','Quality Engineer','Donn','Corp',to_date('20.12.1997','DD.MM.RRRR'));
Insert into NUREKE.STAFF (STAFF_ID,ADDRESS_ID,BLOOD_BANK_ID,STAFF_CATEGORY_CODE,GENDER_MFU,STAFF_JOB_TITLE,STAFF_FIRST_NAME,STAFF_LAST_NAME,STAFF_BIRTH_DATE) values ('55','238','5','4','Female','Occupational Therapist','Ferd','Galfour',to_date('03.02.1991','DD.MM.RRRR'));
Insert into NUREKE.STAFF (STAFF_ID,ADDRESS_ID,BLOOD_BANK_ID,STAFF_CATEGORY_CODE,GENDER_MFU,STAFF_JOB_TITLE,STAFF_FIRST_NAME,STAFF_LAST_NAME,STAFF_BIRTH_DATE) values ('56','178','8','4','Female','Developer II','Jefferey','Gaffey',to_date('29.07.2000','DD.MM.RRRR'));
Insert into NUREKE.STAFF (STAFF_ID,ADDRESS_ID,BLOOD_BANK_ID,STAFF_CATEGORY_CODE,GENDER_MFU,STAFF_JOB_TITLE,STAFF_FIRST_NAME,STAFF_LAST_NAME,STAFF_BIRTH_DATE) values ('57','284','6','3','Female','VP Sales','Brocky','Musgrave',to_date('02.10.1980','DD.MM.RRRR'));
Insert into NUREKE.STAFF (STAFF_ID,ADDRESS_ID,BLOOD_BANK_ID,STAFF_CATEGORY_CODE,GENDER_MFU,STAFF_JOB_TITLE,STAFF_FIRST_NAME,STAFF_LAST_NAME,STAFF_BIRTH_DATE) values ('58','144','10','4','Male','Pharmacist','Glad','Bodd',to_date('30.01.1996','DD.MM.RRRR'));
Insert into NUREKE.STAFF (STAFF_ID,ADDRESS_ID,BLOOD_BANK_ID,STAFF_CATEGORY_CODE,GENDER_MFU,STAFF_JOB_TITLE,STAFF_FIRST_NAME,STAFF_LAST_NAME,STAFF_BIRTH_DATE) values ('59','229','7','3','Female','Automation Specialist I','Melany','Illingsworth',to_date('17.12.1989','DD.MM.RRRR'));
Insert into NUREKE.STAFF (STAFF_ID,ADDRESS_ID,BLOOD_BANK_ID,STAFF_CATEGORY_CODE,GENDER_MFU,STAFF_JOB_TITLE,STAFF_FIRST_NAME,STAFF_LAST_NAME,STAFF_BIRTH_DATE) values ('60','23','6','2','Male','Analog Circuit Design manager','Noreen','Martlew',to_date('22.09.1990','DD.MM.RRRR'));
Insert into NUREKE.STAFF (STAFF_ID,ADDRESS_ID,BLOOD_BANK_ID,STAFF_CATEGORY_CODE,GENDER_MFU,STAFF_JOB_TITLE,STAFF_FIRST_NAME,STAFF_LAST_NAME,STAFF_BIRTH_DATE) values ('61','32','11','5','Male','Design Engineer','Thain','Melior',to_date('04.05.1985','DD.MM.RRRR'));
Insert into NUREKE.STAFF (STAFF_ID,ADDRESS_ID,BLOOD_BANK_ID,STAFF_CATEGORY_CODE,GENDER_MFU,STAFF_JOB_TITLE,STAFF_FIRST_NAME,STAFF_LAST_NAME,STAFF_BIRTH_DATE) values ('62','291','6','6','Female','Professor','Kellyann','Petre',to_date('03.02.1987','DD.MM.RRRR'));
Insert into NUREKE.STAFF (STAFF_ID,ADDRESS_ID,BLOOD_BANK_ID,STAFF_CATEGORY_CODE,GENDER_MFU,STAFF_JOB_TITLE,STAFF_FIRST_NAME,STAFF_LAST_NAME,STAFF_BIRTH_DATE) values ('63','282','2','3','Male','Quality Engineer','Dan','Allain',to_date('04.05.1972','DD.MM.RRRR'));
Insert into NUREKE.STAFF (STAFF_ID,ADDRESS_ID,BLOOD_BANK_ID,STAFF_CATEGORY_CODE,GENDER_MFU,STAFF_JOB_TITLE,STAFF_FIRST_NAME,STAFF_LAST_NAME,STAFF_BIRTH_DATE) values ('64','54','1','2','Male','Engineer I','Quintilla','Kidde',to_date('28.02.2001','DD.MM.RRRR'));
Insert into NUREKE.STAFF (STAFF_ID,ADDRESS_ID,BLOOD_BANK_ID,STAFF_CATEGORY_CODE,GENDER_MFU,STAFF_JOB_TITLE,STAFF_FIRST_NAME,STAFF_LAST_NAME,STAFF_BIRTH_DATE) values ('65','11','8','6','Female','Executive Secretary','Hermine','Isley',to_date('18.08.1989','DD.MM.RRRR'));
Insert into NUREKE.STAFF (STAFF_ID,ADDRESS_ID,BLOOD_BANK_ID,STAFF_CATEGORY_CODE,GENDER_MFU,STAFF_JOB_TITLE,STAFF_FIRST_NAME,STAFF_LAST_NAME,STAFF_BIRTH_DATE) values ('66','8','5','5','Female','Environmental Specialist','Etheline','Bauld',to_date('31.08.1985','DD.MM.RRRR'));
Insert into NUREKE.STAFF (STAFF_ID,ADDRESS_ID,BLOOD_BANK_ID,STAFF_CATEGORY_CODE,GENDER_MFU,STAFF_JOB_TITLE,STAFF_FIRST_NAME,STAFF_LAST_NAME,STAFF_BIRTH_DATE) values ('67','158','10','5','Female','Environmental Tech','Leshia','Kobpa',to_date('23.04.1973','DD.MM.RRRR'));
Insert into NUREKE.STAFF (STAFF_ID,ADDRESS_ID,BLOOD_BANK_ID,STAFF_CATEGORY_CODE,GENDER_MFU,STAFF_JOB_TITLE,STAFF_FIRST_NAME,STAFF_LAST_NAME,STAFF_BIRTH_DATE) values ('68','160','9','5','Male','Media Manager III','Jereme','Leirmonth',to_date('15.08.1983','DD.MM.RRRR'));
Insert into NUREKE.STAFF (STAFF_ID,ADDRESS_ID,BLOOD_BANK_ID,STAFF_CATEGORY_CODE,GENDER_MFU,STAFF_JOB_TITLE,STAFF_FIRST_NAME,STAFF_LAST_NAME,STAFF_BIRTH_DATE) values ('69','72','9','2','Female','Marketing Manager','Marv','Arent',to_date('18.12.1972','DD.MM.RRRR'));
Insert into NUREKE.STAFF (STAFF_ID,ADDRESS_ID,BLOOD_BANK_ID,STAFF_CATEGORY_CODE,GENDER_MFU,STAFF_JOB_TITLE,STAFF_FIRST_NAME,STAFF_LAST_NAME,STAFF_BIRTH_DATE) values ('70','163','1','4','Female','Mechanical Systems Engineer','Jeremy','Meritt',to_date('30.11.1960','DD.MM.RRRR'));
Insert into NUREKE.STAFF (STAFF_ID,ADDRESS_ID,BLOOD_BANK_ID,STAFF_CATEGORY_CODE,GENDER_MFU,STAFF_JOB_TITLE,STAFF_FIRST_NAME,STAFF_LAST_NAME,STAFF_BIRTH_DATE) values ('71','152','5','3','Male','Account Representative I','Myron','Burress',to_date('16.08.1959','DD.MM.RRRR'));
Insert into NUREKE.STAFF (STAFF_ID,ADDRESS_ID,BLOOD_BANK_ID,STAFF_CATEGORY_CODE,GENDER_MFU,STAFF_JOB_TITLE,STAFF_FIRST_NAME,STAFF_LAST_NAME,STAFF_BIRTH_DATE) values ('72','222','1','6','Female','Sales Associate','Valencia','Esche',to_date('16.12.1971','DD.MM.RRRR'));
Insert into NUREKE.STAFF (STAFF_ID,ADDRESS_ID,BLOOD_BANK_ID,STAFF_CATEGORY_CODE,GENDER_MFU,STAFF_JOB_TITLE,STAFF_FIRST_NAME,STAFF_LAST_NAME,STAFF_BIRTH_DATE) values ('73','139','1','6','Male','Research Assistant II','Tammie','Grindley',to_date('07.03.1985','DD.MM.RRRR'));
Insert into NUREKE.STAFF (STAFF_ID,ADDRESS_ID,BLOOD_BANK_ID,STAFF_CATEGORY_CODE,GENDER_MFU,STAFF_JOB_TITLE,STAFF_FIRST_NAME,STAFF_LAST_NAME,STAFF_BIRTH_DATE) values ('74','65','11','2','Female','Director of Sales','Dinnie','Roskelly',to_date('07.11.1962','DD.MM.RRRR'));
Insert into NUREKE.STAFF (STAFF_ID,ADDRESS_ID,BLOOD_BANK_ID,STAFF_CATEGORY_CODE,GENDER_MFU,STAFF_JOB_TITLE,STAFF_FIRST_NAME,STAFF_LAST_NAME,STAFF_BIRTH_DATE) values ('75','63','1','4','Male','Engineer IV','Carma','Arendsen',to_date('29.05.2000','DD.MM.RRRR'));
Insert into NUREKE.STAFF (STAFF_ID,ADDRESS_ID,BLOOD_BANK_ID,STAFF_CATEGORY_CODE,GENDER_MFU,STAFF_JOB_TITLE,STAFF_FIRST_NAME,STAFF_LAST_NAME,STAFF_BIRTH_DATE) values ('76','50','1','2','Male','Budget/Accounting Analyst I','Myrtice','Cotterel',to_date('20.07.1968','DD.MM.RRRR'));
Insert into NUREKE.STAFF (STAFF_ID,ADDRESS_ID,BLOOD_BANK_ID,STAFF_CATEGORY_CODE,GENDER_MFU,STAFF_JOB_TITLE,STAFF_FIRST_NAME,STAFF_LAST_NAME,STAFF_BIRTH_DATE) values ('77','144','6','3','Male','Database Administrator II','Crissy','Cotherill',to_date('24.12.1990','DD.MM.RRRR'));
Insert into NUREKE.STAFF (STAFF_ID,ADDRESS_ID,BLOOD_BANK_ID,STAFF_CATEGORY_CODE,GENDER_MFU,STAFF_JOB_TITLE,STAFF_FIRST_NAME,STAFF_LAST_NAME,STAFF_BIRTH_DATE) values ('78','83','7','2','Male','Assistant Manager','Rouvin','Norledge',to_date('18.08.1968','DD.MM.RRRR'));
Insert into NUREKE.STAFF (STAFF_ID,ADDRESS_ID,BLOOD_BANK_ID,STAFF_CATEGORY_CODE,GENDER_MFU,STAFF_JOB_TITLE,STAFF_FIRST_NAME,STAFF_LAST_NAME,STAFF_BIRTH_DATE) values ('79','241','7','6','Male','Financial Advisor','Lucky','Letten',to_date('16.09.1982','DD.MM.RRRR'));
Insert into NUREKE.STAFF (STAFF_ID,ADDRESS_ID,BLOOD_BANK_ID,STAFF_CATEGORY_CODE,GENDER_MFU,STAFF_JOB_TITLE,STAFF_FIRST_NAME,STAFF_LAST_NAME,STAFF_BIRTH_DATE) values ('80','180','6','6','Male','Dental Hygienist','Emmalyn','Djuricic',to_date('03.08.1979','DD.MM.RRRR'));
Insert into NUREKE.STAFF (STAFF_ID,ADDRESS_ID,BLOOD_BANK_ID,STAFF_CATEGORY_CODE,GENDER_MFU,STAFF_JOB_TITLE,STAFF_FIRST_NAME,STAFF_LAST_NAME,STAFF_BIRTH_DATE) values ('81','180','5','3','Male','Web Developer IV','Klarika','Dorrell',to_date('15.08.1972','DD.MM.RRRR'));
Insert into NUREKE.STAFF (STAFF_ID,ADDRESS_ID,BLOOD_BANK_ID,STAFF_CATEGORY_CODE,GENDER_MFU,STAFF_JOB_TITLE,STAFF_FIRST_NAME,STAFF_LAST_NAME,STAFF_BIRTH_DATE) values ('82','126','10','6','Male','Occupational Therapist','Inglebert','Tockell',to_date('28.05.1964','DD.MM.RRRR'));
Insert into NUREKE.STAFF (STAFF_ID,ADDRESS_ID,BLOOD_BANK_ID,STAFF_CATEGORY_CODE,GENDER_MFU,STAFF_JOB_TITLE,STAFF_FIRST_NAME,STAFF_LAST_NAME,STAFF_BIRTH_DATE) values ('83','55','6','3','Female','Chemical Engineer','Isaiah','Dun',to_date('12.05.1966','DD.MM.RRRR'));
Insert into NUREKE.STAFF (STAFF_ID,ADDRESS_ID,BLOOD_BANK_ID,STAFF_CATEGORY_CODE,GENDER_MFU,STAFF_JOB_TITLE,STAFF_FIRST_NAME,STAFF_LAST_NAME,STAFF_BIRTH_DATE) values ('84','28','8','4','Male','Analog Circuit Design manager','Barrett','Patley',to_date('28.12.1968','DD.MM.RRRR'));
Insert into NUREKE.STAFF (STAFF_ID,ADDRESS_ID,BLOOD_BANK_ID,STAFF_CATEGORY_CODE,GENDER_MFU,STAFF_JOB_TITLE,STAFF_FIRST_NAME,STAFF_LAST_NAME,STAFF_BIRTH_DATE) values ('85','184','5','4','Female','Internal Auditor','Suzy','De Bruyn',to_date('28.12.1975','DD.MM.RRRR'));
Insert into NUREKE.STAFF (STAFF_ID,ADDRESS_ID,BLOOD_BANK_ID,STAFF_CATEGORY_CODE,GENDER_MFU,STAFF_JOB_TITLE,STAFF_FIRST_NAME,STAFF_LAST_NAME,STAFF_BIRTH_DATE) values ('86','248','6','2','Male','Office Assistant IV','Murdoch','Fairchild',to_date('16.02.1963','DD.MM.RRRR'));
Insert into NUREKE.STAFF (STAFF_ID,ADDRESS_ID,BLOOD_BANK_ID,STAFF_CATEGORY_CODE,GENDER_MFU,STAFF_JOB_TITLE,STAFF_FIRST_NAME,STAFF_LAST_NAME,STAFF_BIRTH_DATE) values ('87','99','4','6','Male','Teacher','Judy','Greenroad',to_date('07.01.1964','DD.MM.RRRR'));
Insert into NUREKE.STAFF (STAFF_ID,ADDRESS_ID,BLOOD_BANK_ID,STAFF_CATEGORY_CODE,GENDER_MFU,STAFF_JOB_TITLE,STAFF_FIRST_NAME,STAFF_LAST_NAME,STAFF_BIRTH_DATE) values ('88','149','12','5','Male','Programmer Analyst II','Catarina','Kittow',to_date('19.05.1967','DD.MM.RRRR'));
Insert into NUREKE.STAFF (STAFF_ID,ADDRESS_ID,BLOOD_BANK_ID,STAFF_CATEGORY_CODE,GENDER_MFU,STAFF_JOB_TITLE,STAFF_FIRST_NAME,STAFF_LAST_NAME,STAFF_BIRTH_DATE) values ('89','126','9','6','Male','Design Engineer','Delinda','Abarough',to_date('22.05.1998','DD.MM.RRRR'));
Insert into NUREKE.STAFF (STAFF_ID,ADDRESS_ID,BLOOD_BANK_ID,STAFF_CATEGORY_CODE,GENDER_MFU,STAFF_JOB_TITLE,STAFF_FIRST_NAME,STAFF_LAST_NAME,STAFF_BIRTH_DATE) values ('90','266','9','3','Female','Help Desk Technician','Casi','McBrady',to_date('07.08.1982','DD.MM.RRRR'));
Insert into NUREKE.STAFF (STAFF_ID,ADDRESS_ID,BLOOD_BANK_ID,STAFF_CATEGORY_CODE,GENDER_MFU,STAFF_JOB_TITLE,STAFF_FIRST_NAME,STAFF_LAST_NAME,STAFF_BIRTH_DATE) values ('91','80','11','3','Female','VP Quality Control','Bren','Slowley',to_date('11.03.1968','DD.MM.RRRR'));
Insert into NUREKE.STAFF (STAFF_ID,ADDRESS_ID,BLOOD_BANK_ID,STAFF_CATEGORY_CODE,GENDER_MFU,STAFF_JOB_TITLE,STAFF_FIRST_NAME,STAFF_LAST_NAME,STAFF_BIRTH_DATE) values ('92','235','9','4','Female','General Manager','Ursola','Shrimptone',to_date('19.04.1983','DD.MM.RRRR'));
Insert into NUREKE.STAFF (STAFF_ID,ADDRESS_ID,BLOOD_BANK_ID,STAFF_CATEGORY_CODE,GENDER_MFU,STAFF_JOB_TITLE,STAFF_FIRST_NAME,STAFF_LAST_NAME,STAFF_BIRTH_DATE) values ('93','91','6','2','Male','Engineer II','Sherm','Meffen',to_date('26.05.1964','DD.MM.RRRR'));
Insert into NUREKE.STAFF (STAFF_ID,ADDRESS_ID,BLOOD_BANK_ID,STAFF_CATEGORY_CODE,GENDER_MFU,STAFF_JOB_TITLE,STAFF_FIRST_NAME,STAFF_LAST_NAME,STAFF_BIRTH_DATE) values ('94','60','12','2','Male','Assistant Professor','Shelton','Huxham',to_date('22.08.1982','DD.MM.RRRR'));
Insert into NUREKE.STAFF (STAFF_ID,ADDRESS_ID,BLOOD_BANK_ID,STAFF_CATEGORY_CODE,GENDER_MFU,STAFF_JOB_TITLE,STAFF_FIRST_NAME,STAFF_LAST_NAME,STAFF_BIRTH_DATE) values ('95','61','11','6','Female','Senior Cost Accountant','Leroi','Uff',to_date('01.03.1978','DD.MM.RRRR'));
Insert into NUREKE.STAFF (STAFF_ID,ADDRESS_ID,BLOOD_BANK_ID,STAFF_CATEGORY_CODE,GENDER_MFU,STAFF_JOB_TITLE,STAFF_FIRST_NAME,STAFF_LAST_NAME,STAFF_BIRTH_DATE) values ('96','198','8','2','Female','Senior Financial Analyst','Lodovico','Fulford',to_date('09.02.1971','DD.MM.RRRR'));
Insert into NUREKE.STAFF (STAFF_ID,ADDRESS_ID,BLOOD_BANK_ID,STAFF_CATEGORY_CODE,GENDER_MFU,STAFF_JOB_TITLE,STAFF_FIRST_NAME,STAFF_LAST_NAME,STAFF_BIRTH_DATE) values ('97','260','2','3','Female','Research Nurse','Paige','Ivakhnov',to_date('11.05.1969','DD.MM.RRRR'));
Insert into NUREKE.STAFF (STAFF_ID,ADDRESS_ID,BLOOD_BANK_ID,STAFF_CATEGORY_CODE,GENDER_MFU,STAFF_JOB_TITLE,STAFF_FIRST_NAME,STAFF_LAST_NAME,STAFF_BIRTH_DATE) values ('98','117','2','5','Male','Systems Administrator III','Sayers','Fleisch',to_date('24.03.1980','DD.MM.RRRR'));
Insert into NUREKE.STAFF (STAFF_ID,ADDRESS_ID,BLOOD_BANK_ID,STAFF_CATEGORY_CODE,GENDER_MFU,STAFF_JOB_TITLE,STAFF_FIRST_NAME,STAFF_LAST_NAME,STAFF_BIRTH_DATE) values ('99','48','5','2','Female','Account Executive','Karie','Codlin',to_date('31.08.1989','DD.MM.RRRR'));
Insert into NUREKE.STAFF (STAFF_ID,ADDRESS_ID,BLOOD_BANK_ID,STAFF_CATEGORY_CODE,GENDER_MFU,STAFF_JOB_TITLE,STAFF_FIRST_NAME,STAFF_LAST_NAME,STAFF_BIRTH_DATE) values ('100','182','9','3','Female','Analog Circuit Design manager','Virgie','Klemencic',to_date('16.11.1977','DD.MM.RRRR'));
Insert into NUREKE.STAFF (STAFF_ID,ADDRESS_ID,BLOOD_BANK_ID,STAFF_CATEGORY_CODE,GENDER_MFU,STAFF_JOB_TITLE,STAFF_FIRST_NAME,STAFF_LAST_NAME,STAFF_BIRTH_DATE) values ('101','54','8','2','Male','Junior Executive','Cristiano','Gilbert',to_date('13.01.2000','DD.MM.RRRR'));
Insert into NUREKE.STAFF (STAFF_ID,ADDRESS_ID,BLOOD_BANK_ID,STAFF_CATEGORY_CODE,GENDER_MFU,STAFF_JOB_TITLE,STAFF_FIRST_NAME,STAFF_LAST_NAME,STAFF_BIRTH_DATE) values ('102','292','2','2','Male','Programmer Analyst III','Darcy','Gogin',to_date('20.01.1960','DD.MM.RRRR'));
Insert into NUREKE.STAFF (STAFF_ID,ADDRESS_ID,BLOOD_BANK_ID,STAFF_CATEGORY_CODE,GENDER_MFU,STAFF_JOB_TITLE,STAFF_FIRST_NAME,STAFF_LAST_NAME,STAFF_BIRTH_DATE) values ('103','32','10','6','Female','Staff Accountant III','Norah','Bayns',to_date('09.12.1986','DD.MM.RRRR'));
Insert into NUREKE.STAFF (STAFF_ID,ADDRESS_ID,BLOOD_BANK_ID,STAFF_CATEGORY_CODE,GENDER_MFU,STAFF_JOB_TITLE,STAFF_FIRST_NAME,STAFF_LAST_NAME,STAFF_BIRTH_DATE) values ('104','85','4','6','Female','Tax Accountant','Valeria','Kulicke',to_date('11.02.2001','DD.MM.RRRR'));
Insert into NUREKE.STAFF (STAFF_ID,ADDRESS_ID,BLOOD_BANK_ID,STAFF_CATEGORY_CODE,GENDER_MFU,STAFF_JOB_TITLE,STAFF_FIRST_NAME,STAFF_LAST_NAME,STAFF_BIRTH_DATE) values ('106','165','9','2','Female','Systems Administrator I','Merle','Yakovitch',to_date('08.01.1975','DD.MM.RRRR'));
Insert into NUREKE.STAFF (STAFF_ID,ADDRESS_ID,BLOOD_BANK_ID,STAFF_CATEGORY_CODE,GENDER_MFU,STAFF_JOB_TITLE,STAFF_FIRST_NAME,STAFF_LAST_NAME,STAFF_BIRTH_DATE) values ('107','81','10','3','Female','Project Manager','Lacee','O''Scollain',to_date('13.08.1960','DD.MM.RRRR'));
Insert into NUREKE.STAFF (STAFF_ID,ADDRESS_ID,BLOOD_BANK_ID,STAFF_CATEGORY_CODE,GENDER_MFU,STAFF_JOB_TITLE,STAFF_FIRST_NAME,STAFF_LAST_NAME,STAFF_BIRTH_DATE) values ('108','300','4','2','Female','Database Administrator I','Vick','St. Louis',to_date('09.04.1962','DD.MM.RRRR'));
Insert into NUREKE.STAFF (STAFF_ID,ADDRESS_ID,BLOOD_BANK_ID,STAFF_CATEGORY_CODE,GENDER_MFU,STAFF_JOB_TITLE,STAFF_FIRST_NAME,STAFF_LAST_NAME,STAFF_BIRTH_DATE) values ('109','44','8','5','Male','Senior Financial Analyst','Clerkclaude','Hinkins',to_date('04.12.1978','DD.MM.RRRR'));
Insert into NUREKE.STAFF (STAFF_ID,ADDRESS_ID,BLOOD_BANK_ID,STAFF_CATEGORY_CODE,GENDER_MFU,STAFF_JOB_TITLE,STAFF_FIRST_NAME,STAFF_LAST_NAME,STAFF_BIRTH_DATE) values ('110','5','12','5','Male','Senior Editor','Don','Boys',to_date('31.12.1985','DD.MM.RRRR'));
Insert into NUREKE.STAFF (STAFF_ID,ADDRESS_ID,BLOOD_BANK_ID,STAFF_CATEGORY_CODE,GENDER_MFU,STAFF_JOB_TITLE,STAFF_FIRST_NAME,STAFF_LAST_NAME,STAFF_BIRTH_DATE) values ('111','11','9','5','Male','Occupational Therapist','Kevina','Sparwell',to_date('04.05.1975','DD.MM.RRRR'));
Insert into NUREKE.STAFF (STAFF_ID,ADDRESS_ID,BLOOD_BANK_ID,STAFF_CATEGORY_CODE,GENDER_MFU,STAFF_JOB_TITLE,STAFF_FIRST_NAME,STAFF_LAST_NAME,STAFF_BIRTH_DATE) values ('112','297','7','3','Female','Web Developer IV','Helge','Dielhenn',to_date('22.06.1983','DD.MM.RRRR'));
Insert into NUREKE.STAFF (STAFF_ID,ADDRESS_ID,BLOOD_BANK_ID,STAFF_CATEGORY_CODE,GENDER_MFU,STAFF_JOB_TITLE,STAFF_FIRST_NAME,STAFF_LAST_NAME,STAFF_BIRTH_DATE) values ('113','180','2','6','Female','VP Marketing','Krystyna','Rosenwald',to_date('21.06.1961','DD.MM.RRRR'));
Insert into NUREKE.STAFF (STAFF_ID,ADDRESS_ID,BLOOD_BANK_ID,STAFF_CATEGORY_CODE,GENDER_MFU,STAFF_JOB_TITLE,STAFF_FIRST_NAME,STAFF_LAST_NAME,STAFF_BIRTH_DATE) values ('114','48','3','5','Female','Automation Specialist II','Rees','Brumfitt',to_date('16.02.1974','DD.MM.RRRR'));
Insert into NUREKE.STAFF (STAFF_ID,ADDRESS_ID,BLOOD_BANK_ID,STAFF_CATEGORY_CODE,GENDER_MFU,STAFF_JOB_TITLE,STAFF_FIRST_NAME,STAFF_LAST_NAME,STAFF_BIRTH_DATE) values ('115','219','8','2','Male','Project Manager','Sheffield','Manville',to_date('16.04.1972','DD.MM.RRRR'));
Insert into NUREKE.STAFF (STAFF_ID,ADDRESS_ID,BLOOD_BANK_ID,STAFF_CATEGORY_CODE,GENDER_MFU,STAFF_JOB_TITLE,STAFF_FIRST_NAME,STAFF_LAST_NAME,STAFF_BIRTH_DATE) values ('116','154','8','2','Male','Web Developer II','Sly','Nemchinov',to_date('01.11.1978','DD.MM.RRRR'));
Insert into NUREKE.STAFF (STAFF_ID,ADDRESS_ID,BLOOD_BANK_ID,STAFF_CATEGORY_CODE,GENDER_MFU,STAFF_JOB_TITLE,STAFF_FIRST_NAME,STAFF_LAST_NAME,STAFF_BIRTH_DATE) values ('117','50','9','4','Female','Editor','Ulric','de Copeman',to_date('23.07.1968','DD.MM.RRRR'));
Insert into NUREKE.STAFF (STAFF_ID,ADDRESS_ID,BLOOD_BANK_ID,STAFF_CATEGORY_CODE,GENDER_MFU,STAFF_JOB_TITLE,STAFF_FIRST_NAME,STAFF_LAST_NAME,STAFF_BIRTH_DATE) values ('118','255','1','2','Female','Account Coordinator','Sanford','Rudsdell',to_date('03.01.1979','DD.MM.RRRR'));
Insert into NUREKE.STAFF (STAFF_ID,ADDRESS_ID,BLOOD_BANK_ID,STAFF_CATEGORY_CODE,GENDER_MFU,STAFF_JOB_TITLE,STAFF_FIRST_NAME,STAFF_LAST_NAME,STAFF_BIRTH_DATE) values ('119','11','10','3','Female','Staff Scientist','Aldrich','Nerney',to_date('18.05.1961','DD.MM.RRRR'));
Insert into NUREKE.STAFF (STAFF_ID,ADDRESS_ID,BLOOD_BANK_ID,STAFF_CATEGORY_CODE,GENDER_MFU,STAFF_JOB_TITLE,STAFF_FIRST_NAME,STAFF_LAST_NAME,STAFF_BIRTH_DATE) values ('120','85','3','4','Female','Civil Engineer','Rutherford','Corbie',to_date('12.03.1995','DD.MM.RRRR'));
Insert into NUREKE.STAFF (STAFF_ID,ADDRESS_ID,BLOOD_BANK_ID,STAFF_CATEGORY_CODE,GENDER_MFU,STAFF_JOB_TITLE,STAFF_FIRST_NAME,STAFF_LAST_NAME,STAFF_BIRTH_DATE) values ('121','295','5','5','Female','Clinical Specialist','Alika','Von Welldun',to_date('05.06.1980','DD.MM.RRRR'));
Insert into NUREKE.STAFF (STAFF_ID,ADDRESS_ID,BLOOD_BANK_ID,STAFF_CATEGORY_CODE,GENDER_MFU,STAFF_JOB_TITLE,STAFF_FIRST_NAME,STAFF_LAST_NAME,STAFF_BIRTH_DATE) values ('122','190','8','6','Male','Database Administrator I','Levi','Bamb',to_date('30.07.1984','DD.MM.RRRR'));
Insert into NUREKE.STAFF (STAFF_ID,ADDRESS_ID,BLOOD_BANK_ID,STAFF_CATEGORY_CODE,GENDER_MFU,STAFF_JOB_TITLE,STAFF_FIRST_NAME,STAFF_LAST_NAME,STAFF_BIRTH_DATE) values ('123','197','12','3','Male','Sales Representative','Larine','Peachman',to_date('23.11.1987','DD.MM.RRRR'));
Insert into NUREKE.STAFF (STAFF_ID,ADDRESS_ID,BLOOD_BANK_ID,STAFF_CATEGORY_CODE,GENDER_MFU,STAFF_JOB_TITLE,STAFF_FIRST_NAME,STAFF_LAST_NAME,STAFF_BIRTH_DATE) values ('124','28','5','2','Male','Software Test Engineer II','Rik','Tousey',to_date('21.04.1961','DD.MM.RRRR'));
Insert into NUREKE.STAFF (STAFF_ID,ADDRESS_ID,BLOOD_BANK_ID,STAFF_CATEGORY_CODE,GENDER_MFU,STAFF_JOB_TITLE,STAFF_FIRST_NAME,STAFF_LAST_NAME,STAFF_BIRTH_DATE) values ('125','265','2','6','Male','Senior Sales Associate','Bay','Leeuwerink',to_date('31.08.1985','DD.MM.RRRR'));
Insert into NUREKE.STAFF (STAFF_ID,ADDRESS_ID,BLOOD_BANK_ID,STAFF_CATEGORY_CODE,GENDER_MFU,STAFF_JOB_TITLE,STAFF_FIRST_NAME,STAFF_LAST_NAME,STAFF_BIRTH_DATE) values ('126','19','6','6','Male','Compensation Analyst','Martie','Bradick',to_date('13.05.1978','DD.MM.RRRR'));
Insert into NUREKE.STAFF (STAFF_ID,ADDRESS_ID,BLOOD_BANK_ID,STAFF_CATEGORY_CODE,GENDER_MFU,STAFF_JOB_TITLE,STAFF_FIRST_NAME,STAFF_LAST_NAME,STAFF_BIRTH_DATE) values ('127','215','2','2','Female','Civil Engineer','Carrol','Scones',to_date('02.10.1996','DD.MM.RRRR'));
Insert into NUREKE.STAFF (STAFF_ID,ADDRESS_ID,BLOOD_BANK_ID,STAFF_CATEGORY_CODE,GENDER_MFU,STAFF_JOB_TITLE,STAFF_FIRST_NAME,STAFF_LAST_NAME,STAFF_BIRTH_DATE) values ('128','43','1','2','Male','Financial Advisor','Huntlee','Johnes',to_date('14.07.1959','DD.MM.RRRR'));
Insert into NUREKE.STAFF (STAFF_ID,ADDRESS_ID,BLOOD_BANK_ID,STAFF_CATEGORY_CODE,GENDER_MFU,STAFF_JOB_TITLE,STAFF_FIRST_NAME,STAFF_LAST_NAME,STAFF_BIRTH_DATE) values ('129','118','4','2','Male','Account Representative II','Sabra','Heis',to_date('05.09.1965','DD.MM.RRRR'));
Insert into NUREKE.STAFF (STAFF_ID,ADDRESS_ID,BLOOD_BANK_ID,STAFF_CATEGORY_CODE,GENDER_MFU,STAFF_JOB_TITLE,STAFF_FIRST_NAME,STAFF_LAST_NAME,STAFF_BIRTH_DATE) values ('130','57','12','5','Female','Software Engineer I','Glenden','Broke',to_date('21.12.1987','DD.MM.RRRR'));
Insert into NUREKE.STAFF (STAFF_ID,ADDRESS_ID,BLOOD_BANK_ID,STAFF_CATEGORY_CODE,GENDER_MFU,STAFF_JOB_TITLE,STAFF_FIRST_NAME,STAFF_LAST_NAME,STAFF_BIRTH_DATE) values ('131','259','12','5','Male','Product Engineer','Lettie','Geke',to_date('28.01.1990','DD.MM.RRRR'));
Insert into NUREKE.STAFF (STAFF_ID,ADDRESS_ID,BLOOD_BANK_ID,STAFF_CATEGORY_CODE,GENDER_MFU,STAFF_JOB_TITLE,STAFF_FIRST_NAME,STAFF_LAST_NAME,STAFF_BIRTH_DATE) values ('132','98','13','2','Female','VP Product Management','Cora','Tooting',to_date('19.06.1977','DD.MM.RRRR'));
Insert into NUREKE.STAFF (STAFF_ID,ADDRESS_ID,BLOOD_BANK_ID,STAFF_CATEGORY_CODE,GENDER_MFU,STAFF_JOB_TITLE,STAFF_FIRST_NAME,STAFF_LAST_NAME,STAFF_BIRTH_DATE) values ('133','38','13','5','Female','Health Coach I','Annalee','Wakerley',to_date('15.06.1978','DD.MM.RRRR'));
Insert into NUREKE.STAFF (STAFF_ID,ADDRESS_ID,BLOOD_BANK_ID,STAFF_CATEGORY_CODE,GENDER_MFU,STAFF_JOB_TITLE,STAFF_FIRST_NAME,STAFF_LAST_NAME,STAFF_BIRTH_DATE) values ('134','227','5','6','Female','VP Accounting','Kale','Brickell',to_date('07.10.1996','DD.MM.RRRR'));
Insert into NUREKE.STAFF (STAFF_ID,ADDRESS_ID,BLOOD_BANK_ID,STAFF_CATEGORY_CODE,GENDER_MFU,STAFF_JOB_TITLE,STAFF_FIRST_NAME,STAFF_LAST_NAME,STAFF_BIRTH_DATE) values ('135','37','5','4','Female','VP Marketing','Rozella','Helsdon',to_date('27.04.1965','DD.MM.RRRR'));
Insert into NUREKE.STAFF (STAFF_ID,ADDRESS_ID,BLOOD_BANK_ID,STAFF_CATEGORY_CODE,GENDER_MFU,STAFF_JOB_TITLE,STAFF_FIRST_NAME,STAFF_LAST_NAME,STAFF_BIRTH_DATE) values ('136','118','9','4','Male','Biostatistician IV','Hendrik','Mingay',to_date('14.08.1998','DD.MM.RRRR'));
Insert into NUREKE.STAFF (STAFF_ID,ADDRESS_ID,BLOOD_BANK_ID,STAFF_CATEGORY_CODE,GENDER_MFU,STAFF_JOB_TITLE,STAFF_FIRST_NAME,STAFF_LAST_NAME,STAFF_BIRTH_DATE) values ('137','239','9','2','Female','Senior Cost Accountant','Gail','Mariotte',to_date('01.02.1992','DD.MM.RRRR'));
Insert into NUREKE.STAFF (STAFF_ID,ADDRESS_ID,BLOOD_BANK_ID,STAFF_CATEGORY_CODE,GENDER_MFU,STAFF_JOB_TITLE,STAFF_FIRST_NAME,STAFF_LAST_NAME,STAFF_BIRTH_DATE) values ('138','133','13','4','Female','Community Outreach Specialist','Clerkclaude','Elloy',to_date('12.02.1996','DD.MM.RRRR'));
Insert into NUREKE.STAFF (STAFF_ID,ADDRESS_ID,BLOOD_BANK_ID,STAFF_CATEGORY_CODE,GENDER_MFU,STAFF_JOB_TITLE,STAFF_FIRST_NAME,STAFF_LAST_NAME,STAFF_BIRTH_DATE) values ('139','39','9','5','Male','Physical Therapy Assistant','Latisha','Kingsbury',to_date('26.08.1981','DD.MM.RRRR'));
Insert into NUREKE.STAFF (STAFF_ID,ADDRESS_ID,BLOOD_BANK_ID,STAFF_CATEGORY_CODE,GENDER_MFU,STAFF_JOB_TITLE,STAFF_FIRST_NAME,STAFF_LAST_NAME,STAFF_BIRTH_DATE) values ('140','30','2','2','Male','Cost Accountant','Alfy','Barca',to_date('14.07.1967','DD.MM.RRRR'));
Insert into NUREKE.STAFF (STAFF_ID,ADDRESS_ID,BLOOD_BANK_ID,STAFF_CATEGORY_CODE,GENDER_MFU,STAFF_JOB_TITLE,STAFF_FIRST_NAME,STAFF_LAST_NAME,STAFF_BIRTH_DATE) values ('141','236','12','6','Female','Product Engineer','Janeva','Rhelton',to_date('17.12.1972','DD.MM.RRRR'));
Insert into NUREKE.STAFF (STAFF_ID,ADDRESS_ID,BLOOD_BANK_ID,STAFF_CATEGORY_CODE,GENDER_MFU,STAFF_JOB_TITLE,STAFF_FIRST_NAME,STAFF_LAST_NAME,STAFF_BIRTH_DATE) values ('142','61','12','2','Female','Director of Sales','Billy','Shurlock',to_date('27.11.1969','DD.MM.RRRR'));
Insert into NUREKE.STAFF (STAFF_ID,ADDRESS_ID,BLOOD_BANK_ID,STAFF_CATEGORY_CODE,GENDER_MFU,STAFF_JOB_TITLE,STAFF_FIRST_NAME,STAFF_LAST_NAME,STAFF_BIRTH_DATE) values ('143','40','8','3','Female','Accountant IV','Calypso','Danick',to_date('04.08.1976','DD.MM.RRRR'));
Insert into NUREKE.STAFF (STAFF_ID,ADDRESS_ID,BLOOD_BANK_ID,STAFF_CATEGORY_CODE,GENDER_MFU,STAFF_JOB_TITLE,STAFF_FIRST_NAME,STAFF_LAST_NAME,STAFF_BIRTH_DATE) values ('144','82','11','3','Male','Environmental Tech','Ulberto','Oleshunin',to_date('14.08.1962','DD.MM.RRRR'));
Insert into NUREKE.STAFF (STAFF_ID,ADDRESS_ID,BLOOD_BANK_ID,STAFF_CATEGORY_CODE,GENDER_MFU,STAFF_JOB_TITLE,STAFF_FIRST_NAME,STAFF_LAST_NAME,STAFF_BIRTH_DATE) values ('145','220','6','3','Female','Senior Quality Engineer','Alameda','Verheijden',to_date('22.12.1988','DD.MM.RRRR'));
Insert into NUREKE.STAFF (STAFF_ID,ADDRESS_ID,BLOOD_BANK_ID,STAFF_CATEGORY_CODE,GENDER_MFU,STAFF_JOB_TITLE,STAFF_FIRST_NAME,STAFF_LAST_NAME,STAFF_BIRTH_DATE) values ('146','128','8','5','Female','Administrative Assistant II','Shawna','Galler',to_date('15.02.1974','DD.MM.RRRR'));
Insert into NUREKE.STAFF (STAFF_ID,ADDRESS_ID,BLOOD_BANK_ID,STAFF_CATEGORY_CODE,GENDER_MFU,STAFF_JOB_TITLE,STAFF_FIRST_NAME,STAFF_LAST_NAME,STAFF_BIRTH_DATE) values ('147','152','11','6','Female','Director of Sales','Perice','Booth',to_date('23.09.1999','DD.MM.RRRR'));
Insert into NUREKE.STAFF (STAFF_ID,ADDRESS_ID,BLOOD_BANK_ID,STAFF_CATEGORY_CODE,GENDER_MFU,STAFF_JOB_TITLE,STAFF_FIRST_NAME,STAFF_LAST_NAME,STAFF_BIRTH_DATE) values ('148','290','7','5','Male','Staff Scientist','Adelind','Murdy',to_date('11.06.1970','DD.MM.RRRR'));
Insert into NUREKE.STAFF (STAFF_ID,ADDRESS_ID,BLOOD_BANK_ID,STAFF_CATEGORY_CODE,GENDER_MFU,STAFF_JOB_TITLE,STAFF_FIRST_NAME,STAFF_LAST_NAME,STAFF_BIRTH_DATE) values ('149','179','12','3','Male','Compensation Analyst','Jobye','Vasovic',to_date('04.02.1979','DD.MM.RRRR'));
Insert into NUREKE.STAFF (STAFF_ID,ADDRESS_ID,BLOOD_BANK_ID,STAFF_CATEGORY_CODE,GENDER_MFU,STAFF_JOB_TITLE,STAFF_FIRST_NAME,STAFF_LAST_NAME,STAFF_BIRTH_DATE) values ('150','208','11','4','Female','Environmental Tech','Melony','Maudlin',to_date('12.04.1963','DD.MM.RRRR'));
Insert into NUREKE.STAFF (STAFF_ID,ADDRESS_ID,BLOOD_BANK_ID,STAFF_CATEGORY_CODE,GENDER_MFU,STAFF_JOB_TITLE,STAFF_FIRST_NAME,STAFF_LAST_NAME,STAFF_BIRTH_DATE) values ('151','201','2','5','Female','Data Coordiator','Row','Whatsize',to_date('13.11.1989','DD.MM.RRRR'));
Insert into NUREKE.STAFF (STAFF_ID,ADDRESS_ID,BLOOD_BANK_ID,STAFF_CATEGORY_CODE,GENDER_MFU,STAFF_JOB_TITLE,STAFF_FIRST_NAME,STAFF_LAST_NAME,STAFF_BIRTH_DATE) values ('152','115','4','3','Female','Librarian','Nicolle','Castleman',to_date('23.04.1978','DD.MM.RRRR'));
Insert into NUREKE.STAFF (STAFF_ID,ADDRESS_ID,BLOOD_BANK_ID,STAFF_CATEGORY_CODE,GENDER_MFU,STAFF_JOB_TITLE,STAFF_FIRST_NAME,STAFF_LAST_NAME,STAFF_BIRTH_DATE) values ('153','284','1','6','Male','Librarian','Sela','Case',to_date('18.07.1961','DD.MM.RRRR'));
Insert into NUREKE.STAFF (STAFF_ID,ADDRESS_ID,BLOOD_BANK_ID,STAFF_CATEGORY_CODE,GENDER_MFU,STAFF_JOB_TITLE,STAFF_FIRST_NAME,STAFF_LAST_NAME,STAFF_BIRTH_DATE) values ('154','56','8','3','Female','Nuclear Power Engineer','Jasper','Buttriss',to_date('24.09.1981','DD.MM.RRRR'));
Insert into NUREKE.STAFF (STAFF_ID,ADDRESS_ID,BLOOD_BANK_ID,STAFF_CATEGORY_CODE,GENDER_MFU,STAFF_JOB_TITLE,STAFF_FIRST_NAME,STAFF_LAST_NAME,STAFF_BIRTH_DATE) values ('155','169','8','5','Female','Mechanical Systems Engineer','Maurise','Dagnan',to_date('11.01.1978','DD.MM.RRRR'));
Insert into NUREKE.STAFF (STAFF_ID,ADDRESS_ID,BLOOD_BANK_ID,STAFF_CATEGORY_CODE,GENDER_MFU,STAFF_JOB_TITLE,STAFF_FIRST_NAME,STAFF_LAST_NAME,STAFF_BIRTH_DATE) values ('156','259','11','3','Male','Nurse Practicioner','Kalil','Eatock',to_date('13.10.1967','DD.MM.RRRR'));
Insert into NUREKE.STAFF (STAFF_ID,ADDRESS_ID,BLOOD_BANK_ID,STAFF_CATEGORY_CODE,GENDER_MFU,STAFF_JOB_TITLE,STAFF_FIRST_NAME,STAFF_LAST_NAME,STAFF_BIRTH_DATE) values ('157','7','11','4','Male','Account Executive','Dede','Pickerin',to_date('30.05.1974','DD.MM.RRRR'));
Insert into NUREKE.STAFF (STAFF_ID,ADDRESS_ID,BLOOD_BANK_ID,STAFF_CATEGORY_CODE,GENDER_MFU,STAFF_JOB_TITLE,STAFF_FIRST_NAME,STAFF_LAST_NAME,STAFF_BIRTH_DATE) values ('158','5','11','4','Female','Chemical Engineer','Germana','Innot',to_date('16.12.1993','DD.MM.RRRR'));
Insert into NUREKE.STAFF (STAFF_ID,ADDRESS_ID,BLOOD_BANK_ID,STAFF_CATEGORY_CODE,GENDER_MFU,STAFF_JOB_TITLE,STAFF_FIRST_NAME,STAFF_LAST_NAME,STAFF_BIRTH_DATE) values ('159','197','3','4','Male','Systems Administrator I','Kimball','Bisatt',to_date('22.02.1960','DD.MM.RRRR'));
Insert into NUREKE.STAFF (STAFF_ID,ADDRESS_ID,BLOOD_BANK_ID,STAFF_CATEGORY_CODE,GENDER_MFU,STAFF_JOB_TITLE,STAFF_FIRST_NAME,STAFF_LAST_NAME,STAFF_BIRTH_DATE) values ('160','111','7','6','Female','Account Representative II','Jarrid','Du Plantier',to_date('26.02.1995','DD.MM.RRRR'));
Insert into NUREKE.STAFF (STAFF_ID,ADDRESS_ID,BLOOD_BANK_ID,STAFF_CATEGORY_CODE,GENDER_MFU,STAFF_JOB_TITLE,STAFF_FIRST_NAME,STAFF_LAST_NAME,STAFF_BIRTH_DATE) values ('161','116','8','2','Male','VP Sales','Bianca','Polly',to_date('28.09.1993','DD.MM.RRRR'));
Insert into NUREKE.STAFF (STAFF_ID,ADDRESS_ID,BLOOD_BANK_ID,STAFF_CATEGORY_CODE,GENDER_MFU,STAFF_JOB_TITLE,STAFF_FIRST_NAME,STAFF_LAST_NAME,STAFF_BIRTH_DATE) values ('162','176','7','5','Female','Help Desk Technician','Cherey','Lebell',to_date('07.01.1960','DD.MM.RRRR'));
Insert into NUREKE.STAFF (STAFF_ID,ADDRESS_ID,BLOOD_BANK_ID,STAFF_CATEGORY_CODE,GENDER_MFU,STAFF_JOB_TITLE,STAFF_FIRST_NAME,STAFF_LAST_NAME,STAFF_BIRTH_DATE) values ('163','135','8','2','Male','Environmental Tech','Dulcy','Bulford',to_date('16.05.1964','DD.MM.RRRR'));
Insert into NUREKE.STAFF (STAFF_ID,ADDRESS_ID,BLOOD_BANK_ID,STAFF_CATEGORY_CODE,GENDER_MFU,STAFF_JOB_TITLE,STAFF_FIRST_NAME,STAFF_LAST_NAME,STAFF_BIRTH_DATE) values ('164','260','2','5','Female','Payment Adjustment Coordinator','Angelico','Di Giacomo',to_date('26.06.1979','DD.MM.RRRR'));
Insert into NUREKE.STAFF (STAFF_ID,ADDRESS_ID,BLOOD_BANK_ID,STAFF_CATEGORY_CODE,GENDER_MFU,STAFF_JOB_TITLE,STAFF_FIRST_NAME,STAFF_LAST_NAME,STAFF_BIRTH_DATE) values ('165','83','3','5','Female','Human Resources Manager','Daile','Offen',to_date('17.01.1990','DD.MM.RRRR'));
Insert into NUREKE.STAFF (STAFF_ID,ADDRESS_ID,BLOOD_BANK_ID,STAFF_CATEGORY_CODE,GENDER_MFU,STAFF_JOB_TITLE,STAFF_FIRST_NAME,STAFF_LAST_NAME,STAFF_BIRTH_DATE) values ('166','129','7','5','Male','Staff Accountant III','Bea','Dews',to_date('26.04.1996','DD.MM.RRRR'));
Insert into NUREKE.STAFF (STAFF_ID,ADDRESS_ID,BLOOD_BANK_ID,STAFF_CATEGORY_CODE,GENDER_MFU,STAFF_JOB_TITLE,STAFF_FIRST_NAME,STAFF_LAST_NAME,STAFF_BIRTH_DATE) values ('167','79','9','6','Male','Speech Pathologist','Kata','Daid',to_date('26.10.1971','DD.MM.RRRR'));
Insert into NUREKE.STAFF (STAFF_ID,ADDRESS_ID,BLOOD_BANK_ID,STAFF_CATEGORY_CODE,GENDER_MFU,STAFF_JOB_TITLE,STAFF_FIRST_NAME,STAFF_LAST_NAME,STAFF_BIRTH_DATE) values ('168','206','6','5','Male','Pharmacist','Renie','Cloney',to_date('15.10.1984','DD.MM.RRRR'));
Insert into NUREKE.STAFF (STAFF_ID,ADDRESS_ID,BLOOD_BANK_ID,STAFF_CATEGORY_CODE,GENDER_MFU,STAFF_JOB_TITLE,STAFF_FIRST_NAME,STAFF_LAST_NAME,STAFF_BIRTH_DATE) values ('169','255','8','3','Male','Biostatistician III','Cairistiona','Mattiazzo',to_date('13.04.1988','DD.MM.RRRR'));
Insert into NUREKE.STAFF (STAFF_ID,ADDRESS_ID,BLOOD_BANK_ID,STAFF_CATEGORY_CODE,GENDER_MFU,STAFF_JOB_TITLE,STAFF_FIRST_NAME,STAFF_LAST_NAME,STAFF_BIRTH_DATE) values ('170','248','5','5','Male','Desktop Support Technician','Natal','Brownstein',to_date('25.08.1959','DD.MM.RRRR'));
Insert into NUREKE.STAFF (STAFF_ID,ADDRESS_ID,BLOOD_BANK_ID,STAFF_CATEGORY_CODE,GENDER_MFU,STAFF_JOB_TITLE,STAFF_FIRST_NAME,STAFF_LAST_NAME,STAFF_BIRTH_DATE) values ('171','58','8','6','Male','Desktop Support Technician','Bernadina','Wetheril',to_date('27.04.1968','DD.MM.RRRR'));
Insert into NUREKE.STAFF (STAFF_ID,ADDRESS_ID,BLOOD_BANK_ID,STAFF_CATEGORY_CODE,GENDER_MFU,STAFF_JOB_TITLE,STAFF_FIRST_NAME,STAFF_LAST_NAME,STAFF_BIRTH_DATE) values ('172','113','7','6','Female','Programmer III','Hope','Vousden',to_date('14.06.1971','DD.MM.RRRR'));
Insert into NUREKE.STAFF (STAFF_ID,ADDRESS_ID,BLOOD_BANK_ID,STAFF_CATEGORY_CODE,GENDER_MFU,STAFF_JOB_TITLE,STAFF_FIRST_NAME,STAFF_LAST_NAME,STAFF_BIRTH_DATE) values ('173','201','3','3','Female','Human Resources Assistant I','Glynn','Sully',to_date('02.10.1979','DD.MM.RRRR'));
Insert into NUREKE.STAFF (STAFF_ID,ADDRESS_ID,BLOOD_BANK_ID,STAFF_CATEGORY_CODE,GENDER_MFU,STAFF_JOB_TITLE,STAFF_FIRST_NAME,STAFF_LAST_NAME,STAFF_BIRTH_DATE) values ('174','30','4','4','Male','VP Sales','Cosme','Rapley',to_date('23.07.1985','DD.MM.RRRR'));
Insert into NUREKE.STAFF (STAFF_ID,ADDRESS_ID,BLOOD_BANK_ID,STAFF_CATEGORY_CODE,GENDER_MFU,STAFF_JOB_TITLE,STAFF_FIRST_NAME,STAFF_LAST_NAME,STAFF_BIRTH_DATE) values ('175','299','11','2','Female','Social Worker','Valerye','Ramme',to_date('06.08.1976','DD.MM.RRRR'));
Insert into NUREKE.STAFF (STAFF_ID,ADDRESS_ID,BLOOD_BANK_ID,STAFF_CATEGORY_CODE,GENDER_MFU,STAFF_JOB_TITLE,STAFF_FIRST_NAME,STAFF_LAST_NAME,STAFF_BIRTH_DATE) values ('176','57','13','2','Male','Accounting Assistant II','Haslett','Tigwell',to_date('01.09.1996','DD.MM.RRRR'));
Insert into NUREKE.STAFF (STAFF_ID,ADDRESS_ID,BLOOD_BANK_ID,STAFF_CATEGORY_CODE,GENDER_MFU,STAFF_JOB_TITLE,STAFF_FIRST_NAME,STAFF_LAST_NAME,STAFF_BIRTH_DATE) values ('177','265','8','6','Male','Editor','Nannie','Punt',to_date('23.06.1971','DD.MM.RRRR'));
Insert into NUREKE.STAFF (STAFF_ID,ADDRESS_ID,BLOOD_BANK_ID,STAFF_CATEGORY_CODE,GENDER_MFU,STAFF_JOB_TITLE,STAFF_FIRST_NAME,STAFF_LAST_NAME,STAFF_BIRTH_DATE) values ('178','114','2','2','Male','Technical Writer','Bernhard','Simmill',to_date('20.04.1980','DD.MM.RRRR'));
Insert into NUREKE.STAFF (STAFF_ID,ADDRESS_ID,BLOOD_BANK_ID,STAFF_CATEGORY_CODE,GENDER_MFU,STAFF_JOB_TITLE,STAFF_FIRST_NAME,STAFF_LAST_NAME,STAFF_BIRTH_DATE) values ('179','54','13','2','Male','Recruiter','Adrienne','Bulloch',to_date('15.01.1976','DD.MM.RRRR'));
Insert into NUREKE.STAFF (STAFF_ID,ADDRESS_ID,BLOOD_BANK_ID,STAFF_CATEGORY_CODE,GENDER_MFU,STAFF_JOB_TITLE,STAFF_FIRST_NAME,STAFF_LAST_NAME,STAFF_BIRTH_DATE) values ('180','95','5','6','Female','Human Resources Assistant IV','Cordelia','Ioselevich',to_date('04.01.1994','DD.MM.RRRR'));
Insert into NUREKE.STAFF (STAFF_ID,ADDRESS_ID,BLOOD_BANK_ID,STAFF_CATEGORY_CODE,GENDER_MFU,STAFF_JOB_TITLE,STAFF_FIRST_NAME,STAFF_LAST_NAME,STAFF_BIRTH_DATE) values ('181','292','6','3','Female','Nurse','Esther','Bavin',to_date('28.12.1987','DD.MM.RRRR'));
Insert into NUREKE.STAFF (STAFF_ID,ADDRESS_ID,BLOOD_BANK_ID,STAFF_CATEGORY_CODE,GENDER_MFU,STAFF_JOB_TITLE,STAFF_FIRST_NAME,STAFF_LAST_NAME,STAFF_BIRTH_DATE) values ('182','31','3','2','Male','Accountant II','Tootsie','Jakab',to_date('15.07.2001','DD.MM.RRRR'));
Insert into NUREKE.STAFF (STAFF_ID,ADDRESS_ID,BLOOD_BANK_ID,STAFF_CATEGORY_CODE,GENDER_MFU,STAFF_JOB_TITLE,STAFF_FIRST_NAME,STAFF_LAST_NAME,STAFF_BIRTH_DATE) values ('183','17','3','4','Female','Health Coach I','Andriette','Tollit',to_date('10.11.1977','DD.MM.RRRR'));
Insert into NUREKE.STAFF (STAFF_ID,ADDRESS_ID,BLOOD_BANK_ID,STAFF_CATEGORY_CODE,GENDER_MFU,STAFF_JOB_TITLE,STAFF_FIRST_NAME,STAFF_LAST_NAME,STAFF_BIRTH_DATE) values ('184','194','2','2','Female','GIS Technical Architect','Terrijo','Shills',to_date('20.09.1977','DD.MM.RRRR'));
Insert into NUREKE.STAFF (STAFF_ID,ADDRESS_ID,BLOOD_BANK_ID,STAFF_CATEGORY_CODE,GENDER_MFU,STAFF_JOB_TITLE,STAFF_FIRST_NAME,STAFF_LAST_NAME,STAFF_BIRTH_DATE) values ('185','28','6','4','Female','Help Desk Technician','Balduin','Oldknow',to_date('04.02.2001','DD.MM.RRRR'));
Insert into NUREKE.STAFF (STAFF_ID,ADDRESS_ID,BLOOD_BANK_ID,STAFF_CATEGORY_CODE,GENDER_MFU,STAFF_JOB_TITLE,STAFF_FIRST_NAME,STAFF_LAST_NAME,STAFF_BIRTH_DATE) values ('186','287','10','2','Female','Accountant II','Reine','Blakeley',to_date('30.01.1984','DD.MM.RRRR'));
Insert into NUREKE.STAFF (STAFF_ID,ADDRESS_ID,BLOOD_BANK_ID,STAFF_CATEGORY_CODE,GENDER_MFU,STAFF_JOB_TITLE,STAFF_FIRST_NAME,STAFF_LAST_NAME,STAFF_BIRTH_DATE) values ('187','265','10','2','Female','Social Worker','Wilton','Trewhella',to_date('08.12.1970','DD.MM.RRRR'));
Insert into NUREKE.STAFF (STAFF_ID,ADDRESS_ID,BLOOD_BANK_ID,STAFF_CATEGORY_CODE,GENDER_MFU,STAFF_JOB_TITLE,STAFF_FIRST_NAME,STAFF_LAST_NAME,STAFF_BIRTH_DATE) values ('189','232','4','4','Male','Civil Engineer','Jasmina','Archibold',to_date('01.05.1978','DD.MM.RRRR'));
Insert into NUREKE.STAFF (STAFF_ID,ADDRESS_ID,BLOOD_BANK_ID,STAFF_CATEGORY_CODE,GENDER_MFU,STAFF_JOB_TITLE,STAFF_FIRST_NAME,STAFF_LAST_NAME,STAFF_BIRTH_DATE) values ('190','134','1','3','Male','Speech Pathologist','Miltie','Rooke',to_date('31.01.1987','DD.MM.RRRR'));
Insert into NUREKE.STAFF (STAFF_ID,ADDRESS_ID,BLOOD_BANK_ID,STAFF_CATEGORY_CODE,GENDER_MFU,STAFF_JOB_TITLE,STAFF_FIRST_NAME,STAFF_LAST_NAME,STAFF_BIRTH_DATE) values ('191','15','6','3','Male','Database Administrator IV','Verina','Gayter',to_date('23.01.1987','DD.MM.RRRR'));
Insert into NUREKE.STAFF (STAFF_ID,ADDRESS_ID,BLOOD_BANK_ID,STAFF_CATEGORY_CODE,GENDER_MFU,STAFF_JOB_TITLE,STAFF_FIRST_NAME,STAFF_LAST_NAME,STAFF_BIRTH_DATE) values ('192','175','10','4','Male','Biostatistician II','Egan','Scoullar',to_date('09.05.1971','DD.MM.RRRR'));
Insert into NUREKE.STAFF (STAFF_ID,ADDRESS_ID,BLOOD_BANK_ID,STAFF_CATEGORY_CODE,GENDER_MFU,STAFF_JOB_TITLE,STAFF_FIRST_NAME,STAFF_LAST_NAME,STAFF_BIRTH_DATE) values ('193','117','4','4','Male','Software Test Engineer III','Babs','Sworn',to_date('02.10.1998','DD.MM.RRRR'));
Insert into NUREKE.STAFF (STAFF_ID,ADDRESS_ID,BLOOD_BANK_ID,STAFF_CATEGORY_CODE,GENDER_MFU,STAFF_JOB_TITLE,STAFF_FIRST_NAME,STAFF_LAST_NAME,STAFF_BIRTH_DATE) values ('194','246','6','6','Female','Electrical Engineer','Claresta','Pree',to_date('26.11.1985','DD.MM.RRRR'));
Insert into NUREKE.STAFF (STAFF_ID,ADDRESS_ID,BLOOD_BANK_ID,STAFF_CATEGORY_CODE,GENDER_MFU,STAFF_JOB_TITLE,STAFF_FIRST_NAME,STAFF_LAST_NAME,STAFF_BIRTH_DATE) values ('195','172','7','4','Female','Nurse Practicioner','Falito','Willan',to_date('15.09.1963','DD.MM.RRRR'));
Insert into NUREKE.STAFF (STAFF_ID,ADDRESS_ID,BLOOD_BANK_ID,STAFF_CATEGORY_CODE,GENDER_MFU,STAFF_JOB_TITLE,STAFF_FIRST_NAME,STAFF_LAST_NAME,STAFF_BIRTH_DATE) values ('196','145','5','5','Male','Programmer Analyst IV','Herve','Blampy',to_date('16.10.1960','DD.MM.RRRR'));
Insert into NUREKE.STAFF (STAFF_ID,ADDRESS_ID,BLOOD_BANK_ID,STAFF_CATEGORY_CODE,GENDER_MFU,STAFF_JOB_TITLE,STAFF_FIRST_NAME,STAFF_LAST_NAME,STAFF_BIRTH_DATE) values ('197','59','7','4','Male','General Manager','Michelina','Devenish',to_date('01.05.1989','DD.MM.RRRR'));
Insert into NUREKE.STAFF (STAFF_ID,ADDRESS_ID,BLOOD_BANK_ID,STAFF_CATEGORY_CODE,GENDER_MFU,STAFF_JOB_TITLE,STAFF_FIRST_NAME,STAFF_LAST_NAME,STAFF_BIRTH_DATE) values ('198','57','6','3','Male','Pharmacist','Candra','Cordrey',to_date('03.09.1998','DD.MM.RRRR'));
Insert into NUREKE.STAFF (STAFF_ID,ADDRESS_ID,BLOOD_BANK_ID,STAFF_CATEGORY_CODE,GENDER_MFU,STAFF_JOB_TITLE,STAFF_FIRST_NAME,STAFF_LAST_NAME,STAFF_BIRTH_DATE) values ('199','70','12','6','Male','Help Desk Operator','Charity','Etienne',to_date('04.01.1977','DD.MM.RRRR'));
Insert into NUREKE.STAFF (STAFF_ID,ADDRESS_ID,BLOOD_BANK_ID,STAFF_CATEGORY_CODE,GENDER_MFU,STAFF_JOB_TITLE,STAFF_FIRST_NAME,STAFF_LAST_NAME,STAFF_BIRTH_DATE) values ('200','171','13','6','Male','Data Coordiator','Tiertza','Cosgriff',to_date('01.04.1987','DD.MM.RRRR'));
Insert into NUREKE.STAFF (STAFF_ID,ADDRESS_ID,BLOOD_BANK_ID,STAFF_CATEGORY_CODE,GENDER_MFU,STAFF_JOB_TITLE,STAFF_FIRST_NAME,STAFF_LAST_NAME,STAFF_BIRTH_DATE) values ('201','219','10','2','Female','Librarian','Noam','Geraldez',to_date('12.12.1987','DD.MM.RRRR'));
Insert into NUREKE.STAFF (STAFF_ID,ADDRESS_ID,BLOOD_BANK_ID,STAFF_CATEGORY_CODE,GENDER_MFU,STAFF_JOB_TITLE,STAFF_FIRST_NAME,STAFF_LAST_NAME,STAFF_BIRTH_DATE) values ('202','225','8','3','Male','Professor','Waylin','Curnnok',to_date('23.06.2000','DD.MM.RRRR'));
Insert into NUREKE.STAFF (STAFF_ID,ADDRESS_ID,BLOOD_BANK_ID,STAFF_CATEGORY_CODE,GENDER_MFU,STAFF_JOB_TITLE,STAFF_FIRST_NAME,STAFF_LAST_NAME,STAFF_BIRTH_DATE) values ('203','118','11','6','Male','Cost Accountant','Clemente','Worland',to_date('21.02.1998','DD.MM.RRRR'));
Insert into NUREKE.STAFF (STAFF_ID,ADDRESS_ID,BLOOD_BANK_ID,STAFF_CATEGORY_CODE,GENDER_MFU,STAFF_JOB_TITLE,STAFF_FIRST_NAME,STAFF_LAST_NAME,STAFF_BIRTH_DATE) values ('204','96','9','4','Male','VP Sales','Randi','Murrell',to_date('16.01.1983','DD.MM.RRRR'));
Insert into NUREKE.STAFF (STAFF_ID,ADDRESS_ID,BLOOD_BANK_ID,STAFF_CATEGORY_CODE,GENDER_MFU,STAFF_JOB_TITLE,STAFF_FIRST_NAME,STAFF_LAST_NAME,STAFF_BIRTH_DATE) values ('205','1','2','5','Male','GIS Technical Architect','Emmaline','Favell',to_date('21.08.1980','DD.MM.RRRR'));
Insert into NUREKE.STAFF (STAFF_ID,ADDRESS_ID,BLOOD_BANK_ID,STAFF_CATEGORY_CODE,GENDER_MFU,STAFF_JOB_TITLE,STAFF_FIRST_NAME,STAFF_LAST_NAME,STAFF_BIRTH_DATE) values ('207','288','5','3','Male','Speech Pathologist','Vasili','MacGiany',to_date('14.03.1996','DD.MM.RRRR'));
Insert into NUREKE.STAFF (STAFF_ID,ADDRESS_ID,BLOOD_BANK_ID,STAFF_CATEGORY_CODE,GENDER_MFU,STAFF_JOB_TITLE,STAFF_FIRST_NAME,STAFF_LAST_NAME,STAFF_BIRTH_DATE) values ('208','21','10','4','Male','Senior Quality Engineer','Doti','Duddin',to_date('26.04.1972','DD.MM.RRRR'));
Insert into NUREKE.STAFF (STAFF_ID,ADDRESS_ID,BLOOD_BANK_ID,STAFF_CATEGORY_CODE,GENDER_MFU,STAFF_JOB_TITLE,STAFF_FIRST_NAME,STAFF_LAST_NAME,STAFF_BIRTH_DATE) values ('209','72','3','6','Male','Web Designer I','Nancee','Pallas',to_date('19.06.1970','DD.MM.RRRR'));
Insert into NUREKE.STAFF (STAFF_ID,ADDRESS_ID,BLOOD_BANK_ID,STAFF_CATEGORY_CODE,GENDER_MFU,STAFF_JOB_TITLE,STAFF_FIRST_NAME,STAFF_LAST_NAME,STAFF_BIRTH_DATE) values ('210','114','3','5','Female','Senior Quality Engineer','Pavia','Freeland',to_date('02.03.1970','DD.MM.RRRR'));
Insert into NUREKE.STAFF (STAFF_ID,ADDRESS_ID,BLOOD_BANK_ID,STAFF_CATEGORY_CODE,GENDER_MFU,STAFF_JOB_TITLE,STAFF_FIRST_NAME,STAFF_LAST_NAME,STAFF_BIRTH_DATE) values ('211','212','4','2','Male','Programmer I','Orsa','Bennen',to_date('30.03.1997','DD.MM.RRRR'));
Insert into NUREKE.STAFF (STAFF_ID,ADDRESS_ID,BLOOD_BANK_ID,STAFF_CATEGORY_CODE,GENDER_MFU,STAFF_JOB_TITLE,STAFF_FIRST_NAME,STAFF_LAST_NAME,STAFF_BIRTH_DATE) values ('212','50','6','4','Female','Accounting Assistant I','Blinni','Brane',to_date('07.10.1974','DD.MM.RRRR'));
Insert into NUREKE.STAFF (STAFF_ID,ADDRESS_ID,BLOOD_BANK_ID,STAFF_CATEGORY_CODE,GENDER_MFU,STAFF_JOB_TITLE,STAFF_FIRST_NAME,STAFF_LAST_NAME,STAFF_BIRTH_DATE) values ('213','227','3','4','Male','Senior Financial Analyst','Carter','Strode',to_date('29.11.1989','DD.MM.RRRR'));
Insert into NUREKE.STAFF (STAFF_ID,ADDRESS_ID,BLOOD_BANK_ID,STAFF_CATEGORY_CODE,GENDER_MFU,STAFF_JOB_TITLE,STAFF_FIRST_NAME,STAFF_LAST_NAME,STAFF_BIRTH_DATE) values ('214','120','1','4','Female','Account Coordinator','Way','Ockland',to_date('13.04.1959','DD.MM.RRRR'));
Insert into NUREKE.STAFF (STAFF_ID,ADDRESS_ID,BLOOD_BANK_ID,STAFF_CATEGORY_CODE,GENDER_MFU,STAFF_JOB_TITLE,STAFF_FIRST_NAME,STAFF_LAST_NAME,STAFF_BIRTH_DATE) values ('215','174','1','3','Male','Quality Control Specialist','Hercules','Alwin',to_date('17.05.1997','DD.MM.RRRR'));
Insert into NUREKE.STAFF (STAFF_ID,ADDRESS_ID,BLOOD_BANK_ID,STAFF_CATEGORY_CODE,GENDER_MFU,STAFF_JOB_TITLE,STAFF_FIRST_NAME,STAFF_LAST_NAME,STAFF_BIRTH_DATE) values ('216','137','4','4','Male','Community Outreach Specialist','Elias','Paullin',to_date('26.01.1993','DD.MM.RRRR'));
Insert into NUREKE.STAFF (STAFF_ID,ADDRESS_ID,BLOOD_BANK_ID,STAFF_CATEGORY_CODE,GENDER_MFU,STAFF_JOB_TITLE,STAFF_FIRST_NAME,STAFF_LAST_NAME,STAFF_BIRTH_DATE) values ('217','74','6','4','Male','Civil Engineer','Cally','Chelsom',to_date('12.01.1988','DD.MM.RRRR'));
Insert into NUREKE.STAFF (STAFF_ID,ADDRESS_ID,BLOOD_BANK_ID,STAFF_CATEGORY_CODE,GENDER_MFU,STAFF_JOB_TITLE,STAFF_FIRST_NAME,STAFF_LAST_NAME,STAFF_BIRTH_DATE) values ('218','99','3','3','Male','Speech Pathologist','Papageno','Bartolozzi',to_date('14.10.1988','DD.MM.RRRR'));
Insert into NUREKE.STAFF (STAFF_ID,ADDRESS_ID,BLOOD_BANK_ID,STAFF_CATEGORY_CODE,GENDER_MFU,STAFF_JOB_TITLE,STAFF_FIRST_NAME,STAFF_LAST_NAME,STAFF_BIRTH_DATE) values ('219','142','5','4','Female','Librarian','Pandora','Ofield',to_date('04.02.1982','DD.MM.RRRR'));
Insert into NUREKE.STAFF (STAFF_ID,ADDRESS_ID,BLOOD_BANK_ID,STAFF_CATEGORY_CODE,GENDER_MFU,STAFF_JOB_TITLE,STAFF_FIRST_NAME,STAFF_LAST_NAME,STAFF_BIRTH_DATE) values ('220','147','10','4','Female','GIS Technical Architect','Stefa','Shoebottom',to_date('11.10.1959','DD.MM.RRRR'));
Insert into NUREKE.STAFF (STAFF_ID,ADDRESS_ID,BLOOD_BANK_ID,STAFF_CATEGORY_CODE,GENDER_MFU,STAFF_JOB_TITLE,STAFF_FIRST_NAME,STAFF_LAST_NAME,STAFF_BIRTH_DATE) values ('221','68','11','2','Male','Health Coach II','Monti','Oles',to_date('02.07.1964','DD.MM.RRRR'));
Insert into NUREKE.STAFF (STAFF_ID,ADDRESS_ID,BLOOD_BANK_ID,STAFF_CATEGORY_CODE,GENDER_MFU,STAFF_JOB_TITLE,STAFF_FIRST_NAME,STAFF_LAST_NAME,STAFF_BIRTH_DATE) values ('222','106','8','2','Male','Cost Accountant','Shanna','Reidie',to_date('17.06.1993','DD.MM.RRRR'));
Insert into NUREKE.STAFF (STAFF_ID,ADDRESS_ID,BLOOD_BANK_ID,STAFF_CATEGORY_CODE,GENDER_MFU,STAFF_JOB_TITLE,STAFF_FIRST_NAME,STAFF_LAST_NAME,STAFF_BIRTH_DATE) values ('223','59','9','2','Female','Programmer Analyst II','Jasen','Briton',to_date('11.05.1963','DD.MM.RRRR'));
Insert into NUREKE.STAFF (STAFF_ID,ADDRESS_ID,BLOOD_BANK_ID,STAFF_CATEGORY_CODE,GENDER_MFU,STAFF_JOB_TITLE,STAFF_FIRST_NAME,STAFF_LAST_NAME,STAFF_BIRTH_DATE) values ('224','93','13','2','Male','Health Coach I','Wittie','McManus',to_date('12.01.1977','DD.MM.RRRR'));
Insert into NUREKE.STAFF (STAFF_ID,ADDRESS_ID,BLOOD_BANK_ID,STAFF_CATEGORY_CODE,GENDER_MFU,STAFF_JOB_TITLE,STAFF_FIRST_NAME,STAFF_LAST_NAME,STAFF_BIRTH_DATE) values ('225','58','10','2','Male','Programmer Analyst I','Steward','Durning',to_date('06.10.1980','DD.MM.RRRR'));
Insert into NUREKE.STAFF (STAFF_ID,ADDRESS_ID,BLOOD_BANK_ID,STAFF_CATEGORY_CODE,GENDER_MFU,STAFF_JOB_TITLE,STAFF_FIRST_NAME,STAFF_LAST_NAME,STAFF_BIRTH_DATE) values ('226','255','7','5','Male','Environmental Specialist','Bron','McTerry',to_date('30.12.1984','DD.MM.RRRR'));
Insert into NUREKE.STAFF (STAFF_ID,ADDRESS_ID,BLOOD_BANK_ID,STAFF_CATEGORY_CODE,GENDER_MFU,STAFF_JOB_TITLE,STAFF_FIRST_NAME,STAFF_LAST_NAME,STAFF_BIRTH_DATE) values ('227','19','2','3','Male','Programmer Analyst III','Viola','Succamore',to_date('13.06.1969','DD.MM.RRRR'));
Insert into NUREKE.STAFF (STAFF_ID,ADDRESS_ID,BLOOD_BANK_ID,STAFF_CATEGORY_CODE,GENDER_MFU,STAFF_JOB_TITLE,STAFF_FIRST_NAME,STAFF_LAST_NAME,STAFF_BIRTH_DATE) values ('228','144','11','5','Female','Cost Accountant','Paul','Jenne',to_date('22.12.1968','DD.MM.RRRR'));
Insert into NUREKE.STAFF (STAFF_ID,ADDRESS_ID,BLOOD_BANK_ID,STAFF_CATEGORY_CODE,GENDER_MFU,STAFF_JOB_TITLE,STAFF_FIRST_NAME,STAFF_LAST_NAME,STAFF_BIRTH_DATE) values ('229','198','3','5','Male','Research Associate','Aveline','Hardistry',to_date('20.06.1996','DD.MM.RRRR'));
Insert into NUREKE.STAFF (STAFF_ID,ADDRESS_ID,BLOOD_BANK_ID,STAFF_CATEGORY_CODE,GENDER_MFU,STAFF_JOB_TITLE,STAFF_FIRST_NAME,STAFF_LAST_NAME,STAFF_BIRTH_DATE) values ('230','74','8','2','Male','Database Administrator II','Viviana','Lewty',to_date('15.10.1988','DD.MM.RRRR'));
Insert into NUREKE.STAFF (STAFF_ID,ADDRESS_ID,BLOOD_BANK_ID,STAFF_CATEGORY_CODE,GENDER_MFU,STAFF_JOB_TITLE,STAFF_FIRST_NAME,STAFF_LAST_NAME,STAFF_BIRTH_DATE) values ('231','212','2','3','Female','Marketing Assistant','Darcy','O''Donohue',to_date('24.10.1986','DD.MM.RRRR'));
Insert into NUREKE.STAFF (STAFF_ID,ADDRESS_ID,BLOOD_BANK_ID,STAFF_CATEGORY_CODE,GENDER_MFU,STAFF_JOB_TITLE,STAFF_FIRST_NAME,STAFF_LAST_NAME,STAFF_BIRTH_DATE) values ('232','256','13','2','Male','Media Manager I','Kane','Battey',to_date('04.10.1973','DD.MM.RRRR'));
Insert into NUREKE.STAFF (STAFF_ID,ADDRESS_ID,BLOOD_BANK_ID,STAFF_CATEGORY_CODE,GENDER_MFU,STAFF_JOB_TITLE,STAFF_FIRST_NAME,STAFF_LAST_NAME,STAFF_BIRTH_DATE) values ('233','57','7','3','Female','Assistant Manager','Eustace','Shoebottom',to_date('24.02.1962','DD.MM.RRRR'));
Insert into NUREKE.STAFF (STAFF_ID,ADDRESS_ID,BLOOD_BANK_ID,STAFF_CATEGORY_CODE,GENDER_MFU,STAFF_JOB_TITLE,STAFF_FIRST_NAME,STAFF_LAST_NAME,STAFF_BIRTH_DATE) values ('234','190','9','5','Female','Environmental Tech','Neall','Caulcutt',to_date('13.04.1978','DD.MM.RRRR'));
Insert into NUREKE.STAFF (STAFF_ID,ADDRESS_ID,BLOOD_BANK_ID,STAFF_CATEGORY_CODE,GENDER_MFU,STAFF_JOB_TITLE,STAFF_FIRST_NAME,STAFF_LAST_NAME,STAFF_BIRTH_DATE) values ('235','44','12','6','Male','Systems Administrator IV','Alethea','Caws',to_date('26.04.1970','DD.MM.RRRR'));
Insert into NUREKE.STAFF (STAFF_ID,ADDRESS_ID,BLOOD_BANK_ID,STAFF_CATEGORY_CODE,GENDER_MFU,STAFF_JOB_TITLE,STAFF_FIRST_NAME,STAFF_LAST_NAME,STAFF_BIRTH_DATE) values ('236','104','8','5','Male','Operator','Stanislas','Paulou',to_date('14.07.1998','DD.MM.RRRR'));
Insert into NUREKE.STAFF (STAFF_ID,ADDRESS_ID,BLOOD_BANK_ID,STAFF_CATEGORY_CODE,GENDER_MFU,STAFF_JOB_TITLE,STAFF_FIRST_NAME,STAFF_LAST_NAME,STAFF_BIRTH_DATE) values ('237','232','1','6','Female','Operator','Linoel','Enevold',to_date('01.04.1965','DD.MM.RRRR'));
Insert into NUREKE.STAFF (STAFF_ID,ADDRESS_ID,BLOOD_BANK_ID,STAFF_CATEGORY_CODE,GENDER_MFU,STAFF_JOB_TITLE,STAFF_FIRST_NAME,STAFF_LAST_NAME,STAFF_BIRTH_DATE) values ('238','76','4','3','Male','Mechanical Systems Engineer','Sena','Insko',to_date('27.02.1998','DD.MM.RRRR'));
Insert into NUREKE.STAFF (STAFF_ID,ADDRESS_ID,BLOOD_BANK_ID,STAFF_CATEGORY_CODE,GENDER_MFU,STAFF_JOB_TITLE,STAFF_FIRST_NAME,STAFF_LAST_NAME,STAFF_BIRTH_DATE) values ('239','299','8','3','Female','Nurse','Shermie','Kittley',to_date('07.09.1972','DD.MM.RRRR'));
Insert into NUREKE.STAFF (STAFF_ID,ADDRESS_ID,BLOOD_BANK_ID,STAFF_CATEGORY_CODE,GENDER_MFU,STAFF_JOB_TITLE,STAFF_FIRST_NAME,STAFF_LAST_NAME,STAFF_BIRTH_DATE) values ('240','37','1','6','Female','Teacher','Leslie','Tomaszewski',to_date('17.02.1980','DD.MM.RRRR'));
Insert into NUREKE.STAFF (STAFF_ID,ADDRESS_ID,BLOOD_BANK_ID,STAFF_CATEGORY_CODE,GENDER_MFU,STAFF_JOB_TITLE,STAFF_FIRST_NAME,STAFF_LAST_NAME,STAFF_BIRTH_DATE) values ('241','41','13','2','Male','Compensation Analyst','Sergio','Stanyan',to_date('05.03.1994','DD.MM.RRRR'));
Insert into NUREKE.STAFF (STAFF_ID,ADDRESS_ID,BLOOD_BANK_ID,STAFF_CATEGORY_CODE,GENDER_MFU,STAFF_JOB_TITLE,STAFF_FIRST_NAME,STAFF_LAST_NAME,STAFF_BIRTH_DATE) values ('242','69','7','6','Female','VP Product Management','Franz','Hurton',to_date('16.04.2001','DD.MM.RRRR'));
Insert into NUREKE.STAFF (STAFF_ID,ADDRESS_ID,BLOOD_BANK_ID,STAFF_CATEGORY_CODE,GENDER_MFU,STAFF_JOB_TITLE,STAFF_FIRST_NAME,STAFF_LAST_NAME,STAFF_BIRTH_DATE) values ('244','287','4','2','Male','Operator','Sari','Van Niekerk',to_date('25.01.1973','DD.MM.RRRR'));
Insert into NUREKE.STAFF (STAFF_ID,ADDRESS_ID,BLOOD_BANK_ID,STAFF_CATEGORY_CODE,GENDER_MFU,STAFF_JOB_TITLE,STAFF_FIRST_NAME,STAFF_LAST_NAME,STAFF_BIRTH_DATE) values ('245','40','13','6','Female','Research Assistant IV','Bobbie','Yonge',to_date('24.07.1969','DD.MM.RRRR'));
Insert into NUREKE.STAFF (STAFF_ID,ADDRESS_ID,BLOOD_BANK_ID,STAFF_CATEGORY_CODE,GENDER_MFU,STAFF_JOB_TITLE,STAFF_FIRST_NAME,STAFF_LAST_NAME,STAFF_BIRTH_DATE) values ('246','204','11','2','Female','Analyst Programmer','Lowe','Ginley',to_date('18.07.1981','DD.MM.RRRR'));
Insert into NUREKE.STAFF (STAFF_ID,ADDRESS_ID,BLOOD_BANK_ID,STAFF_CATEGORY_CODE,GENDER_MFU,STAFF_JOB_TITLE,STAFF_FIRST_NAME,STAFF_LAST_NAME,STAFF_BIRTH_DATE) values ('247','94','3','6','Female','Operator','Lovell','Pender',to_date('27.09.1975','DD.MM.RRRR'));
Insert into NUREKE.STAFF (STAFF_ID,ADDRESS_ID,BLOOD_BANK_ID,STAFF_CATEGORY_CODE,GENDER_MFU,STAFF_JOB_TITLE,STAFF_FIRST_NAME,STAFF_LAST_NAME,STAFF_BIRTH_DATE) values ('248','247','9','4','Male','Electrical Engineer','Berkley','Pleass',to_date('16.11.1976','DD.MM.RRRR'));
Insert into NUREKE.STAFF (STAFF_ID,ADDRESS_ID,BLOOD_BANK_ID,STAFF_CATEGORY_CODE,GENDER_MFU,STAFF_JOB_TITLE,STAFF_FIRST_NAME,STAFF_LAST_NAME,STAFF_BIRTH_DATE) values ('249','180','11','3','Male','Account Representative I','Adrienne','Goward',to_date('24.12.1991','DD.MM.RRRR'));
Insert into NUREKE.STAFF (STAFF_ID,ADDRESS_ID,BLOOD_BANK_ID,STAFF_CATEGORY_CODE,GENDER_MFU,STAFF_JOB_TITLE,STAFF_FIRST_NAME,STAFF_LAST_NAME,STAFF_BIRTH_DATE) values ('250','102','9','6','Male','Senior Developer','Karyn','Olliff',to_date('06.03.1959','DD.MM.RRRR'));
Insert into NUREKE.STAFF (STAFF_ID,ADDRESS_ID,BLOOD_BANK_ID,STAFF_CATEGORY_CODE,GENDER_MFU,STAFF_JOB_TITLE,STAFF_FIRST_NAME,STAFF_LAST_NAME,STAFF_BIRTH_DATE) values ('251','67','5','5','Female','Human Resources Assistant II','Natal','Lorenzo',to_date('12.10.1979','DD.MM.RRRR'));
Insert into NUREKE.STAFF (STAFF_ID,ADDRESS_ID,BLOOD_BANK_ID,STAFF_CATEGORY_CODE,GENDER_MFU,STAFF_JOB_TITLE,STAFF_FIRST_NAME,STAFF_LAST_NAME,STAFF_BIRTH_DATE) values ('252','283','4','2','Male','Community Outreach Specialist','Kerrill','Blasl',to_date('04.12.1999','DD.MM.RRRR'));
Insert into NUREKE.STAFF (STAFF_ID,ADDRESS_ID,BLOOD_BANK_ID,STAFF_CATEGORY_CODE,GENDER_MFU,STAFF_JOB_TITLE,STAFF_FIRST_NAME,STAFF_LAST_NAME,STAFF_BIRTH_DATE) values ('253','127','12','5','Female','Tax Accountant','Gratiana','de Mendoza',to_date('02.12.1995','DD.MM.RRRR'));
Insert into NUREKE.STAFF (STAFF_ID,ADDRESS_ID,BLOOD_BANK_ID,STAFF_CATEGORY_CODE,GENDER_MFU,STAFF_JOB_TITLE,STAFF_FIRST_NAME,STAFF_LAST_NAME,STAFF_BIRTH_DATE) values ('254','235','6','2','Male','Chemical Engineer','Mace','Mozzini',to_date('31.03.1994','DD.MM.RRRR'));
Insert into NUREKE.STAFF (STAFF_ID,ADDRESS_ID,BLOOD_BANK_ID,STAFF_CATEGORY_CODE,GENDER_MFU,STAFF_JOB_TITLE,STAFF_FIRST_NAME,STAFF_LAST_NAME,STAFF_BIRTH_DATE) values ('255','264','4','3','Female','Editor','Tracie','Tolan',to_date('26.01.2000','DD.MM.RRRR'));
Insert into NUREKE.STAFF (STAFF_ID,ADDRESS_ID,BLOOD_BANK_ID,STAFF_CATEGORY_CODE,GENDER_MFU,STAFF_JOB_TITLE,STAFF_FIRST_NAME,STAFF_LAST_NAME,STAFF_BIRTH_DATE) values ('256','7','4','4','Female','Registered Nurse','Curt','Ortas',to_date('10.04.1979','DD.MM.RRRR'));
Insert into NUREKE.STAFF (STAFF_ID,ADDRESS_ID,BLOOD_BANK_ID,STAFF_CATEGORY_CODE,GENDER_MFU,STAFF_JOB_TITLE,STAFF_FIRST_NAME,STAFF_LAST_NAME,STAFF_BIRTH_DATE) values ('257','114','3','4','Female','Analyst Programmer','Lauretta','Shyre',to_date('04.01.1962','DD.MM.RRRR'));
Insert into NUREKE.STAFF (STAFF_ID,ADDRESS_ID,BLOOD_BANK_ID,STAFF_CATEGORY_CODE,GENDER_MFU,STAFF_JOB_TITLE,STAFF_FIRST_NAME,STAFF_LAST_NAME,STAFF_BIRTH_DATE) values ('258','145','4','5','Female','Administrative Officer','Haley','Duffin',to_date('16.02.1985','DD.MM.RRRR'));
Insert into NUREKE.STAFF (STAFF_ID,ADDRESS_ID,BLOOD_BANK_ID,STAFF_CATEGORY_CODE,GENDER_MFU,STAFF_JOB_TITLE,STAFF_FIRST_NAME,STAFF_LAST_NAME,STAFF_BIRTH_DATE) values ('259','4','3','2','Female','Paralegal','Emalee','Kidde',to_date('05.09.1982','DD.MM.RRRR'));
Insert into NUREKE.STAFF (STAFF_ID,ADDRESS_ID,BLOOD_BANK_ID,STAFF_CATEGORY_CODE,GENDER_MFU,STAFF_JOB_TITLE,STAFF_FIRST_NAME,STAFF_LAST_NAME,STAFF_BIRTH_DATE) values ('260','217','6','5','Male','Sales Representative','Ernestus','Satterlee',to_date('27.03.1969','DD.MM.RRRR'));
Insert into NUREKE.STAFF (STAFF_ID,ADDRESS_ID,BLOOD_BANK_ID,STAFF_CATEGORY_CODE,GENDER_MFU,STAFF_JOB_TITLE,STAFF_FIRST_NAME,STAFF_LAST_NAME,STAFF_BIRTH_DATE) values ('261','82','2','6','Male','Chemical Engineer','Ruttger','Yes',to_date('28.08.1961','DD.MM.RRRR'));
Insert into NUREKE.STAFF (STAFF_ID,ADDRESS_ID,BLOOD_BANK_ID,STAFF_CATEGORY_CODE,GENDER_MFU,STAFF_JOB_TITLE,STAFF_FIRST_NAME,STAFF_LAST_NAME,STAFF_BIRTH_DATE) values ('262','23','13','3','Male','Programmer II','Irena','Josum',to_date('16.03.1998','DD.MM.RRRR'));
Insert into NUREKE.STAFF (STAFF_ID,ADDRESS_ID,BLOOD_BANK_ID,STAFF_CATEGORY_CODE,GENDER_MFU,STAFF_JOB_TITLE,STAFF_FIRST_NAME,STAFF_LAST_NAME,STAFF_BIRTH_DATE) values ('263','73','3','5','Male','Nuclear Power Engineer','Deeanne','Edgehill',to_date('19.12.1992','DD.MM.RRRR'));
Insert into NUREKE.STAFF (STAFF_ID,ADDRESS_ID,BLOOD_BANK_ID,STAFF_CATEGORY_CODE,GENDER_MFU,STAFF_JOB_TITLE,STAFF_FIRST_NAME,STAFF_LAST_NAME,STAFF_BIRTH_DATE) values ('264','113','3','6','Female','VP Product Management','Hedwig','McPhillimey',to_date('06.12.1966','DD.MM.RRRR'));
Insert into NUREKE.STAFF (STAFF_ID,ADDRESS_ID,BLOOD_BANK_ID,STAFF_CATEGORY_CODE,GENDER_MFU,STAFF_JOB_TITLE,STAFF_FIRST_NAME,STAFF_LAST_NAME,STAFF_BIRTH_DATE) values ('265','157','3','3','Male','Quality Engineer','Jephthah','Ramelet',to_date('17.03.1998','DD.MM.RRRR'));
Insert into NUREKE.STAFF (STAFF_ID,ADDRESS_ID,BLOOD_BANK_ID,STAFF_CATEGORY_CODE,GENDER_MFU,STAFF_JOB_TITLE,STAFF_FIRST_NAME,STAFF_LAST_NAME,STAFF_BIRTH_DATE) values ('266','199','5','3','Female','Senior Quality Engineer','Bryanty','Cavnor',to_date('07.05.1975','DD.MM.RRRR'));
Insert into NUREKE.STAFF (STAFF_ID,ADDRESS_ID,BLOOD_BANK_ID,STAFF_CATEGORY_CODE,GENDER_MFU,STAFF_JOB_TITLE,STAFF_FIRST_NAME,STAFF_LAST_NAME,STAFF_BIRTH_DATE) values ('267','183','6','3','Male','Design Engineer','Francene','Boman',to_date('25.11.1994','DD.MM.RRRR'));
Insert into NUREKE.STAFF (STAFF_ID,ADDRESS_ID,BLOOD_BANK_ID,STAFF_CATEGORY_CODE,GENDER_MFU,STAFF_JOB_TITLE,STAFF_FIRST_NAME,STAFF_LAST_NAME,STAFF_BIRTH_DATE) values ('268','130','2','2','Male','Clinical Specialist','Stephan','Greve',to_date('26.10.1970','DD.MM.RRRR'));
Insert into NUREKE.STAFF (STAFF_ID,ADDRESS_ID,BLOOD_BANK_ID,STAFF_CATEGORY_CODE,GENDER_MFU,STAFF_JOB_TITLE,STAFF_FIRST_NAME,STAFF_LAST_NAME,STAFF_BIRTH_DATE) values ('269','101','13','3','Female','Director of Sales','Ketti','Moden',to_date('08.07.1979','DD.MM.RRRR'));
Insert into NUREKE.STAFF (STAFF_ID,ADDRESS_ID,BLOOD_BANK_ID,STAFF_CATEGORY_CODE,GENDER_MFU,STAFF_JOB_TITLE,STAFF_FIRST_NAME,STAFF_LAST_NAME,STAFF_BIRTH_DATE) values ('270','2','1','4','Male','Actuary','Anton','Montfort',to_date('01.12.1970','DD.MM.RRRR'));
Insert into NUREKE.STAFF (STAFF_ID,ADDRESS_ID,BLOOD_BANK_ID,STAFF_CATEGORY_CODE,GENDER_MFU,STAFF_JOB_TITLE,STAFF_FIRST_NAME,STAFF_LAST_NAME,STAFF_BIRTH_DATE) values ('271','180','3','3','Female','Senior Sales Associate','Huntlee','Chard',to_date('23.04.1992','DD.MM.RRRR'));
Insert into NUREKE.STAFF (STAFF_ID,ADDRESS_ID,BLOOD_BANK_ID,STAFF_CATEGORY_CODE,GENDER_MFU,STAFF_JOB_TITLE,STAFF_FIRST_NAME,STAFF_LAST_NAME,STAFF_BIRTH_DATE) values ('272','58','1','6','Male','Food Chemist','Ring','Easen',to_date('20.11.1997','DD.MM.RRRR'));
Insert into NUREKE.STAFF (STAFF_ID,ADDRESS_ID,BLOOD_BANK_ID,STAFF_CATEGORY_CODE,GENDER_MFU,STAFF_JOB_TITLE,STAFF_FIRST_NAME,STAFF_LAST_NAME,STAFF_BIRTH_DATE) values ('273','68','13','3','Male','Registered Nurse','Mayne','Navarijo',to_date('03.08.1995','DD.MM.RRRR'));
Insert into NUREKE.STAFF (STAFF_ID,ADDRESS_ID,BLOOD_BANK_ID,STAFF_CATEGORY_CODE,GENDER_MFU,STAFF_JOB_TITLE,STAFF_FIRST_NAME,STAFF_LAST_NAME,STAFF_BIRTH_DATE) values ('274','125','4','6','Male','Actuary','Karoly','Steels',to_date('11.03.1989','DD.MM.RRRR'));
Insert into NUREKE.STAFF (STAFF_ID,ADDRESS_ID,BLOOD_BANK_ID,STAFF_CATEGORY_CODE,GENDER_MFU,STAFF_JOB_TITLE,STAFF_FIRST_NAME,STAFF_LAST_NAME,STAFF_BIRTH_DATE) values ('275','38','9','3','Male','Web Designer II','Gigi','Wallwood',to_date('14.03.1983','DD.MM.RRRR'));
Insert into NUREKE.STAFF (STAFF_ID,ADDRESS_ID,BLOOD_BANK_ID,STAFF_CATEGORY_CODE,GENDER_MFU,STAFF_JOB_TITLE,STAFF_FIRST_NAME,STAFF_LAST_NAME,STAFF_BIRTH_DATE) values ('276','139','7','3','Female','Web Developer II','Chauncey','Biddle',to_date('29.11.1959','DD.MM.RRRR'));
Insert into NUREKE.STAFF (STAFF_ID,ADDRESS_ID,BLOOD_BANK_ID,STAFF_CATEGORY_CODE,GENDER_MFU,STAFF_JOB_TITLE,STAFF_FIRST_NAME,STAFF_LAST_NAME,STAFF_BIRTH_DATE) values ('277','106','12','5','Female','General Manager','Ilysa','Russen',to_date('21.06.1991','DD.MM.RRRR'));
Insert into NUREKE.STAFF (STAFF_ID,ADDRESS_ID,BLOOD_BANK_ID,STAFF_CATEGORY_CODE,GENDER_MFU,STAFF_JOB_TITLE,STAFF_FIRST_NAME,STAFF_LAST_NAME,STAFF_BIRTH_DATE) values ('278','43','11','4','Female','Nurse','Cornelia','Daughtery',to_date('25.12.1988','DD.MM.RRRR'));
Insert into NUREKE.STAFF (STAFF_ID,ADDRESS_ID,BLOOD_BANK_ID,STAFF_CATEGORY_CODE,GENDER_MFU,STAFF_JOB_TITLE,STAFF_FIRST_NAME,STAFF_LAST_NAME,STAFF_BIRTH_DATE) values ('279','155','1','3','Male','Office Assistant III','Ray','Landsbury',to_date('10.12.1967','DD.MM.RRRR'));
Insert into NUREKE.STAFF (STAFF_ID,ADDRESS_ID,BLOOD_BANK_ID,STAFF_CATEGORY_CODE,GENDER_MFU,STAFF_JOB_TITLE,STAFF_FIRST_NAME,STAFF_LAST_NAME,STAFF_BIRTH_DATE) values ('280','152','13','4','Male','Executive Secretary','Gilberte','Metzel',to_date('04.06.1962','DD.MM.RRRR'));
Insert into NUREKE.STAFF (STAFF_ID,ADDRESS_ID,BLOOD_BANK_ID,STAFF_CATEGORY_CODE,GENDER_MFU,STAFF_JOB_TITLE,STAFF_FIRST_NAME,STAFF_LAST_NAME,STAFF_BIRTH_DATE) values ('281','172','4','2','Female','Sales Representative','Maxim','Leffek',to_date('24.04.2000','DD.MM.RRRR'));
Insert into NUREKE.STAFF (STAFF_ID,ADDRESS_ID,BLOOD_BANK_ID,STAFF_CATEGORY_CODE,GENDER_MFU,STAFF_JOB_TITLE,STAFF_FIRST_NAME,STAFF_LAST_NAME,STAFF_BIRTH_DATE) values ('282','199','6','4','Male','Structural Engineer','Fidole','Merrisson',to_date('07.09.1991','DD.MM.RRRR'));
Insert into NUREKE.STAFF (STAFF_ID,ADDRESS_ID,BLOOD_BANK_ID,STAFF_CATEGORY_CODE,GENDER_MFU,STAFF_JOB_TITLE,STAFF_FIRST_NAME,STAFF_LAST_NAME,STAFF_BIRTH_DATE) values ('283','260','7','5','Male','VP Accounting','Elias','Virr',to_date('13.06.1990','DD.MM.RRRR'));
Insert into NUREKE.STAFF (STAFF_ID,ADDRESS_ID,BLOOD_BANK_ID,STAFF_CATEGORY_CODE,GENDER_MFU,STAFF_JOB_TITLE,STAFF_FIRST_NAME,STAFF_LAST_NAME,STAFF_BIRTH_DATE) values ('284','32','2','2','Male','Pharmacist','Marnie','Tutin',to_date('28.01.1984','DD.MM.RRRR'));
Insert into NUREKE.STAFF (STAFF_ID,ADDRESS_ID,BLOOD_BANK_ID,STAFF_CATEGORY_CODE,GENDER_MFU,STAFF_JOB_TITLE,STAFF_FIRST_NAME,STAFF_LAST_NAME,STAFF_BIRTH_DATE) values ('285','77','12','2','Male','Nurse Practicioner','Adena','Sousa',to_date('20.02.1990','DD.MM.RRRR'));
Insert into NUREKE.STAFF (STAFF_ID,ADDRESS_ID,BLOOD_BANK_ID,STAFF_CATEGORY_CODE,GENDER_MFU,STAFF_JOB_TITLE,STAFF_FIRST_NAME,STAFF_LAST_NAME,STAFF_BIRTH_DATE) values ('286','114','7','3','Female','Accounting Assistant I','Yanaton','Tourry',to_date('25.07.1980','DD.MM.RRRR'));
Insert into NUREKE.STAFF (STAFF_ID,ADDRESS_ID,BLOOD_BANK_ID,STAFF_CATEGORY_CODE,GENDER_MFU,STAFF_JOB_TITLE,STAFF_FIRST_NAME,STAFF_LAST_NAME,STAFF_BIRTH_DATE) values ('287','290','1','2','Female','Structural Analysis Engineer','Perren','Ell',to_date('31.05.1967','DD.MM.RRRR'));
Insert into NUREKE.STAFF (STAFF_ID,ADDRESS_ID,BLOOD_BANK_ID,STAFF_CATEGORY_CODE,GENDER_MFU,STAFF_JOB_TITLE,STAFF_FIRST_NAME,STAFF_LAST_NAME,STAFF_BIRTH_DATE) values ('288','265','8','6','Female','Research Associate','Oralie','Heinrich',to_date('30.10.1976','DD.MM.RRRR'));
Insert into NUREKE.STAFF (STAFF_ID,ADDRESS_ID,BLOOD_BANK_ID,STAFF_CATEGORY_CODE,GENDER_MFU,STAFF_JOB_TITLE,STAFF_FIRST_NAME,STAFF_LAST_NAME,STAFF_BIRTH_DATE) values ('289','54','7','4','Male','Dental Hygienist','Daveen','De Rechter',to_date('02.01.1975','DD.MM.RRRR'));
Insert into NUREKE.STAFF (STAFF_ID,ADDRESS_ID,BLOOD_BANK_ID,STAFF_CATEGORY_CODE,GENDER_MFU,STAFF_JOB_TITLE,STAFF_FIRST_NAME,STAFF_LAST_NAME,STAFF_BIRTH_DATE) values ('290','162','10','2','Female','Physical Therapy Assistant','Angelique','Rameau',to_date('07.02.1994','DD.MM.RRRR'));
Insert into NUREKE.STAFF (STAFF_ID,ADDRESS_ID,BLOOD_BANK_ID,STAFF_CATEGORY_CODE,GENDER_MFU,STAFF_JOB_TITLE,STAFF_FIRST_NAME,STAFF_LAST_NAME,STAFF_BIRTH_DATE) values ('291','43','10','4','Male','Design Engineer','Maurizio','Byk',to_date('13.05.1987','DD.MM.RRRR'));
Insert into NUREKE.STAFF (STAFF_ID,ADDRESS_ID,BLOOD_BANK_ID,STAFF_CATEGORY_CODE,GENDER_MFU,STAFF_JOB_TITLE,STAFF_FIRST_NAME,STAFF_LAST_NAME,STAFF_BIRTH_DATE) values ('292','212','11','3','Female','Financial Advisor','Ortensia','Haughin',to_date('07.10.1979','DD.MM.RRRR'));
Insert into NUREKE.STAFF (STAFF_ID,ADDRESS_ID,BLOOD_BANK_ID,STAFF_CATEGORY_CODE,GENDER_MFU,STAFF_JOB_TITLE,STAFF_FIRST_NAME,STAFF_LAST_NAME,STAFF_BIRTH_DATE) values ('293','235','9','2','Male','Structural Engineer','Korey','McKeveney',to_date('21.09.1960','DD.MM.RRRR'));
Insert into NUREKE.STAFF (STAFF_ID,ADDRESS_ID,BLOOD_BANK_ID,STAFF_CATEGORY_CODE,GENDER_MFU,STAFF_JOB_TITLE,STAFF_FIRST_NAME,STAFF_LAST_NAME,STAFF_BIRTH_DATE) values ('294','132','3','5','Female','Automation Specialist IV','Tracey','Esson',to_date('19.08.1992','DD.MM.RRRR'));
Insert into NUREKE.STAFF (STAFF_ID,ADDRESS_ID,BLOOD_BANK_ID,STAFF_CATEGORY_CODE,GENDER_MFU,STAFF_JOB_TITLE,STAFF_FIRST_NAME,STAFF_LAST_NAME,STAFF_BIRTH_DATE) values ('295','228','4','2','Male','Safety Technician IV','Lurline','Allebone',to_date('25.01.1974','DD.MM.RRRR'));
Insert into NUREKE.STAFF (STAFF_ID,ADDRESS_ID,BLOOD_BANK_ID,STAFF_CATEGORY_CODE,GENDER_MFU,STAFF_JOB_TITLE,STAFF_FIRST_NAME,STAFF_LAST_NAME,STAFF_BIRTH_DATE) values ('296','54','2','3','Male','Assistant Manager','Curtis','Bercevelo',to_date('14.05.1976','DD.MM.RRRR'));
Insert into NUREKE.STAFF (STAFF_ID,ADDRESS_ID,BLOOD_BANK_ID,STAFF_CATEGORY_CODE,GENDER_MFU,STAFF_JOB_TITLE,STAFF_FIRST_NAME,STAFF_LAST_NAME,STAFF_BIRTH_DATE) values ('297','28','8','6','Female','Help Desk Operator','Shannen','Fall',to_date('10.11.1964','DD.MM.RRRR'));
Insert into NUREKE.STAFF (STAFF_ID,ADDRESS_ID,BLOOD_BANK_ID,STAFF_CATEGORY_CODE,GENDER_MFU,STAFF_JOB_TITLE,STAFF_FIRST_NAME,STAFF_LAST_NAME,STAFF_BIRTH_DATE) values ('298','36','5','6','Male','Assistant Manager','Leanor','McRitchie',to_date('01.06.1990','DD.MM.RRRR'));
Insert into NUREKE.STAFF (STAFF_ID,ADDRESS_ID,BLOOD_BANK_ID,STAFF_CATEGORY_CODE,GENDER_MFU,STAFF_JOB_TITLE,STAFF_FIRST_NAME,STAFF_LAST_NAME,STAFF_BIRTH_DATE) values ('300','198','12','5','Female','Financial Analyst','Stanfield','Whiff',to_date('30.04.1975','DD.MM.RRRR'));
Insert into NUREKE.STAFF (STAFF_ID,ADDRESS_ID,BLOOD_BANK_ID,STAFF_CATEGORY_CODE,GENDER_MFU,STAFF_JOB_TITLE,STAFF_FIRST_NAME,STAFF_LAST_NAME,STAFF_BIRTH_DATE) values ('301','246','5','2','Female','Software Consultant','Corinne','Sayton',to_date('29.01.1999','DD.MM.RRRR'));
Insert into NUREKE.STAFF (STAFF_ID,ADDRESS_ID,BLOOD_BANK_ID,STAFF_CATEGORY_CODE,GENDER_MFU,STAFF_JOB_TITLE,STAFF_FIRST_NAME,STAFF_LAST_NAME,STAFF_BIRTH_DATE) values ('302','94','1','2','Male','Human Resources Manager','Dorthea','Borris',to_date('22.09.1988','DD.MM.RRRR'));
Insert into NUREKE.STAFF (STAFF_ID,ADDRESS_ID,BLOOD_BANK_ID,STAFF_CATEGORY_CODE,GENDER_MFU,STAFF_JOB_TITLE,STAFF_FIRST_NAME,STAFF_LAST_NAME,STAFF_BIRTH_DATE) values ('303','210','7','2','Male','Professor','Reggie','Strode',to_date('24.02.1960','DD.MM.RRRR'));
Insert into NUREKE.STAFF (STAFF_ID,ADDRESS_ID,BLOOD_BANK_ID,STAFF_CATEGORY_CODE,GENDER_MFU,STAFF_JOB_TITLE,STAFF_FIRST_NAME,STAFF_LAST_NAME,STAFF_BIRTH_DATE) values ('305','68','4','4','Female','Statistician III','Vite','Maroney',to_date('15.06.1986','DD.MM.RRRR'));
Insert into NUREKE.STAFF (STAFF_ID,ADDRESS_ID,BLOOD_BANK_ID,STAFF_CATEGORY_CODE,GENDER_MFU,STAFF_JOB_TITLE,STAFF_FIRST_NAME,STAFF_LAST_NAME,STAFF_BIRTH_DATE) values ('306','220','6','4','Female','Engineer II','Zebulon','Sturte',to_date('18.03.1959','DD.MM.RRRR'));
Insert into NUREKE.STAFF (STAFF_ID,ADDRESS_ID,BLOOD_BANK_ID,STAFF_CATEGORY_CODE,GENDER_MFU,STAFF_JOB_TITLE,STAFF_FIRST_NAME,STAFF_LAST_NAME,STAFF_BIRTH_DATE) values ('307','132','6','5','Female','Senior Editor','Arny','Ofer',to_date('01.08.1993','DD.MM.RRRR'));
Insert into NUREKE.STAFF (STAFF_ID,ADDRESS_ID,BLOOD_BANK_ID,STAFF_CATEGORY_CODE,GENDER_MFU,STAFF_JOB_TITLE,STAFF_FIRST_NAME,STAFF_LAST_NAME,STAFF_BIRTH_DATE) values ('308','114','11','6','Female','Analyst Programmer','Addison','Bootton',to_date('22.04.1972','DD.MM.RRRR'));
Insert into NUREKE.STAFF (STAFF_ID,ADDRESS_ID,BLOOD_BANK_ID,STAFF_CATEGORY_CODE,GENDER_MFU,STAFF_JOB_TITLE,STAFF_FIRST_NAME,STAFF_LAST_NAME,STAFF_BIRTH_DATE) values ('309','136','2','6','Male','Registered Nurse','Gerhardt','Davidwitz',to_date('20.11.1990','DD.MM.RRRR'));
Insert into NUREKE.STAFF (STAFF_ID,ADDRESS_ID,BLOOD_BANK_ID,STAFF_CATEGORY_CODE,GENDER_MFU,STAFF_JOB_TITLE,STAFF_FIRST_NAME,STAFF_LAST_NAME,STAFF_BIRTH_DATE) values ('310','268','7','5','Female','Design Engineer','Lockwood','Ghidini',to_date('29.12.1987','DD.MM.RRRR'));
Insert into NUREKE.STAFF (STAFF_ID,ADDRESS_ID,BLOOD_BANK_ID,STAFF_CATEGORY_CODE,GENDER_MFU,STAFF_JOB_TITLE,STAFF_FIRST_NAME,STAFF_LAST_NAME,STAFF_BIRTH_DATE) values ('311','193','10','3','Male','Actuary','Vivi','Dowbekin',to_date('28.02.2000','DD.MM.RRRR'));
Insert into NUREKE.STAFF (STAFF_ID,ADDRESS_ID,BLOOD_BANK_ID,STAFF_CATEGORY_CODE,GENDER_MFU,STAFF_JOB_TITLE,STAFF_FIRST_NAME,STAFF_LAST_NAME,STAFF_BIRTH_DATE) values ('312','246','4','5','Male','Nuclear Power Engineer','Sybil','Compson',to_date('19.10.1967','DD.MM.RRRR'));
Insert into NUREKE.STAFF (STAFF_ID,ADDRESS_ID,BLOOD_BANK_ID,STAFF_CATEGORY_CODE,GENDER_MFU,STAFF_JOB_TITLE,STAFF_FIRST_NAME,STAFF_LAST_NAME,STAFF_BIRTH_DATE) values ('313','218','8','6','Female','Internal Auditor','Leena','McKerton',to_date('18.05.1960','DD.MM.RRRR'));
Insert into NUREKE.STAFF (STAFF_ID,ADDRESS_ID,BLOOD_BANK_ID,STAFF_CATEGORY_CODE,GENDER_MFU,STAFF_JOB_TITLE,STAFF_FIRST_NAME,STAFF_LAST_NAME,STAFF_BIRTH_DATE) values ('314','112','5','4','Female','Librarian','Eydie','Coldtart',to_date('22.02.1968','DD.MM.RRRR'));
Insert into NUREKE.STAFF (STAFF_ID,ADDRESS_ID,BLOOD_BANK_ID,STAFF_CATEGORY_CODE,GENDER_MFU,STAFF_JOB_TITLE,STAFF_FIRST_NAME,STAFF_LAST_NAME,STAFF_BIRTH_DATE) values ('315','269','5','4','Male','VP Sales','Aila','Lempenny',to_date('21.07.1989','DD.MM.RRRR'));
Insert into NUREKE.STAFF (STAFF_ID,ADDRESS_ID,BLOOD_BANK_ID,STAFF_CATEGORY_CODE,GENDER_MFU,STAFF_JOB_TITLE,STAFF_FIRST_NAME,STAFF_LAST_NAME,STAFF_BIRTH_DATE) values ('316','13','13','3','Male','Marketing Manager','Erskine','Lerohan',to_date('01.05.1960','DD.MM.RRRR'));
Insert into NUREKE.STAFF (STAFF_ID,ADDRESS_ID,BLOOD_BANK_ID,STAFF_CATEGORY_CODE,GENDER_MFU,STAFF_JOB_TITLE,STAFF_FIRST_NAME,STAFF_LAST_NAME,STAFF_BIRTH_DATE) values ('317','176','2','2','Male','Chemical Engineer','Marcie','Axton',to_date('29.08.1992','DD.MM.RRRR'));
Insert into NUREKE.STAFF (STAFF_ID,ADDRESS_ID,BLOOD_BANK_ID,STAFF_CATEGORY_CODE,GENDER_MFU,STAFF_JOB_TITLE,STAFF_FIRST_NAME,STAFF_LAST_NAME,STAFF_BIRTH_DATE) values ('318','248','5','4','Male','Speech Pathologist','Chane','Wiz',to_date('19.07.1960','DD.MM.RRRR'));
Insert into NUREKE.STAFF (STAFF_ID,ADDRESS_ID,BLOOD_BANK_ID,STAFF_CATEGORY_CODE,GENDER_MFU,STAFF_JOB_TITLE,STAFF_FIRST_NAME,STAFF_LAST_NAME,STAFF_BIRTH_DATE) values ('319','26','4','2','Female','Mechanical Systems Engineer','Jess','McKew',to_date('08.04.1965','DD.MM.RRRR'));
Insert into NUREKE.STAFF (STAFF_ID,ADDRESS_ID,BLOOD_BANK_ID,STAFF_CATEGORY_CODE,GENDER_MFU,STAFF_JOB_TITLE,STAFF_FIRST_NAME,STAFF_LAST_NAME,STAFF_BIRTH_DATE) values ('320','44','13','6','Female','VP Sales','Smith','Shovell',to_date('09.07.1995','DD.MM.RRRR'));
Insert into NUREKE.STAFF (STAFF_ID,ADDRESS_ID,BLOOD_BANK_ID,STAFF_CATEGORY_CODE,GENDER_MFU,STAFF_JOB_TITLE,STAFF_FIRST_NAME,STAFF_LAST_NAME,STAFF_BIRTH_DATE) values ('321','156','3','6','Female','Biostatistician III','Cori','Arnhold',to_date('17.05.1961','DD.MM.RRRR'));
Insert into NUREKE.STAFF (STAFF_ID,ADDRESS_ID,BLOOD_BANK_ID,STAFF_CATEGORY_CODE,GENDER_MFU,STAFF_JOB_TITLE,STAFF_FIRST_NAME,STAFF_LAST_NAME,STAFF_BIRTH_DATE) values ('322','123','7','4','Female','Database Administrator II','Georgie','Kenrick',to_date('02.04.1965','DD.MM.RRRR'));
Insert into NUREKE.STAFF (STAFF_ID,ADDRESS_ID,BLOOD_BANK_ID,STAFF_CATEGORY_CODE,GENDER_MFU,STAFF_JOB_TITLE,STAFF_FIRST_NAME,STAFF_LAST_NAME,STAFF_BIRTH_DATE) values ('323','193','12','5','Male','Marketing Assistant','Leonid','Fardy',to_date('05.02.1960','DD.MM.RRRR'));
Insert into NUREKE.STAFF (STAFF_ID,ADDRESS_ID,BLOOD_BANK_ID,STAFF_CATEGORY_CODE,GENDER_MFU,STAFF_JOB_TITLE,STAFF_FIRST_NAME,STAFF_LAST_NAME,STAFF_BIRTH_DATE) values ('324','257','2','2','Female','Analyst Programmer','Ajay','Lowrey',to_date('14.06.1977','DD.MM.RRRR'));
Insert into NUREKE.STAFF (STAFF_ID,ADDRESS_ID,BLOOD_BANK_ID,STAFF_CATEGORY_CODE,GENDER_MFU,STAFF_JOB_TITLE,STAFF_FIRST_NAME,STAFF_LAST_NAME,STAFF_BIRTH_DATE) values ('325','85','9','3','Female','Tax Accountant','Norrie','Foran',to_date('01.10.1982','DD.MM.RRRR'));
Insert into NUREKE.STAFF (STAFF_ID,ADDRESS_ID,BLOOD_BANK_ID,STAFF_CATEGORY_CODE,GENDER_MFU,STAFF_JOB_TITLE,STAFF_FIRST_NAME,STAFF_LAST_NAME,STAFF_BIRTH_DATE) values ('326','157','4','2','Female','Web Developer II','Tiphany','Hanshaw',to_date('26.08.1992','DD.MM.RRRR'));
Insert into NUREKE.STAFF (STAFF_ID,ADDRESS_ID,BLOOD_BANK_ID,STAFF_CATEGORY_CODE,GENDER_MFU,STAFF_JOB_TITLE,STAFF_FIRST_NAME,STAFF_LAST_NAME,STAFF_BIRTH_DATE) values ('327','234','4','6','Male','Director of Sales','Jorgan','Walsh',to_date('16.03.1990','DD.MM.RRRR'));
Insert into NUREKE.STAFF (STAFF_ID,ADDRESS_ID,BLOOD_BANK_ID,STAFF_CATEGORY_CODE,GENDER_MFU,STAFF_JOB_TITLE,STAFF_FIRST_NAME,STAFF_LAST_NAME,STAFF_BIRTH_DATE) values ('329','9','3','5','Female','Environmental Specialist','Charmain','Roome',to_date('06.10.1964','DD.MM.RRRR'));
Insert into NUREKE.STAFF (STAFF_ID,ADDRESS_ID,BLOOD_BANK_ID,STAFF_CATEGORY_CODE,GENDER_MFU,STAFF_JOB_TITLE,STAFF_FIRST_NAME,STAFF_LAST_NAME,STAFF_BIRTH_DATE) values ('330','166','10','6','Male','General Manager','Myrle','Woodley',to_date('02.07.1997','DD.MM.RRRR'));
Insert into NUREKE.STAFF (STAFF_ID,ADDRESS_ID,BLOOD_BANK_ID,STAFF_CATEGORY_CODE,GENDER_MFU,STAFF_JOB_TITLE,STAFF_FIRST_NAME,STAFF_LAST_NAME,STAFF_BIRTH_DATE) values ('331','90','9','5','Male','Environmental Tech','Tymothy','Frosch',to_date('02.11.1968','DD.MM.RRRR'));
Insert into NUREKE.STAFF (STAFF_ID,ADDRESS_ID,BLOOD_BANK_ID,STAFF_CATEGORY_CODE,GENDER_MFU,STAFF_JOB_TITLE,STAFF_FIRST_NAME,STAFF_LAST_NAME,STAFF_BIRTH_DATE) values ('332','256','7','5','Male','Teacher','Jayson','Woodison',to_date('20.11.1981','DD.MM.RRRR'));
Insert into NUREKE.STAFF (STAFF_ID,ADDRESS_ID,BLOOD_BANK_ID,STAFF_CATEGORY_CODE,GENDER_MFU,STAFF_JOB_TITLE,STAFF_FIRST_NAME,STAFF_LAST_NAME,STAFF_BIRTH_DATE) values ('333','67','11','2','Female','Director of Sales','Guido','Botwood',to_date('11.04.1973','DD.MM.RRRR'));
Insert into NUREKE.STAFF (STAFF_ID,ADDRESS_ID,BLOOD_BANK_ID,STAFF_CATEGORY_CODE,GENDER_MFU,STAFF_JOB_TITLE,STAFF_FIRST_NAME,STAFF_LAST_NAME,STAFF_BIRTH_DATE) values ('335','11','10','4','Female','Account Representative IV','Westbrook','Sephton',to_date('26.08.1993','DD.MM.RRRR'));
Insert into NUREKE.STAFF (STAFF_ID,ADDRESS_ID,BLOOD_BANK_ID,STAFF_CATEGORY_CODE,GENDER_MFU,STAFF_JOB_TITLE,STAFF_FIRST_NAME,STAFF_LAST_NAME,STAFF_BIRTH_DATE) values ('336','47','9','2','Female','Financial Analyst','Jaquenetta','Maro',to_date('10.05.1998','DD.MM.RRRR'));
Insert into NUREKE.STAFF (STAFF_ID,ADDRESS_ID,BLOOD_BANK_ID,STAFF_CATEGORY_CODE,GENDER_MFU,STAFF_JOB_TITLE,STAFF_FIRST_NAME,STAFF_LAST_NAME,STAFF_BIRTH_DATE) values ('337','185','6','4','Male','Physical Therapy Assistant','Leonardo','Dye',to_date('24.11.1968','DD.MM.RRRR'));
Insert into NUREKE.STAFF (STAFF_ID,ADDRESS_ID,BLOOD_BANK_ID,STAFF_CATEGORY_CODE,GENDER_MFU,STAFF_JOB_TITLE,STAFF_FIRST_NAME,STAFF_LAST_NAME,STAFF_BIRTH_DATE) values ('338','171','9','5','Female','Internal Auditor','Tiffani','Abramovic',to_date('05.10.1994','DD.MM.RRRR'));
Insert into NUREKE.STAFF (STAFF_ID,ADDRESS_ID,BLOOD_BANK_ID,STAFF_CATEGORY_CODE,GENDER_MFU,STAFF_JOB_TITLE,STAFF_FIRST_NAME,STAFF_LAST_NAME,STAFF_BIRTH_DATE) values ('339','86','11','6','Male','Senior Quality Engineer','Allyn','Cessford',to_date('24.06.1975','DD.MM.RRRR'));
REM INSERTING into NUREKE.RELIGIONS
SET DEFINE OFF;
Insert into NUREKE.RELIGIONS (RELIGION_CODE,RELIGION_NAME) values ('1','Islam');
Insert into NUREKE.RELIGIONS (RELIGION_CODE,RELIGION_NAME) values ('2','Christianity');
Insert into NUREKE.RELIGIONS (RELIGION_CODE,RELIGION_NAME) values ('3','Judaism');
Insert into NUREKE.RELIGIONS (RELIGION_CODE,RELIGION_NAME) values ('4','Buddhism');
Insert into NUREKE.RELIGIONS (RELIGION_CODE,RELIGION_NAME) values ('5','Hinduism');
REM INSERTING into NUREKE.MEDICAL_CONDITIONS
SET DEFINE OFF;
Insert into NUREKE.MEDICAL_CONDITIONS (CONDITION_CODE,CONDITION_DESCRIPTION) values ('1','1');
Insert into NUREKE.MEDICAL_CONDITIONS (CONDITION_CODE,CONDITION_DESCRIPTION) values ('2','0');
REM INSERTING into NUREKE.DONORS_MEDICAL_CONDITIONS
SET DEFINE OFF;
REM INSERTING into NUREKE.DONORS
SET DEFINE OFF;
Insert into NUREKE.DONORS (DONOR_ID,ADDRESS_ID,BLOOD_BANK_ID,RELIGION_CODE,GENDER_MFU,DATE_OF_BIRTH,FIRST_NAME,LAST_NAME,HOME_PHONE_NUM,WORK_PHONE_NUM,MOBILE_PHONE_NUM,MEDICAL_CONDITION) values ('1','72','10','2','Male',to_date('13.09.1980','DD.MM.RRRR'),'Ethyl','Bichener','709-431-5465','(353) 4244146','+254 (877) 127-6589','0');
Insert into NUREKE.DONORS (DONOR_ID,ADDRESS_ID,BLOOD_BANK_ID,RELIGION_CODE,GENDER_MFU,DATE_OF_BIRTH,FIRST_NAME,LAST_NAME,HOME_PHONE_NUM,WORK_PHONE_NUM,MOBILE_PHONE_NUM,MEDICAL_CONDITION) values ('2','12','9','3','Female',to_date('14.10.1990','DD.MM.RRRR'),'Sheilah','Feighry','498-777-2792','(277) 6063081','+36 (913) 129-3849','0');
Insert into NUREKE.DONORS (DONOR_ID,ADDRESS_ID,BLOOD_BANK_ID,RELIGION_CODE,GENDER_MFU,DATE_OF_BIRTH,FIRST_NAME,LAST_NAME,HOME_PHONE_NUM,WORK_PHONE_NUM,MOBILE_PHONE_NUM,MEDICAL_CONDITION) values ('3','36','10','3','Male',to_date('28.05.1975','DD.MM.RRRR'),'Becka','Giacopazzi','280-479-7015','(844) 2671669','+880 (549) 911-8264','1');
Insert into NUREKE.DONORS (DONOR_ID,ADDRESS_ID,BLOOD_BANK_ID,RELIGION_CODE,GENDER_MFU,DATE_OF_BIRTH,FIRST_NAME,LAST_NAME,HOME_PHONE_NUM,WORK_PHONE_NUM,MOBILE_PHONE_NUM,MEDICAL_CONDITION) values ('4','6','13','2','Female',to_date('01.02.1995','DD.MM.RRRR'),'Giacobo','Casero','705-424-1351','(285) 8575931','+7 (913) 465-4629','1');
Insert into NUREKE.DONORS (DONOR_ID,ADDRESS_ID,BLOOD_BANK_ID,RELIGION_CODE,GENDER_MFU,DATE_OF_BIRTH,FIRST_NAME,LAST_NAME,HOME_PHONE_NUM,WORK_PHONE_NUM,MOBILE_PHONE_NUM,MEDICAL_CONDITION) values ('5','273','3','3','Male',to_date('15.04.1991','DD.MM.RRRR'),'Aleksandr','Winney','569-396-9489','(499) 2834978','+55 (147) 398-6689','1');
Insert into NUREKE.DONORS (DONOR_ID,ADDRESS_ID,BLOOD_BANK_ID,RELIGION_CODE,GENDER_MFU,DATE_OF_BIRTH,FIRST_NAME,LAST_NAME,HOME_PHONE_NUM,WORK_PHONE_NUM,MOBILE_PHONE_NUM,MEDICAL_CONDITION) values ('6','171','5','2','Female',to_date('07.01.1986','DD.MM.RRRR'),'Estella','Hadcock','701-579-6547','(979) 7444074','+64 (681) 884-0009','1');
Insert into NUREKE.DONORS (DONOR_ID,ADDRESS_ID,BLOOD_BANK_ID,RELIGION_CODE,GENDER_MFU,DATE_OF_BIRTH,FIRST_NAME,LAST_NAME,HOME_PHONE_NUM,WORK_PHONE_NUM,MOBILE_PHONE_NUM,MEDICAL_CONDITION) values ('7','262','11','2','Female',to_date('10.02.1995','DD.MM.RRRR'),'Melina','McMillian','790-957-3125','(807) 7915089','+86 (977) 709-2144','1');
Insert into NUREKE.DONORS (DONOR_ID,ADDRESS_ID,BLOOD_BANK_ID,RELIGION_CODE,GENDER_MFU,DATE_OF_BIRTH,FIRST_NAME,LAST_NAME,HOME_PHONE_NUM,WORK_PHONE_NUM,MOBILE_PHONE_NUM,MEDICAL_CONDITION) values ('8','93','11','2','Female',to_date('23.02.1997','DD.MM.RRRR'),'Peri','Lofthouse','165-282-9969','(740) 3949771','+86 (722) 745-0812','1');
Insert into NUREKE.DONORS (DONOR_ID,ADDRESS_ID,BLOOD_BANK_ID,RELIGION_CODE,GENDER_MFU,DATE_OF_BIRTH,FIRST_NAME,LAST_NAME,HOME_PHONE_NUM,WORK_PHONE_NUM,MOBILE_PHONE_NUM,MEDICAL_CONDITION) values ('9','17','8','1','Female',to_date('17.02.1998','DD.MM.RRRR'),'Jerry','Prew','101-628-0959','(184) 2123731','+46 (667) 271-0935','0');
Insert into NUREKE.DONORS (DONOR_ID,ADDRESS_ID,BLOOD_BANK_ID,RELIGION_CODE,GENDER_MFU,DATE_OF_BIRTH,FIRST_NAME,LAST_NAME,HOME_PHONE_NUM,WORK_PHONE_NUM,MOBILE_PHONE_NUM,MEDICAL_CONDITION) values ('10','29','4','2','Male',to_date('09.01.1990','DD.MM.RRRR'),'Gabbie','Breznovic','379-452-1369','(400) 4606569','+354 (117) 556-3979','1');
Insert into NUREKE.DONORS (DONOR_ID,ADDRESS_ID,BLOOD_BANK_ID,RELIGION_CODE,GENDER_MFU,DATE_OF_BIRTH,FIRST_NAME,LAST_NAME,HOME_PHONE_NUM,WORK_PHONE_NUM,MOBILE_PHONE_NUM,MEDICAL_CONDITION) values ('11','55','3','2','Female',to_date('14.11.1991','DD.MM.RRRR'),'Pen','Esser','278-722-8080','(377) 7247091','+351 (465) 909-3587','1');
Insert into NUREKE.DONORS (DONOR_ID,ADDRESS_ID,BLOOD_BANK_ID,RELIGION_CODE,GENDER_MFU,DATE_OF_BIRTH,FIRST_NAME,LAST_NAME,HOME_PHONE_NUM,WORK_PHONE_NUM,MOBILE_PHONE_NUM,MEDICAL_CONDITION) values ('12','253','11','2','Male',to_date('10.02.1993','DD.MM.RRRR'),'Wynn','Hulles','262-828-7753','(432) 8082853','+44 (627) 219-0347','1');
Insert into NUREKE.DONORS (DONOR_ID,ADDRESS_ID,BLOOD_BANK_ID,RELIGION_CODE,GENDER_MFU,DATE_OF_BIRTH,FIRST_NAME,LAST_NAME,HOME_PHONE_NUM,WORK_PHONE_NUM,MOBILE_PHONE_NUM,MEDICAL_CONDITION) values ('13','36','1','2','Male',to_date('18.10.1974','DD.MM.RRRR'),'Diandra','Kindley','519-950-6164','(340) 7186876','+53 (753) 189-9255','1');
Insert into NUREKE.DONORS (DONOR_ID,ADDRESS_ID,BLOOD_BANK_ID,RELIGION_CODE,GENDER_MFU,DATE_OF_BIRTH,FIRST_NAME,LAST_NAME,HOME_PHONE_NUM,WORK_PHONE_NUM,MOBILE_PHONE_NUM,MEDICAL_CONDITION) values ('14','164','4','2','Female',to_date('17.05.1987','DD.MM.RRRR'),'Antony','Heinemann','189-278-2069','(183) 5270191','+63 (938) 420-4347','0');
Insert into NUREKE.DONORS (DONOR_ID,ADDRESS_ID,BLOOD_BANK_ID,RELIGION_CODE,GENDER_MFU,DATE_OF_BIRTH,FIRST_NAME,LAST_NAME,HOME_PHONE_NUM,WORK_PHONE_NUM,MOBILE_PHONE_NUM,MEDICAL_CONDITION) values ('15','84','5','2','Male',to_date('05.06.1981','DD.MM.RRRR'),'Christan','Wilmore','870-776-8160','(398) 4285025','+86 (354) 462-0229','1');
Insert into NUREKE.DONORS (DONOR_ID,ADDRESS_ID,BLOOD_BANK_ID,RELIGION_CODE,GENDER_MFU,DATE_OF_BIRTH,FIRST_NAME,LAST_NAME,HOME_PHONE_NUM,WORK_PHONE_NUM,MOBILE_PHONE_NUM,MEDICAL_CONDITION) values ('16','217','9','3','Male',to_date('21.06.1997','DD.MM.RRRR'),'Cloe','Shorte','106-363-1379','(522) 3884021','+62 (720) 255-8580','0');
Insert into NUREKE.DONORS (DONOR_ID,ADDRESS_ID,BLOOD_BANK_ID,RELIGION_CODE,GENDER_MFU,DATE_OF_BIRTH,FIRST_NAME,LAST_NAME,HOME_PHONE_NUM,WORK_PHONE_NUM,MOBILE_PHONE_NUM,MEDICAL_CONDITION) values ('17','287','10','3','Male',to_date('21.12.1985','DD.MM.RRRR'),'Kip','Coventry','800-278-5763','(498) 6219914','+81 (470) 751-8141','0');
Insert into NUREKE.DONORS (DONOR_ID,ADDRESS_ID,BLOOD_BANK_ID,RELIGION_CODE,GENDER_MFU,DATE_OF_BIRTH,FIRST_NAME,LAST_NAME,HOME_PHONE_NUM,WORK_PHONE_NUM,MOBILE_PHONE_NUM,MEDICAL_CONDITION) values ('18','291','10','1','Male',to_date('06.08.1974','DD.MM.RRRR'),'Sarge','de Savery','816-875-3844','(369) 4894473','+33 (490) 684-3450','0');
Insert into NUREKE.DONORS (DONOR_ID,ADDRESS_ID,BLOOD_BANK_ID,RELIGION_CODE,GENDER_MFU,DATE_OF_BIRTH,FIRST_NAME,LAST_NAME,HOME_PHONE_NUM,WORK_PHONE_NUM,MOBILE_PHONE_NUM,MEDICAL_CONDITION) values ('19','47','10','1','Male',to_date('26.09.1990','DD.MM.RRRR'),'Suki','Wyness','681-355-1943','(396) 5133615','+27 (951) 853-2685','1');
Insert into NUREKE.DONORS (DONOR_ID,ADDRESS_ID,BLOOD_BANK_ID,RELIGION_CODE,GENDER_MFU,DATE_OF_BIRTH,FIRST_NAME,LAST_NAME,HOME_PHONE_NUM,WORK_PHONE_NUM,MOBILE_PHONE_NUM,MEDICAL_CONDITION) values ('20','190','12','2','Male',to_date('05.05.1981','DD.MM.RRRR'),'Katusha','Degoe','345-552-0012','(742) 2321000','+86 (428) 298-9247','1');
Insert into NUREKE.DONORS (DONOR_ID,ADDRESS_ID,BLOOD_BANK_ID,RELIGION_CODE,GENDER_MFU,DATE_OF_BIRTH,FIRST_NAME,LAST_NAME,HOME_PHONE_NUM,WORK_PHONE_NUM,MOBILE_PHONE_NUM,MEDICAL_CONDITION) values ('21','95','7','1','Female',to_date('19.06.1993','DD.MM.RRRR'),'Bev','Clail','926-504-5116','(878) 8765606','+95 (931) 136-8140','1');
Insert into NUREKE.DONORS (DONOR_ID,ADDRESS_ID,BLOOD_BANK_ID,RELIGION_CODE,GENDER_MFU,DATE_OF_BIRTH,FIRST_NAME,LAST_NAME,HOME_PHONE_NUM,WORK_PHONE_NUM,MOBILE_PHONE_NUM,MEDICAL_CONDITION) values ('22','208','1','3','Male',to_date('21.09.1990','DD.MM.RRRR'),'Gerald','Chaperlin','414-383-9961','(432) 5410734','+86 (259) 141-5511','0');
Insert into NUREKE.DONORS (DONOR_ID,ADDRESS_ID,BLOOD_BANK_ID,RELIGION_CODE,GENDER_MFU,DATE_OF_BIRTH,FIRST_NAME,LAST_NAME,HOME_PHONE_NUM,WORK_PHONE_NUM,MOBILE_PHONE_NUM,MEDICAL_CONDITION) values ('23','107','10','1','Male',to_date('12.04.1979','DD.MM.RRRR'),'Alaster','Asher','974-177-7235','(201) 5921190','+86 (955) 437-5150','1');
Insert into NUREKE.DONORS (DONOR_ID,ADDRESS_ID,BLOOD_BANK_ID,RELIGION_CODE,GENDER_MFU,DATE_OF_BIRTH,FIRST_NAME,LAST_NAME,HOME_PHONE_NUM,WORK_PHONE_NUM,MOBILE_PHONE_NUM,MEDICAL_CONDITION) values ('24','286','6','1','Female',to_date('17.07.1995','DD.MM.RRRR'),'Putnam','Nolot','815-135-6216','(773) 3344055','+967 (920) 440-9480','1');
Insert into NUREKE.DONORS (DONOR_ID,ADDRESS_ID,BLOOD_BANK_ID,RELIGION_CODE,GENDER_MFU,DATE_OF_BIRTH,FIRST_NAME,LAST_NAME,HOME_PHONE_NUM,WORK_PHONE_NUM,MOBILE_PHONE_NUM,MEDICAL_CONDITION) values ('25','18','11','3','Male',to_date('09.06.1975','DD.MM.RRRR'),'Shelagh','Sutton','674-892-0283','(244) 1885884','+351 (659) 121-7648','1');
Insert into NUREKE.DONORS (DONOR_ID,ADDRESS_ID,BLOOD_BANK_ID,RELIGION_CODE,GENDER_MFU,DATE_OF_BIRTH,FIRST_NAME,LAST_NAME,HOME_PHONE_NUM,WORK_PHONE_NUM,MOBILE_PHONE_NUM,MEDICAL_CONDITION) values ('26','222','5','2','Female',to_date('22.04.1986','DD.MM.RRRR'),'Jeffy','Whalebelly','517-167-1382','(657) 2635161','+386 (277) 485-0116','1');
Insert into NUREKE.DONORS (DONOR_ID,ADDRESS_ID,BLOOD_BANK_ID,RELIGION_CODE,GENDER_MFU,DATE_OF_BIRTH,FIRST_NAME,LAST_NAME,HOME_PHONE_NUM,WORK_PHONE_NUM,MOBILE_PHONE_NUM,MEDICAL_CONDITION) values ('27','241','8','1','Female',to_date('19.03.1976','DD.MM.RRRR'),'Beret','Sadgrove','400-958-0168','(641) 7781758','+7 (919) 243-1944','1');
Insert into NUREKE.DONORS (DONOR_ID,ADDRESS_ID,BLOOD_BANK_ID,RELIGION_CODE,GENDER_MFU,DATE_OF_BIRTH,FIRST_NAME,LAST_NAME,HOME_PHONE_NUM,WORK_PHONE_NUM,MOBILE_PHONE_NUM,MEDICAL_CONDITION) values ('28','155','6','1','Male',to_date('03.12.1996','DD.MM.RRRR'),'Adda','Fletham','502-506-4144','(177) 5196388','+62 (266) 962-6923','0');
Insert into NUREKE.DONORS (DONOR_ID,ADDRESS_ID,BLOOD_BANK_ID,RELIGION_CODE,GENDER_MFU,DATE_OF_BIRTH,FIRST_NAME,LAST_NAME,HOME_PHONE_NUM,WORK_PHONE_NUM,MOBILE_PHONE_NUM,MEDICAL_CONDITION) values ('29','157','3','1','Male',to_date('27.09.1977','DD.MM.RRRR'),'Gannie','Hubbocks','654-709-4049','(609) 6148994','+86 (848) 237-7787','0');
Insert into NUREKE.DONORS (DONOR_ID,ADDRESS_ID,BLOOD_BANK_ID,RELIGION_CODE,GENDER_MFU,DATE_OF_BIRTH,FIRST_NAME,LAST_NAME,HOME_PHONE_NUM,WORK_PHONE_NUM,MOBILE_PHONE_NUM,MEDICAL_CONDITION) values ('30','150','10','3','Female',to_date('11.12.1973','DD.MM.RRRR'),'Janos','Georgiades','996-254-0765','(391) 2160176','+86 (463) 987-2788','0');
Insert into NUREKE.DONORS (DONOR_ID,ADDRESS_ID,BLOOD_BANK_ID,RELIGION_CODE,GENDER_MFU,DATE_OF_BIRTH,FIRST_NAME,LAST_NAME,HOME_PHONE_NUM,WORK_PHONE_NUM,MOBILE_PHONE_NUM,MEDICAL_CONDITION) values ('31','201','7','1','Female',to_date('08.06.1987','DD.MM.RRRR'),'Yuri','Iowarch','757-678-1763','(584) 3875684','+86 (527) 428-1925','0');
Insert into NUREKE.DONORS (DONOR_ID,ADDRESS_ID,BLOOD_BANK_ID,RELIGION_CODE,GENDER_MFU,DATE_OF_BIRTH,FIRST_NAME,LAST_NAME,HOME_PHONE_NUM,WORK_PHONE_NUM,MOBILE_PHONE_NUM,MEDICAL_CONDITION) values ('32','167','13','3','Female',to_date('20.03.1986','DD.MM.RRRR'),'Ham','Gerrens','216-646-2345','(539) 8222209','+86 (338) 309-0270','1');
Insert into NUREKE.DONORS (DONOR_ID,ADDRESS_ID,BLOOD_BANK_ID,RELIGION_CODE,GENDER_MFU,DATE_OF_BIRTH,FIRST_NAME,LAST_NAME,HOME_PHONE_NUM,WORK_PHONE_NUM,MOBILE_PHONE_NUM,MEDICAL_CONDITION) values ('33','236','4','1','Male',to_date('04.09.1998','DD.MM.RRRR'),'Corrianne','Hew','853-406-6885','(719) 5830327','+86 (590) 464-7551','0');
Insert into NUREKE.DONORS (DONOR_ID,ADDRESS_ID,BLOOD_BANK_ID,RELIGION_CODE,GENDER_MFU,DATE_OF_BIRTH,FIRST_NAME,LAST_NAME,HOME_PHONE_NUM,WORK_PHONE_NUM,MOBILE_PHONE_NUM,MEDICAL_CONDITION) values ('34','226','7','3','Male',to_date('07.08.1974','DD.MM.RRRR'),'Tammara','Helm','588-306-5501','(626) 5101642','+86 (647) 887-8315','0');
Insert into NUREKE.DONORS (DONOR_ID,ADDRESS_ID,BLOOD_BANK_ID,RELIGION_CODE,GENDER_MFU,DATE_OF_BIRTH,FIRST_NAME,LAST_NAME,HOME_PHONE_NUM,WORK_PHONE_NUM,MOBILE_PHONE_NUM,MEDICAL_CONDITION) values ('35','55','12','1','Female',to_date('04.05.2001','DD.MM.RRRR'),'Kat','Mullarkey','830-366-8526','(572) 9169722','+998 (885) 931-2488','0');
Insert into NUREKE.DONORS (DONOR_ID,ADDRESS_ID,BLOOD_BANK_ID,RELIGION_CODE,GENDER_MFU,DATE_OF_BIRTH,FIRST_NAME,LAST_NAME,HOME_PHONE_NUM,WORK_PHONE_NUM,MOBILE_PHONE_NUM,MEDICAL_CONDITION) values ('36','246','8','2','Female',to_date('19.06.1988','DD.MM.RRRR'),'Eugenio','Carcass','167-981-6542','(757) 2985311','+7 (119) 334-0032','0');
Insert into NUREKE.DONORS (DONOR_ID,ADDRESS_ID,BLOOD_BANK_ID,RELIGION_CODE,GENDER_MFU,DATE_OF_BIRTH,FIRST_NAME,LAST_NAME,HOME_PHONE_NUM,WORK_PHONE_NUM,MOBILE_PHONE_NUM,MEDICAL_CONDITION) values ('37','131','1','2','Female',to_date('24.04.1974','DD.MM.RRRR'),'Carmine','Dmisek','731-652-8417','(679) 8793115','+62 (771) 856-5635','1');
Insert into NUREKE.DONORS (DONOR_ID,ADDRESS_ID,BLOOD_BANK_ID,RELIGION_CODE,GENDER_MFU,DATE_OF_BIRTH,FIRST_NAME,LAST_NAME,HOME_PHONE_NUM,WORK_PHONE_NUM,MOBILE_PHONE_NUM,MEDICAL_CONDITION) values ('38','98','13','2','Male',to_date('27.03.1974','DD.MM.RRRR'),'Melli','Yushmanov','545-505-8055','(916) 7574343','+62 (218) 827-9800','1');
Insert into NUREKE.DONORS (DONOR_ID,ADDRESS_ID,BLOOD_BANK_ID,RELIGION_CODE,GENDER_MFU,DATE_OF_BIRTH,FIRST_NAME,LAST_NAME,HOME_PHONE_NUM,WORK_PHONE_NUM,MOBILE_PHONE_NUM,MEDICAL_CONDITION) values ('39','91','8','2','Female',to_date('11.07.1989','DD.MM.RRRR'),'Jean','Baggett','957-832-0350','(253) 8731839','+7 (811) 737-6358','1');
Insert into NUREKE.DONORS (DONOR_ID,ADDRESS_ID,BLOOD_BANK_ID,RELIGION_CODE,GENDER_MFU,DATE_OF_BIRTH,FIRST_NAME,LAST_NAME,HOME_PHONE_NUM,WORK_PHONE_NUM,MOBILE_PHONE_NUM,MEDICAL_CONDITION) values ('40','31','5','3','Female',to_date('05.01.1986','DD.MM.RRRR'),'Cassie','Dunlap','706-252-2632','(579) 6068191','+261 (610) 195-1480','1');
Insert into NUREKE.DONORS (DONOR_ID,ADDRESS_ID,BLOOD_BANK_ID,RELIGION_CODE,GENDER_MFU,DATE_OF_BIRTH,FIRST_NAME,LAST_NAME,HOME_PHONE_NUM,WORK_PHONE_NUM,MOBILE_PHONE_NUM,MEDICAL_CONDITION) values ('41','280','13','1','Female',to_date('19.12.1986','DD.MM.RRRR'),'Federica','Lidgely','647-852-5444','(886) 4936515','+55 (259) 846-9294','1');
Insert into NUREKE.DONORS (DONOR_ID,ADDRESS_ID,BLOOD_BANK_ID,RELIGION_CODE,GENDER_MFU,DATE_OF_BIRTH,FIRST_NAME,LAST_NAME,HOME_PHONE_NUM,WORK_PHONE_NUM,MOBILE_PHONE_NUM,MEDICAL_CONDITION) values ('42','169','8','3','Female',to_date('08.02.1990','DD.MM.RRRR'),'Tami','Smyley','940-900-7999','(888) 4497405','+56 (670) 221-3854','1');
Insert into NUREKE.DONORS (DONOR_ID,ADDRESS_ID,BLOOD_BANK_ID,RELIGION_CODE,GENDER_MFU,DATE_OF_BIRTH,FIRST_NAME,LAST_NAME,HOME_PHONE_NUM,WORK_PHONE_NUM,MOBILE_PHONE_NUM,MEDICAL_CONDITION) values ('43','201','3','3','Male',to_date('23.01.1992','DD.MM.RRRR'),'Roze','Knyvett','438-717-3509','(862) 3853075','+7 (598) 484-2381','1');
Insert into NUREKE.DONORS (DONOR_ID,ADDRESS_ID,BLOOD_BANK_ID,RELIGION_CODE,GENDER_MFU,DATE_OF_BIRTH,FIRST_NAME,LAST_NAME,HOME_PHONE_NUM,WORK_PHONE_NUM,MOBILE_PHONE_NUM,MEDICAL_CONDITION) values ('44','32','4','3','Female',to_date('10.12.1974','DD.MM.RRRR'),'Othella','Coppenhall','288-255-2231','(574) 9521388','+380 (556) 901-3879','1');
Insert into NUREKE.DONORS (DONOR_ID,ADDRESS_ID,BLOOD_BANK_ID,RELIGION_CODE,GENDER_MFU,DATE_OF_BIRTH,FIRST_NAME,LAST_NAME,HOME_PHONE_NUM,WORK_PHONE_NUM,MOBILE_PHONE_NUM,MEDICAL_CONDITION) values ('45','5','9','3','Female',to_date('08.03.1979','DD.MM.RRRR'),'Audrye','Ionnidis','156-592-5872','(571) 1968153','+380 (951) 211-0602','0');
Insert into NUREKE.DONORS (DONOR_ID,ADDRESS_ID,BLOOD_BANK_ID,RELIGION_CODE,GENDER_MFU,DATE_OF_BIRTH,FIRST_NAME,LAST_NAME,HOME_PHONE_NUM,WORK_PHONE_NUM,MOBILE_PHONE_NUM,MEDICAL_CONDITION) values ('46','213','8','2','Male',to_date('28.12.1979','DD.MM.RRRR'),'Bruce','Escoffier','649-549-8608','(907) 9896398','+86 (914) 927-4501','1');
Insert into NUREKE.DONORS (DONOR_ID,ADDRESS_ID,BLOOD_BANK_ID,RELIGION_CODE,GENDER_MFU,DATE_OF_BIRTH,FIRST_NAME,LAST_NAME,HOME_PHONE_NUM,WORK_PHONE_NUM,MOBILE_PHONE_NUM,MEDICAL_CONDITION) values ('47','71','5','2','Female',to_date('15.11.1981','DD.MM.RRRR'),'Maible','Gerald','727-594-9671','(362) 4018961','+593 (883) 588-2497','0');
Insert into NUREKE.DONORS (DONOR_ID,ADDRESS_ID,BLOOD_BANK_ID,RELIGION_CODE,GENDER_MFU,DATE_OF_BIRTH,FIRST_NAME,LAST_NAME,HOME_PHONE_NUM,WORK_PHONE_NUM,MOBILE_PHONE_NUM,MEDICAL_CONDITION) values ('48','210','11','1','Male',to_date('23.11.1974','DD.MM.RRRR'),'Lurline','Genever','696-532-3822','(248) 5191725','+7 (790) 926-0487','0');
Insert into NUREKE.DONORS (DONOR_ID,ADDRESS_ID,BLOOD_BANK_ID,RELIGION_CODE,GENDER_MFU,DATE_OF_BIRTH,FIRST_NAME,LAST_NAME,HOME_PHONE_NUM,WORK_PHONE_NUM,MOBILE_PHONE_NUM,MEDICAL_CONDITION) values ('49','43','5','1','Female',to_date('07.06.1995','DD.MM.RRRR'),'Georgy','Satcher','898-434-1161','(470) 1448713','+358 (990) 722-4265','1');
Insert into NUREKE.DONORS (DONOR_ID,ADDRESS_ID,BLOOD_BANK_ID,RELIGION_CODE,GENDER_MFU,DATE_OF_BIRTH,FIRST_NAME,LAST_NAME,HOME_PHONE_NUM,WORK_PHONE_NUM,MOBILE_PHONE_NUM,MEDICAL_CONDITION) values ('50','263','13','2','Male',to_date('20.12.1985','DD.MM.RRRR'),'Thibaud','Amies','576-602-7249','(608) 4416273','+62 (383) 199-3711','0');
Insert into NUREKE.DONORS (DONOR_ID,ADDRESS_ID,BLOOD_BANK_ID,RELIGION_CODE,GENDER_MFU,DATE_OF_BIRTH,FIRST_NAME,LAST_NAME,HOME_PHONE_NUM,WORK_PHONE_NUM,MOBILE_PHONE_NUM,MEDICAL_CONDITION) values ('51','158','7','1','Female',to_date('28.08.1997','DD.MM.RRRR'),'Neel','Neligan','256-979-3820','(539) 5805187','+7 (774) 703-7953','1');
Insert into NUREKE.DONORS (DONOR_ID,ADDRESS_ID,BLOOD_BANK_ID,RELIGION_CODE,GENDER_MFU,DATE_OF_BIRTH,FIRST_NAME,LAST_NAME,HOME_PHONE_NUM,WORK_PHONE_NUM,MOBILE_PHONE_NUM,MEDICAL_CONDITION) values ('52','155','4','2','Male',to_date('31.12.1997','DD.MM.RRRR'),'Lancelot','Dohrmann','552-375-6098','(859) 5356301','+33 (754) 801-2547','1');
Insert into NUREKE.DONORS (DONOR_ID,ADDRESS_ID,BLOOD_BANK_ID,RELIGION_CODE,GENDER_MFU,DATE_OF_BIRTH,FIRST_NAME,LAST_NAME,HOME_PHONE_NUM,WORK_PHONE_NUM,MOBILE_PHONE_NUM,MEDICAL_CONDITION) values ('53','110','8','1','Male',to_date('03.01.1991','DD.MM.RRRR'),'Aundrea','Shipsey','583-160-3164','(707) 3843367','+34 (687) 681-4769','1');
Insert into NUREKE.DONORS (DONOR_ID,ADDRESS_ID,BLOOD_BANK_ID,RELIGION_CODE,GENDER_MFU,DATE_OF_BIRTH,FIRST_NAME,LAST_NAME,HOME_PHONE_NUM,WORK_PHONE_NUM,MOBILE_PHONE_NUM,MEDICAL_CONDITION) values ('54','43','2','2','Male',to_date('24.11.1995','DD.MM.RRRR'),'Hillie','Dearlove','461-201-8791','(686) 3708993','+55 (496) 575-8584','1');
Insert into NUREKE.DONORS (DONOR_ID,ADDRESS_ID,BLOOD_BANK_ID,RELIGION_CODE,GENDER_MFU,DATE_OF_BIRTH,FIRST_NAME,LAST_NAME,HOME_PHONE_NUM,WORK_PHONE_NUM,MOBILE_PHONE_NUM,MEDICAL_CONDITION) values ('55','7','9','2','Female',to_date('04.10.1994','DD.MM.RRRR'),'Elvera','Dawe','460-806-6077','(669) 5354572','+86 (400) 378-7937','1');
Insert into NUREKE.DONORS (DONOR_ID,ADDRESS_ID,BLOOD_BANK_ID,RELIGION_CODE,GENDER_MFU,DATE_OF_BIRTH,FIRST_NAME,LAST_NAME,HOME_PHONE_NUM,WORK_PHONE_NUM,MOBILE_PHONE_NUM,MEDICAL_CONDITION) values ('56','207','1','2','Male',to_date('24.03.1997','DD.MM.RRRR'),'Zacharias','Noone','219-955-0766','(819) 6763963','+48 (763) 231-7378','1');
Insert into NUREKE.DONORS (DONOR_ID,ADDRESS_ID,BLOOD_BANK_ID,RELIGION_CODE,GENDER_MFU,DATE_OF_BIRTH,FIRST_NAME,LAST_NAME,HOME_PHONE_NUM,WORK_PHONE_NUM,MOBILE_PHONE_NUM,MEDICAL_CONDITION) values ('57','127','1','3','Female',to_date('10.06.1992','DD.MM.RRRR'),'Shurlocke','Simonich','518-513-8624','(761) 8686131','+687 (654) 518-1588','1');
Insert into NUREKE.DONORS (DONOR_ID,ADDRESS_ID,BLOOD_BANK_ID,RELIGION_CODE,GENDER_MFU,DATE_OF_BIRTH,FIRST_NAME,LAST_NAME,HOME_PHONE_NUM,WORK_PHONE_NUM,MOBILE_PHONE_NUM,MEDICAL_CONDITION) values ('58','204','5','2','Male',to_date('13.12.1997','DD.MM.RRRR'),'Dayle','Furby','299-896-4995','(729) 8802521','+375 (365) 945-0685','1');
Insert into NUREKE.DONORS (DONOR_ID,ADDRESS_ID,BLOOD_BANK_ID,RELIGION_CODE,GENDER_MFU,DATE_OF_BIRTH,FIRST_NAME,LAST_NAME,HOME_PHONE_NUM,WORK_PHONE_NUM,MOBILE_PHONE_NUM,MEDICAL_CONDITION) values ('59','279','11','2','Female',to_date('29.06.1999','DD.MM.RRRR'),'Cyrus','Marishenko','313-287-1270','(613) 7232121','+506 (299) 802-6860','1');
Insert into NUREKE.DONORS (DONOR_ID,ADDRESS_ID,BLOOD_BANK_ID,RELIGION_CODE,GENDER_MFU,DATE_OF_BIRTH,FIRST_NAME,LAST_NAME,HOME_PHONE_NUM,WORK_PHONE_NUM,MOBILE_PHONE_NUM,MEDICAL_CONDITION) values ('60','170','2','3','Male',to_date('10.04.1977','DD.MM.RRRR'),'Esme','Missington','343-376-8010','(355) 2452884','+55 (619) 111-8590','1');
Insert into NUREKE.DONORS (DONOR_ID,ADDRESS_ID,BLOOD_BANK_ID,RELIGION_CODE,GENDER_MFU,DATE_OF_BIRTH,FIRST_NAME,LAST_NAME,HOME_PHONE_NUM,WORK_PHONE_NUM,MOBILE_PHONE_NUM,MEDICAL_CONDITION) values ('61','234','11','1','Female',to_date('21.04.1995','DD.MM.RRRR'),'Adele','Sawkins','750-197-6366','(637) 9779834','+66 (606) 758-9169','1');
Insert into NUREKE.DONORS (DONOR_ID,ADDRESS_ID,BLOOD_BANK_ID,RELIGION_CODE,GENDER_MFU,DATE_OF_BIRTH,FIRST_NAME,LAST_NAME,HOME_PHONE_NUM,WORK_PHONE_NUM,MOBILE_PHONE_NUM,MEDICAL_CONDITION) values ('62','260','8','1','Male',to_date('15.04.1992','DD.MM.RRRR'),'Leonard','Abdee','348-724-5146','(844) 4840456','+57 (523) 662-5622','0');
Insert into NUREKE.DONORS (DONOR_ID,ADDRESS_ID,BLOOD_BANK_ID,RELIGION_CODE,GENDER_MFU,DATE_OF_BIRTH,FIRST_NAME,LAST_NAME,HOME_PHONE_NUM,WORK_PHONE_NUM,MOBILE_PHONE_NUM,MEDICAL_CONDITION) values ('63','64','12','2','Female',to_date('08.04.1983','DD.MM.RRRR'),'Amabel','South','971-898-5780','(177) 7429409','+33 (525) 915-2040','0');
Insert into NUREKE.DONORS (DONOR_ID,ADDRESS_ID,BLOOD_BANK_ID,RELIGION_CODE,GENDER_MFU,DATE_OF_BIRTH,FIRST_NAME,LAST_NAME,HOME_PHONE_NUM,WORK_PHONE_NUM,MOBILE_PHONE_NUM,MEDICAL_CONDITION) values ('64','143','13','2','Male',to_date('31.05.1998','DD.MM.RRRR'),'Howie','Grinyer','497-407-9249','(579) 6788609','+63 (513) 198-2393','0');
Insert into NUREKE.DONORS (DONOR_ID,ADDRESS_ID,BLOOD_BANK_ID,RELIGION_CODE,GENDER_MFU,DATE_OF_BIRTH,FIRST_NAME,LAST_NAME,HOME_PHONE_NUM,WORK_PHONE_NUM,MOBILE_PHONE_NUM,MEDICAL_CONDITION) values ('65','203','13','1','Female',to_date('17.02.1988','DD.MM.RRRR'),'Wenda','Menico','326-547-3735','(740) 9038184','+66 (588) 223-0536','1');
Insert into NUREKE.DONORS (DONOR_ID,ADDRESS_ID,BLOOD_BANK_ID,RELIGION_CODE,GENDER_MFU,DATE_OF_BIRTH,FIRST_NAME,LAST_NAME,HOME_PHONE_NUM,WORK_PHONE_NUM,MOBILE_PHONE_NUM,MEDICAL_CONDITION) values ('66','257','13','1','Male',to_date('16.12.1983','DD.MM.RRRR'),'Cobby','Brisset','107-975-8503','(679) 2849356','+86 (412) 687-5508','1');
Insert into NUREKE.DONORS (DONOR_ID,ADDRESS_ID,BLOOD_BANK_ID,RELIGION_CODE,GENDER_MFU,DATE_OF_BIRTH,FIRST_NAME,LAST_NAME,HOME_PHONE_NUM,WORK_PHONE_NUM,MOBILE_PHONE_NUM,MEDICAL_CONDITION) values ('67','146','10','2','Female',to_date('04.08.1974','DD.MM.RRRR'),'Mahala','Witt','833-726-1196','(607) 2403179','+57 (755) 568-8450','0');
Insert into NUREKE.DONORS (DONOR_ID,ADDRESS_ID,BLOOD_BANK_ID,RELIGION_CODE,GENDER_MFU,DATE_OF_BIRTH,FIRST_NAME,LAST_NAME,HOME_PHONE_NUM,WORK_PHONE_NUM,MOBILE_PHONE_NUM,MEDICAL_CONDITION) values ('68','119','9','3','Male',to_date('15.05.1986','DD.MM.RRRR'),'Merle','Attard','425-470-3166','(397) 9767155','+850 (422) 397-3022','0');
Insert into NUREKE.DONORS (DONOR_ID,ADDRESS_ID,BLOOD_BANK_ID,RELIGION_CODE,GENDER_MFU,DATE_OF_BIRTH,FIRST_NAME,LAST_NAME,HOME_PHONE_NUM,WORK_PHONE_NUM,MOBILE_PHONE_NUM,MEDICAL_CONDITION) values ('69','169','9','3','Female',to_date('19.08.1979','DD.MM.RRRR'),'Gilligan','Canto','932-118-1096','(868) 5786147','+374 (932) 686-1252','1');
Insert into NUREKE.DONORS (DONOR_ID,ADDRESS_ID,BLOOD_BANK_ID,RELIGION_CODE,GENDER_MFU,DATE_OF_BIRTH,FIRST_NAME,LAST_NAME,HOME_PHONE_NUM,WORK_PHONE_NUM,MOBILE_PHONE_NUM,MEDICAL_CONDITION) values ('70','249','13','3','Female',to_date('16.09.1977','DD.MM.RRRR'),'Karoline','Gamblin','364-790-2776','(529) 8555478','+45 (522) 817-0147','1');
Insert into NUREKE.DONORS (DONOR_ID,ADDRESS_ID,BLOOD_BANK_ID,RELIGION_CODE,GENDER_MFU,DATE_OF_BIRTH,FIRST_NAME,LAST_NAME,HOME_PHONE_NUM,WORK_PHONE_NUM,MOBILE_PHONE_NUM,MEDICAL_CONDITION) values ('71','105','10','2','Female',to_date('17.01.1992','DD.MM.RRRR'),'Mac','MacKnocker','144-475-5160','(243) 6311275','+51 (352) 121-8257','1');
Insert into NUREKE.DONORS (DONOR_ID,ADDRESS_ID,BLOOD_BANK_ID,RELIGION_CODE,GENDER_MFU,DATE_OF_BIRTH,FIRST_NAME,LAST_NAME,HOME_PHONE_NUM,WORK_PHONE_NUM,MOBILE_PHONE_NUM,MEDICAL_CONDITION) values ('72','292','1','1','Male',to_date('18.06.2000','DD.MM.RRRR'),'Madelaine','Madrell','151-792-6137','(580) 7013922','+86 (526) 845-7490','1');
Insert into NUREKE.DONORS (DONOR_ID,ADDRESS_ID,BLOOD_BANK_ID,RELIGION_CODE,GENDER_MFU,DATE_OF_BIRTH,FIRST_NAME,LAST_NAME,HOME_PHONE_NUM,WORK_PHONE_NUM,MOBILE_PHONE_NUM,MEDICAL_CONDITION) values ('73','105','4','3','Female',to_date('14.11.1987','DD.MM.RRRR'),'Ernie','Lincoln','888-203-0120','(976) 8709240','+48 (700) 918-7489','0');
Insert into NUREKE.DONORS (DONOR_ID,ADDRESS_ID,BLOOD_BANK_ID,RELIGION_CODE,GENDER_MFU,DATE_OF_BIRTH,FIRST_NAME,LAST_NAME,HOME_PHONE_NUM,WORK_PHONE_NUM,MOBILE_PHONE_NUM,MEDICAL_CONDITION) values ('74','235','13','2','Female',to_date('05.01.1973','DD.MM.RRRR'),'Ashlen','Bohlsen','971-320-0687','(360) 9582673','+220 (215) 881-1890','0');
Insert into NUREKE.DONORS (DONOR_ID,ADDRESS_ID,BLOOD_BANK_ID,RELIGION_CODE,GENDER_MFU,DATE_OF_BIRTH,FIRST_NAME,LAST_NAME,HOME_PHONE_NUM,WORK_PHONE_NUM,MOBILE_PHONE_NUM,MEDICAL_CONDITION) values ('75','287','6','1','Female',to_date('06.05.1994','DD.MM.RRRR'),'Smith','Cocke','750-868-2053','(960) 7379449','+66 (971) 714-1867','0');
Insert into NUREKE.DONORS (DONOR_ID,ADDRESS_ID,BLOOD_BANK_ID,RELIGION_CODE,GENDER_MFU,DATE_OF_BIRTH,FIRST_NAME,LAST_NAME,HOME_PHONE_NUM,WORK_PHONE_NUM,MOBILE_PHONE_NUM,MEDICAL_CONDITION) values ('76','281','6','2','Female',to_date('04.08.1979','DD.MM.RRRR'),'Nahum','Charlet','475-667-6492','(820) 2828022','+7 (945) 234-8037','0');
Insert into NUREKE.DONORS (DONOR_ID,ADDRESS_ID,BLOOD_BANK_ID,RELIGION_CODE,GENDER_MFU,DATE_OF_BIRTH,FIRST_NAME,LAST_NAME,HOME_PHONE_NUM,WORK_PHONE_NUM,MOBILE_PHONE_NUM,MEDICAL_CONDITION) values ('77','170','6','3','Male',to_date('17.04.1985','DD.MM.RRRR'),'Rosette','Shawdforth','896-821-6900','(938) 1843021','+31 (456) 507-3610','0');
Insert into NUREKE.DONORS (DONOR_ID,ADDRESS_ID,BLOOD_BANK_ID,RELIGION_CODE,GENDER_MFU,DATE_OF_BIRTH,FIRST_NAME,LAST_NAME,HOME_PHONE_NUM,WORK_PHONE_NUM,MOBILE_PHONE_NUM,MEDICAL_CONDITION) values ('78','151','5','2','Male',to_date('25.12.1977','DD.MM.RRRR'),'Latia','Vasilechko','443-128-1406','(790) 5144027','+66 (487) 628-4905','1');
Insert into NUREKE.DONORS (DONOR_ID,ADDRESS_ID,BLOOD_BANK_ID,RELIGION_CODE,GENDER_MFU,DATE_OF_BIRTH,FIRST_NAME,LAST_NAME,HOME_PHONE_NUM,WORK_PHONE_NUM,MOBILE_PHONE_NUM,MEDICAL_CONDITION) values ('79','80','9','2','Female',to_date('17.04.1995','DD.MM.RRRR'),'Ardella','Begin','783-834-2626','(943) 5800022','+594 (163) 568-7099','0');
Insert into NUREKE.DONORS (DONOR_ID,ADDRESS_ID,BLOOD_BANK_ID,RELIGION_CODE,GENDER_MFU,DATE_OF_BIRTH,FIRST_NAME,LAST_NAME,HOME_PHONE_NUM,WORK_PHONE_NUM,MOBILE_PHONE_NUM,MEDICAL_CONDITION) values ('80','66','4','3','Male',to_date('14.10.1985','DD.MM.RRRR'),'James','McGairl','592-793-3745','(880) 6638347','+86 (509) 106-6204','1');
Insert into NUREKE.DONORS (DONOR_ID,ADDRESS_ID,BLOOD_BANK_ID,RELIGION_CODE,GENDER_MFU,DATE_OF_BIRTH,FIRST_NAME,LAST_NAME,HOME_PHONE_NUM,WORK_PHONE_NUM,MOBILE_PHONE_NUM,MEDICAL_CONDITION) values ('81','110','10','2','Male',to_date('16.11.1972','DD.MM.RRRR'),'Ban','Cane','889-753-9828','(407) 3941645','+420 (398) 564-3537','1');
Insert into NUREKE.DONORS (DONOR_ID,ADDRESS_ID,BLOOD_BANK_ID,RELIGION_CODE,GENDER_MFU,DATE_OF_BIRTH,FIRST_NAME,LAST_NAME,HOME_PHONE_NUM,WORK_PHONE_NUM,MOBILE_PHONE_NUM,MEDICAL_CONDITION) values ('82','284','9','3','Female',to_date('19.08.1976','DD.MM.RRRR'),'Carson','Korn','456-685-6284','(323) 9592635','+57 (184) 667-2143','1');
Insert into NUREKE.DONORS (DONOR_ID,ADDRESS_ID,BLOOD_BANK_ID,RELIGION_CODE,GENDER_MFU,DATE_OF_BIRTH,FIRST_NAME,LAST_NAME,HOME_PHONE_NUM,WORK_PHONE_NUM,MOBILE_PHONE_NUM,MEDICAL_CONDITION) values ('83','203','10','1','Male',to_date('28.11.1994','DD.MM.RRRR'),'Renee','Briand','687-896-2655','(601) 8490799','+1 (941) 570-6691','1');
Insert into NUREKE.DONORS (DONOR_ID,ADDRESS_ID,BLOOD_BANK_ID,RELIGION_CODE,GENDER_MFU,DATE_OF_BIRTH,FIRST_NAME,LAST_NAME,HOME_PHONE_NUM,WORK_PHONE_NUM,MOBILE_PHONE_NUM,MEDICAL_CONDITION) values ('84','181','1','2','Male',to_date('24.09.1994','DD.MM.RRRR'),'Bucky','Renforth','753-547-0297','(675) 7881341','+1 (777) 748-6831','1');
Insert into NUREKE.DONORS (DONOR_ID,ADDRESS_ID,BLOOD_BANK_ID,RELIGION_CODE,GENDER_MFU,DATE_OF_BIRTH,FIRST_NAME,LAST_NAME,HOME_PHONE_NUM,WORK_PHONE_NUM,MOBILE_PHONE_NUM,MEDICAL_CONDITION) values ('85','99','11','1','Male',to_date('08.12.1999','DD.MM.RRRR'),'Jerome','Starie','952-306-3886','(261) 3453252','+63 (264) 663-4801','0');
Insert into NUREKE.DONORS (DONOR_ID,ADDRESS_ID,BLOOD_BANK_ID,RELIGION_CODE,GENDER_MFU,DATE_OF_BIRTH,FIRST_NAME,LAST_NAME,HOME_PHONE_NUM,WORK_PHONE_NUM,MOBILE_PHONE_NUM,MEDICAL_CONDITION) values ('86','105','2','1','Male',to_date('03.07.1981','DD.MM.RRRR'),'Chev','MacKinnon','585-564-1693','(511) 7793677','+351 (821) 142-2203','1');
Insert into NUREKE.DONORS (DONOR_ID,ADDRESS_ID,BLOOD_BANK_ID,RELIGION_CODE,GENDER_MFU,DATE_OF_BIRTH,FIRST_NAME,LAST_NAME,HOME_PHONE_NUM,WORK_PHONE_NUM,MOBILE_PHONE_NUM,MEDICAL_CONDITION) values ('87','10','8','3','Female',to_date('30.11.1999','DD.MM.RRRR'),'Francisco','Paske','720-101-6249','(528) 2163017','+64 (381) 935-6318','1');
Insert into NUREKE.DONORS (DONOR_ID,ADDRESS_ID,BLOOD_BANK_ID,RELIGION_CODE,GENDER_MFU,DATE_OF_BIRTH,FIRST_NAME,LAST_NAME,HOME_PHONE_NUM,WORK_PHONE_NUM,MOBILE_PHONE_NUM,MEDICAL_CONDITION) values ('88','35','13','1','Female',to_date('19.11.2002','DD.MM.RRRR'),'Beauregard','Costello','806-542-1252','(781) 4223153','+86 (743) 462-3961','0');
Insert into NUREKE.DONORS (DONOR_ID,ADDRESS_ID,BLOOD_BANK_ID,RELIGION_CODE,GENDER_MFU,DATE_OF_BIRTH,FIRST_NAME,LAST_NAME,HOME_PHONE_NUM,WORK_PHONE_NUM,MOBILE_PHONE_NUM,MEDICAL_CONDITION) values ('89','35','9','2','Male',to_date('11.03.1995','DD.MM.RRRR'),'Kerry','Paddy','714-659-9094','(860) 4295610','+86 (853) 411-8166','1');
Insert into NUREKE.DONORS (DONOR_ID,ADDRESS_ID,BLOOD_BANK_ID,RELIGION_CODE,GENDER_MFU,DATE_OF_BIRTH,FIRST_NAME,LAST_NAME,HOME_PHONE_NUM,WORK_PHONE_NUM,MOBILE_PHONE_NUM,MEDICAL_CONDITION) values ('90','120','9','2','Male',to_date('20.10.1996','DD.MM.RRRR'),'Kale','Edwicke','477-832-3561','(280) 9235203','+55 (781) 359-2817','1');
Insert into NUREKE.DONORS (DONOR_ID,ADDRESS_ID,BLOOD_BANK_ID,RELIGION_CODE,GENDER_MFU,DATE_OF_BIRTH,FIRST_NAME,LAST_NAME,HOME_PHONE_NUM,WORK_PHONE_NUM,MOBILE_PHONE_NUM,MEDICAL_CONDITION) values ('91','115','10','3','Female',to_date('19.01.1983','DD.MM.RRRR'),'Devlen','Langman','566-546-6074','(430) 6320256','+240 (174) 272-7891','0');
Insert into NUREKE.DONORS (DONOR_ID,ADDRESS_ID,BLOOD_BANK_ID,RELIGION_CODE,GENDER_MFU,DATE_OF_BIRTH,FIRST_NAME,LAST_NAME,HOME_PHONE_NUM,WORK_PHONE_NUM,MOBILE_PHONE_NUM,MEDICAL_CONDITION) values ('92','70','8','3','Male',to_date('04.07.1991','DD.MM.RRRR'),'Vassili','Rainard','641-847-8503','(460) 5179311','+81 (781) 608-2493','0');
Insert into NUREKE.DONORS (DONOR_ID,ADDRESS_ID,BLOOD_BANK_ID,RELIGION_CODE,GENDER_MFU,DATE_OF_BIRTH,FIRST_NAME,LAST_NAME,HOME_PHONE_NUM,WORK_PHONE_NUM,MOBILE_PHONE_NUM,MEDICAL_CONDITION) values ('93','238','2','1','Female',to_date('26.01.2000','DD.MM.RRRR'),'Jerrome','Hovey','311-583-2661','(659) 8387838','+48 (254) 926-1196','0');
Insert into NUREKE.DONORS (DONOR_ID,ADDRESS_ID,BLOOD_BANK_ID,RELIGION_CODE,GENDER_MFU,DATE_OF_BIRTH,FIRST_NAME,LAST_NAME,HOME_PHONE_NUM,WORK_PHONE_NUM,MOBILE_PHONE_NUM,MEDICAL_CONDITION) values ('94','124','3','2','Male',to_date('05.05.1989','DD.MM.RRRR'),'Shelley','Knightsbridge','370-744-8655','(277) 8777588','+57 (134) 722-3444','0');
Insert into NUREKE.DONORS (DONOR_ID,ADDRESS_ID,BLOOD_BANK_ID,RELIGION_CODE,GENDER_MFU,DATE_OF_BIRTH,FIRST_NAME,LAST_NAME,HOME_PHONE_NUM,WORK_PHONE_NUM,MOBILE_PHONE_NUM,MEDICAL_CONDITION) values ('95','137','7','1','Male',to_date('26.06.1998','DD.MM.RRRR'),'Debora','Barltrop','244-421-6732','(392) 8540577','+86 (194) 658-6612','0');
Insert into NUREKE.DONORS (DONOR_ID,ADDRESS_ID,BLOOD_BANK_ID,RELIGION_CODE,GENDER_MFU,DATE_OF_BIRTH,FIRST_NAME,LAST_NAME,HOME_PHONE_NUM,WORK_PHONE_NUM,MOBILE_PHONE_NUM,MEDICAL_CONDITION) values ('96','231','5','1','Female',to_date('19.04.1978','DD.MM.RRRR'),'Crissy','Dosedale','464-167-2813','(953) 7162747','+86 (974) 317-0799','1');
Insert into NUREKE.DONORS (DONOR_ID,ADDRESS_ID,BLOOD_BANK_ID,RELIGION_CODE,GENDER_MFU,DATE_OF_BIRTH,FIRST_NAME,LAST_NAME,HOME_PHONE_NUM,WORK_PHONE_NUM,MOBILE_PHONE_NUM,MEDICAL_CONDITION) values ('97','141','1','3','Female',to_date('26.05.1977','DD.MM.RRRR'),'Antonia','Hankin','135-765-7429','(307) 4670929','+86 (666) 873-4343','1');
Insert into NUREKE.DONORS (DONOR_ID,ADDRESS_ID,BLOOD_BANK_ID,RELIGION_CODE,GENDER_MFU,DATE_OF_BIRTH,FIRST_NAME,LAST_NAME,HOME_PHONE_NUM,WORK_PHONE_NUM,MOBILE_PHONE_NUM,MEDICAL_CONDITION) values ('98','86','12','2','Male',to_date('05.05.2002','DD.MM.RRRR'),'Laney','Syder','501-583-4704','(704) 8173967','+63 (510) 381-6038','1');
Insert into NUREKE.DONORS (DONOR_ID,ADDRESS_ID,BLOOD_BANK_ID,RELIGION_CODE,GENDER_MFU,DATE_OF_BIRTH,FIRST_NAME,LAST_NAME,HOME_PHONE_NUM,WORK_PHONE_NUM,MOBILE_PHONE_NUM,MEDICAL_CONDITION) values ('99','108','6','3','Female',to_date('09.11.1976','DD.MM.RRRR'),'Toddy','Boreland','326-959-7969','(525) 1047313','+227 (414) 708-3487','0');
Insert into NUREKE.DONORS (DONOR_ID,ADDRESS_ID,BLOOD_BANK_ID,RELIGION_CODE,GENDER_MFU,DATE_OF_BIRTH,FIRST_NAME,LAST_NAME,HOME_PHONE_NUM,WORK_PHONE_NUM,MOBILE_PHONE_NUM,MEDICAL_CONDITION) values ('100','118','12','3','Female',to_date('01.09.1994','DD.MM.RRRR'),'Cristiano','Bigby','715-191-9609','(745) 9059949','+54 (436) 110-0121','0');
Insert into NUREKE.DONORS (DONOR_ID,ADDRESS_ID,BLOOD_BANK_ID,RELIGION_CODE,GENDER_MFU,DATE_OF_BIRTH,FIRST_NAME,LAST_NAME,HOME_PHONE_NUM,WORK_PHONE_NUM,MOBILE_PHONE_NUM,MEDICAL_CONDITION) values ('101','174','13','1','Male',to_date('08.01.1976','DD.MM.RRRR'),'Jaquith','Wadeson','819-945-6640','(837) 6673339','+33 (939) 787-2371','1');
Insert into NUREKE.DONORS (DONOR_ID,ADDRESS_ID,BLOOD_BANK_ID,RELIGION_CODE,GENDER_MFU,DATE_OF_BIRTH,FIRST_NAME,LAST_NAME,HOME_PHONE_NUM,WORK_PHONE_NUM,MOBILE_PHONE_NUM,MEDICAL_CONDITION) values ('102','138','9','1','Female',to_date('09.05.1988','DD.MM.RRRR'),'Jeno','Saterthwait','836-827-6712','(346) 3736428','+255 (410) 732-8515','0');
Insert into NUREKE.DONORS (DONOR_ID,ADDRESS_ID,BLOOD_BANK_ID,RELIGION_CODE,GENDER_MFU,DATE_OF_BIRTH,FIRST_NAME,LAST_NAME,HOME_PHONE_NUM,WORK_PHONE_NUM,MOBILE_PHONE_NUM,MEDICAL_CONDITION) values ('103','25','12','2','Female',to_date('15.04.1979','DD.MM.RRRR'),'Saudra','Rothon','259-543-4107','(518) 5053877','+48 (507) 746-0960','1');
Insert into NUREKE.DONORS (DONOR_ID,ADDRESS_ID,BLOOD_BANK_ID,RELIGION_CODE,GENDER_MFU,DATE_OF_BIRTH,FIRST_NAME,LAST_NAME,HOME_PHONE_NUM,WORK_PHONE_NUM,MOBILE_PHONE_NUM,MEDICAL_CONDITION) values ('104','73','10','2','Female',to_date('02.03.1991','DD.MM.RRRR'),'Fran','Duddy','414-862-5843','(918) 3407671','+383 (193) 367-0592','0');
Insert into NUREKE.DONORS (DONOR_ID,ADDRESS_ID,BLOOD_BANK_ID,RELIGION_CODE,GENDER_MFU,DATE_OF_BIRTH,FIRST_NAME,LAST_NAME,HOME_PHONE_NUM,WORK_PHONE_NUM,MOBILE_PHONE_NUM,MEDICAL_CONDITION) values ('105','66','7','1','Male',to_date('21.10.1995','DD.MM.RRRR'),'Wren','Farquharson','536-328-1968','(227) 9134101','+45 (700) 524-2774','1');
Insert into NUREKE.DONORS (DONOR_ID,ADDRESS_ID,BLOOD_BANK_ID,RELIGION_CODE,GENDER_MFU,DATE_OF_BIRTH,FIRST_NAME,LAST_NAME,HOME_PHONE_NUM,WORK_PHONE_NUM,MOBILE_PHONE_NUM,MEDICAL_CONDITION) values ('106','34','3','1','Male',to_date('27.06.1981','DD.MM.RRRR'),'Worth','Maxwaile','794-516-5783','(650) 5434232','+381 (715) 388-2767','0');
Insert into NUREKE.DONORS (DONOR_ID,ADDRESS_ID,BLOOD_BANK_ID,RELIGION_CODE,GENDER_MFU,DATE_OF_BIRTH,FIRST_NAME,LAST_NAME,HOME_PHONE_NUM,WORK_PHONE_NUM,MOBILE_PHONE_NUM,MEDICAL_CONDITION) values ('107','260','1','1','Female',to_date('09.01.1996','DD.MM.RRRR'),'Bernadina','Castelow','469-654-0705','(561) 4139181','+48 (757) 372-2121','1');
Insert into NUREKE.DONORS (DONOR_ID,ADDRESS_ID,BLOOD_BANK_ID,RELIGION_CODE,GENDER_MFU,DATE_OF_BIRTH,FIRST_NAME,LAST_NAME,HOME_PHONE_NUM,WORK_PHONE_NUM,MOBILE_PHONE_NUM,MEDICAL_CONDITION) values ('108','234','6','3','Male',to_date('28.10.1974','DD.MM.RRRR'),'Winthrop','Mottershead','128-917-7310','(664) 4412250','+7 (301) 756-5546','0');
Insert into NUREKE.DONORS (DONOR_ID,ADDRESS_ID,BLOOD_BANK_ID,RELIGION_CODE,GENDER_MFU,DATE_OF_BIRTH,FIRST_NAME,LAST_NAME,HOME_PHONE_NUM,WORK_PHONE_NUM,MOBILE_PHONE_NUM,MEDICAL_CONDITION) values ('109','241','9','3','Female',to_date('24.02.1982','DD.MM.RRRR'),'Arlin','Esposita','986-760-6770','(751) 1339415','+55 (373) 982-6796','1');
Insert into NUREKE.DONORS (DONOR_ID,ADDRESS_ID,BLOOD_BANK_ID,RELIGION_CODE,GENDER_MFU,DATE_OF_BIRTH,FIRST_NAME,LAST_NAME,HOME_PHONE_NUM,WORK_PHONE_NUM,MOBILE_PHONE_NUM,MEDICAL_CONDITION) values ('110','68','8','3','Female',to_date('02.07.2002','DD.MM.RRRR'),'Decca','Searjeant','322-876-2755','(484) 8816021','+51 (562) 569-8852','0');
Insert into NUREKE.DONORS (DONOR_ID,ADDRESS_ID,BLOOD_BANK_ID,RELIGION_CODE,GENDER_MFU,DATE_OF_BIRTH,FIRST_NAME,LAST_NAME,HOME_PHONE_NUM,WORK_PHONE_NUM,MOBILE_PHONE_NUM,MEDICAL_CONDITION) values ('111','8','10','2','Male',to_date('15.01.1985','DD.MM.RRRR'),'Netti','Arnoud','256-476-2227','(977) 6372991','+267 (387) 811-3712','1');
Insert into NUREKE.DONORS (DONOR_ID,ADDRESS_ID,BLOOD_BANK_ID,RELIGION_CODE,GENDER_MFU,DATE_OF_BIRTH,FIRST_NAME,LAST_NAME,HOME_PHONE_NUM,WORK_PHONE_NUM,MOBILE_PHONE_NUM,MEDICAL_CONDITION) values ('112','242','10','3','Male',to_date('14.12.1983','DD.MM.RRRR'),'Bogart','Trusslove','405-471-1324','(983) 4986008','+48 (814) 592-4366','0');
Insert into NUREKE.DONORS (DONOR_ID,ADDRESS_ID,BLOOD_BANK_ID,RELIGION_CODE,GENDER_MFU,DATE_OF_BIRTH,FIRST_NAME,LAST_NAME,HOME_PHONE_NUM,WORK_PHONE_NUM,MOBILE_PHONE_NUM,MEDICAL_CONDITION) values ('113','37','5','1','Female',to_date('26.06.1984','DD.MM.RRRR'),'Colleen','Dosdill','447-264-8418','(476) 3715629','+86 (170) 369-1872','0');
Insert into NUREKE.DONORS (DONOR_ID,ADDRESS_ID,BLOOD_BANK_ID,RELIGION_CODE,GENDER_MFU,DATE_OF_BIRTH,FIRST_NAME,LAST_NAME,HOME_PHONE_NUM,WORK_PHONE_NUM,MOBILE_PHONE_NUM,MEDICAL_CONDITION) values ('114','197','13','3','Female',to_date('22.07.1992','DD.MM.RRRR'),'Norrie','Fazackerley','566-126-3538','(824) 3188653','+63 (657) 620-6454','0');
Insert into NUREKE.DONORS (DONOR_ID,ADDRESS_ID,BLOOD_BANK_ID,RELIGION_CODE,GENDER_MFU,DATE_OF_BIRTH,FIRST_NAME,LAST_NAME,HOME_PHONE_NUM,WORK_PHONE_NUM,MOBILE_PHONE_NUM,MEDICAL_CONDITION) values ('115','23','7','2','Female',to_date('01.07.1990','DD.MM.RRRR'),'Willi','Sollam','995-890-7279','(789) 9768080','+63 (451) 465-8744','0');
Insert into NUREKE.DONORS (DONOR_ID,ADDRESS_ID,BLOOD_BANK_ID,RELIGION_CODE,GENDER_MFU,DATE_OF_BIRTH,FIRST_NAME,LAST_NAME,HOME_PHONE_NUM,WORK_PHONE_NUM,MOBILE_PHONE_NUM,MEDICAL_CONDITION) values ('116','52','4','3','Female',to_date('27.04.1992','DD.MM.RRRR'),'Seward','O''Keaveny','373-738-8547','(845) 7582513','+1 (503) 216-1798','1');
Insert into NUREKE.DONORS (DONOR_ID,ADDRESS_ID,BLOOD_BANK_ID,RELIGION_CODE,GENDER_MFU,DATE_OF_BIRTH,FIRST_NAME,LAST_NAME,HOME_PHONE_NUM,WORK_PHONE_NUM,MOBILE_PHONE_NUM,MEDICAL_CONDITION) values ('117','157','13','1','Male',to_date('13.02.1972','DD.MM.RRRR'),'Vinnie','Enochsson','126-488-1266','(661) 8794377','+86 (302) 198-5570','1');
Insert into NUREKE.DONORS (DONOR_ID,ADDRESS_ID,BLOOD_BANK_ID,RELIGION_CODE,GENDER_MFU,DATE_OF_BIRTH,FIRST_NAME,LAST_NAME,HOME_PHONE_NUM,WORK_PHONE_NUM,MOBILE_PHONE_NUM,MEDICAL_CONDITION) values ('118','245','13','3','Male',to_date('27.10.1991','DD.MM.RRRR'),'Shanta','Stetlye','358-338-8442','(163) 2454478','+51 (303) 443-1311','0');
Insert into NUREKE.DONORS (DONOR_ID,ADDRESS_ID,BLOOD_BANK_ID,RELIGION_CODE,GENDER_MFU,DATE_OF_BIRTH,FIRST_NAME,LAST_NAME,HOME_PHONE_NUM,WORK_PHONE_NUM,MOBILE_PHONE_NUM,MEDICAL_CONDITION) values ('119','43','8','1','Male',to_date('16.05.1985','DD.MM.RRRR'),'Danika','Kupper','840-279-0329','(405) 7060216','+86 (282) 573-7699','1');
Insert into NUREKE.DONORS (DONOR_ID,ADDRESS_ID,BLOOD_BANK_ID,RELIGION_CODE,GENDER_MFU,DATE_OF_BIRTH,FIRST_NAME,LAST_NAME,HOME_PHONE_NUM,WORK_PHONE_NUM,MOBILE_PHONE_NUM,MEDICAL_CONDITION) values ('120','142','12','2','Female',to_date('07.04.2001','DD.MM.RRRR'),'Nappy','Mulford','347-397-0249','(726) 8111947','+55 (156) 934-8593','1');
Insert into NUREKE.DONORS (DONOR_ID,ADDRESS_ID,BLOOD_BANK_ID,RELIGION_CODE,GENDER_MFU,DATE_OF_BIRTH,FIRST_NAME,LAST_NAME,HOME_PHONE_NUM,WORK_PHONE_NUM,MOBILE_PHONE_NUM,MEDICAL_CONDITION) values ('121','90','2','1','Male',to_date('30.01.1994','DD.MM.RRRR'),'Clarita','Bachelar','235-956-0906','(749) 1657343','+48 (537) 652-1267','0');
Insert into NUREKE.DONORS (DONOR_ID,ADDRESS_ID,BLOOD_BANK_ID,RELIGION_CODE,GENDER_MFU,DATE_OF_BIRTH,FIRST_NAME,LAST_NAME,HOME_PHONE_NUM,WORK_PHONE_NUM,MOBILE_PHONE_NUM,MEDICAL_CONDITION) values ('122','100','11','3','Female',to_date('06.07.1997','DD.MM.RRRR'),'Alf','Oret','921-974-2368','(999) 5299194','+86 (124) 520-0313','0');
Insert into NUREKE.DONORS (DONOR_ID,ADDRESS_ID,BLOOD_BANK_ID,RELIGION_CODE,GENDER_MFU,DATE_OF_BIRTH,FIRST_NAME,LAST_NAME,HOME_PHONE_NUM,WORK_PHONE_NUM,MOBILE_PHONE_NUM,MEDICAL_CONDITION) values ('123','230','10','2','Female',to_date('25.08.1988','DD.MM.RRRR'),'Mattie','Dawidowicz','962-188-2227','(251) 4897626','+7 (146) 602-2205','0');
Insert into NUREKE.DONORS (DONOR_ID,ADDRESS_ID,BLOOD_BANK_ID,RELIGION_CODE,GENDER_MFU,DATE_OF_BIRTH,FIRST_NAME,LAST_NAME,HOME_PHONE_NUM,WORK_PHONE_NUM,MOBILE_PHONE_NUM,MEDICAL_CONDITION) values ('124','214','4','3','Male',to_date('18.08.1992','DD.MM.RRRR'),'Lester','Brandt','774-250-4067','(240) 3951127','+27 (575) 639-9290','1');
Insert into NUREKE.DONORS (DONOR_ID,ADDRESS_ID,BLOOD_BANK_ID,RELIGION_CODE,GENDER_MFU,DATE_OF_BIRTH,FIRST_NAME,LAST_NAME,HOME_PHONE_NUM,WORK_PHONE_NUM,MOBILE_PHONE_NUM,MEDICAL_CONDITION) values ('125','28','1','2','Male',to_date('04.12.1973','DD.MM.RRRR'),'Adham','Claire','840-526-1117','(472) 5668641','+47 (523) 767-4684','1');
Insert into NUREKE.DONORS (DONOR_ID,ADDRESS_ID,BLOOD_BANK_ID,RELIGION_CODE,GENDER_MFU,DATE_OF_BIRTH,FIRST_NAME,LAST_NAME,HOME_PHONE_NUM,WORK_PHONE_NUM,MOBILE_PHONE_NUM,MEDICAL_CONDITION) values ('126','47','2','1','Male',to_date('21.12.1984','DD.MM.RRRR'),'Annis','How','158-697-7214','(629) 1281150','+63 (543) 181-7114','1');
Insert into NUREKE.DONORS (DONOR_ID,ADDRESS_ID,BLOOD_BANK_ID,RELIGION_CODE,GENDER_MFU,DATE_OF_BIRTH,FIRST_NAME,LAST_NAME,HOME_PHONE_NUM,WORK_PHONE_NUM,MOBILE_PHONE_NUM,MEDICAL_CONDITION) values ('127','125','4','2','Male',to_date('26.04.1981','DD.MM.RRRR'),'Elbertina','Arden','655-750-9916','(319) 1711282','+57 (975) 643-4433','1');
Insert into NUREKE.DONORS (DONOR_ID,ADDRESS_ID,BLOOD_BANK_ID,RELIGION_CODE,GENDER_MFU,DATE_OF_BIRTH,FIRST_NAME,LAST_NAME,HOME_PHONE_NUM,WORK_PHONE_NUM,MOBILE_PHONE_NUM,MEDICAL_CONDITION) values ('128','218','13','3','Male',to_date('18.09.1977','DD.MM.RRRR'),'Cristin','Dermott','406-372-0219','(419) 1544254','+1 (115) 585-7770','0');
Insert into NUREKE.DONORS (DONOR_ID,ADDRESS_ID,BLOOD_BANK_ID,RELIGION_CODE,GENDER_MFU,DATE_OF_BIRTH,FIRST_NAME,LAST_NAME,HOME_PHONE_NUM,WORK_PHONE_NUM,MOBILE_PHONE_NUM,MEDICAL_CONDITION) values ('129','12','13','1','Male',to_date('18.09.1997','DD.MM.RRRR'),'Everard','Lorincz','382-742-0586','(316) 8587348','+81 (912) 935-8820','0');
Insert into NUREKE.DONORS (DONOR_ID,ADDRESS_ID,BLOOD_BANK_ID,RELIGION_CODE,GENDER_MFU,DATE_OF_BIRTH,FIRST_NAME,LAST_NAME,HOME_PHONE_NUM,WORK_PHONE_NUM,MOBILE_PHONE_NUM,MEDICAL_CONDITION) values ('130','131','12','1','Male',to_date('01.01.1998','DD.MM.RRRR'),'Kathie','Scaplehorn','666-185-9722','(816) 4591991','+57 (517) 932-5195','1');
Insert into NUREKE.DONORS (DONOR_ID,ADDRESS_ID,BLOOD_BANK_ID,RELIGION_CODE,GENDER_MFU,DATE_OF_BIRTH,FIRST_NAME,LAST_NAME,HOME_PHONE_NUM,WORK_PHONE_NUM,MOBILE_PHONE_NUM,MEDICAL_CONDITION) values ('131','225','10','3','Female',to_date('17.05.1989','DD.MM.RRRR'),'Reggie','Ashenhurst','199-456-6617','(228) 7017563','+81 (811) 294-8126','1');
Insert into NUREKE.DONORS (DONOR_ID,ADDRESS_ID,BLOOD_BANK_ID,RELIGION_CODE,GENDER_MFU,DATE_OF_BIRTH,FIRST_NAME,LAST_NAME,HOME_PHONE_NUM,WORK_PHONE_NUM,MOBILE_PHONE_NUM,MEDICAL_CONDITION) values ('132','295','7','3','Male',to_date('19.10.1993','DD.MM.RRRR'),'Nadean','Althorp','202-741-3202','(903) 3854365','+261 (409) 808-1320','0');
Insert into NUREKE.DONORS (DONOR_ID,ADDRESS_ID,BLOOD_BANK_ID,RELIGION_CODE,GENDER_MFU,DATE_OF_BIRTH,FIRST_NAME,LAST_NAME,HOME_PHONE_NUM,WORK_PHONE_NUM,MOBILE_PHONE_NUM,MEDICAL_CONDITION) values ('133','257','5','3','Male',to_date('26.05.1992','DD.MM.RRRR'),'Ruthann','Holsall','462-494-1363','(423) 1072380','+216 (758) 668-6985','1');
Insert into NUREKE.DONORS (DONOR_ID,ADDRESS_ID,BLOOD_BANK_ID,RELIGION_CODE,GENDER_MFU,DATE_OF_BIRTH,FIRST_NAME,LAST_NAME,HOME_PHONE_NUM,WORK_PHONE_NUM,MOBILE_PHONE_NUM,MEDICAL_CONDITION) values ('134','13','3','3','Male',to_date('18.07.1978','DD.MM.RRRR'),'Giovanna','Bagby','447-201-0941','(510) 7759617','+385 (884) 998-1565','0');
Insert into NUREKE.DONORS (DONOR_ID,ADDRESS_ID,BLOOD_BANK_ID,RELIGION_CODE,GENDER_MFU,DATE_OF_BIRTH,FIRST_NAME,LAST_NAME,HOME_PHONE_NUM,WORK_PHONE_NUM,MOBILE_PHONE_NUM,MEDICAL_CONDITION) values ('135','45','6','1','Male',to_date('27.10.1999','DD.MM.RRRR'),'Tessa','Ranby','476-536-1250','(143) 7963904','+963 (281) 155-2412','1');
Insert into NUREKE.DONORS (DONOR_ID,ADDRESS_ID,BLOOD_BANK_ID,RELIGION_CODE,GENDER_MFU,DATE_OF_BIRTH,FIRST_NAME,LAST_NAME,HOME_PHONE_NUM,WORK_PHONE_NUM,MOBILE_PHONE_NUM,MEDICAL_CONDITION) values ('136','42','6','1','Female',to_date('17.07.1994','DD.MM.RRRR'),'Jennilee','Laxton','934-701-2901','(294) 7918045','+380 (342) 496-1841','1');
Insert into NUREKE.DONORS (DONOR_ID,ADDRESS_ID,BLOOD_BANK_ID,RELIGION_CODE,GENDER_MFU,DATE_OF_BIRTH,FIRST_NAME,LAST_NAME,HOME_PHONE_NUM,WORK_PHONE_NUM,MOBILE_PHONE_NUM,MEDICAL_CONDITION) values ('137','74','7','1','Female',to_date('07.12.1997','DD.MM.RRRR'),'Kermie','Loins','452-490-3639','(766) 3239638','+7 (935) 456-0010','1');
Insert into NUREKE.DONORS (DONOR_ID,ADDRESS_ID,BLOOD_BANK_ID,RELIGION_CODE,GENDER_MFU,DATE_OF_BIRTH,FIRST_NAME,LAST_NAME,HOME_PHONE_NUM,WORK_PHONE_NUM,MOBILE_PHONE_NUM,MEDICAL_CONDITION) values ('138','79','2','3','Male',to_date('26.09.1979','DD.MM.RRRR'),'Cleo','Parman','559-546-3095','(432) 7965884','+254 (403) 343-6364','1');
Insert into NUREKE.DONORS (DONOR_ID,ADDRESS_ID,BLOOD_BANK_ID,RELIGION_CODE,GENDER_MFU,DATE_OF_BIRTH,FIRST_NAME,LAST_NAME,HOME_PHONE_NUM,WORK_PHONE_NUM,MOBILE_PHONE_NUM,MEDICAL_CONDITION) values ('139','183','8','3','Male',to_date('07.10.1991','DD.MM.RRRR'),'Normie','Plews','723-560-7785','(538) 7496191','+963 (197) 972-0961','1');
Insert into NUREKE.DONORS (DONOR_ID,ADDRESS_ID,BLOOD_BANK_ID,RELIGION_CODE,GENDER_MFU,DATE_OF_BIRTH,FIRST_NAME,LAST_NAME,HOME_PHONE_NUM,WORK_PHONE_NUM,MOBILE_PHONE_NUM,MEDICAL_CONDITION) values ('140','10','2','3','Female',to_date('16.09.1990','DD.MM.RRRR'),'Waneta','Pellamonuten','604-350-8557','(839) 4482979','+63 (215) 401-7196','1');
Insert into NUREKE.DONORS (DONOR_ID,ADDRESS_ID,BLOOD_BANK_ID,RELIGION_CODE,GENDER_MFU,DATE_OF_BIRTH,FIRST_NAME,LAST_NAME,HOME_PHONE_NUM,WORK_PHONE_NUM,MOBILE_PHONE_NUM,MEDICAL_CONDITION) values ('141','179','6','3','Female',to_date('04.03.1986','DD.MM.RRRR'),'Emmit','Henrych','439-376-6378','(890) 8263424','+51 (156) 803-8217','0');
Insert into NUREKE.DONORS (DONOR_ID,ADDRESS_ID,BLOOD_BANK_ID,RELIGION_CODE,GENDER_MFU,DATE_OF_BIRTH,FIRST_NAME,LAST_NAME,HOME_PHONE_NUM,WORK_PHONE_NUM,MOBILE_PHONE_NUM,MEDICAL_CONDITION) values ('142','222','6','1','Male',to_date('19.05.1997','DD.MM.RRRR'),'Mayne','Andrick','726-920-0996','(168) 8468177','+386 (576) 825-2032','0');
Insert into NUREKE.DONORS (DONOR_ID,ADDRESS_ID,BLOOD_BANK_ID,RELIGION_CODE,GENDER_MFU,DATE_OF_BIRTH,FIRST_NAME,LAST_NAME,HOME_PHONE_NUM,WORK_PHONE_NUM,MOBILE_PHONE_NUM,MEDICAL_CONDITION) values ('143','135','6','2','Male',to_date('05.09.1990','DD.MM.RRRR'),'Indira','Hairyes','358-277-8037','(489) 3969606','+65 (584) 699-9256','1');
Insert into NUREKE.DONORS (DONOR_ID,ADDRESS_ID,BLOOD_BANK_ID,RELIGION_CODE,GENDER_MFU,DATE_OF_BIRTH,FIRST_NAME,LAST_NAME,HOME_PHONE_NUM,WORK_PHONE_NUM,MOBILE_PHONE_NUM,MEDICAL_CONDITION) values ('144','272','1','3','Female',to_date('10.10.1974','DD.MM.RRRR'),'Ulises','Templeton','478-210-7815','(616) 4981552','+7 (301) 391-6662','1');
Insert into NUREKE.DONORS (DONOR_ID,ADDRESS_ID,BLOOD_BANK_ID,RELIGION_CODE,GENDER_MFU,DATE_OF_BIRTH,FIRST_NAME,LAST_NAME,HOME_PHONE_NUM,WORK_PHONE_NUM,MOBILE_PHONE_NUM,MEDICAL_CONDITION) values ('145','41','4','1','Male',to_date('23.04.1992','DD.MM.RRRR'),'Ema','Farrer','816-210-3908','(806) 5256920','+7 (356) 501-0465','1');
Insert into NUREKE.DONORS (DONOR_ID,ADDRESS_ID,BLOOD_BANK_ID,RELIGION_CODE,GENDER_MFU,DATE_OF_BIRTH,FIRST_NAME,LAST_NAME,HOME_PHONE_NUM,WORK_PHONE_NUM,MOBILE_PHONE_NUM,MEDICAL_CONDITION) values ('146','36','11','3','Male',to_date('16.05.1994','DD.MM.RRRR'),'Giles','Reynard','668-528-5241','(328) 2215331','+86 (618) 684-5259','0');
Insert into NUREKE.DONORS (DONOR_ID,ADDRESS_ID,BLOOD_BANK_ID,RELIGION_CODE,GENDER_MFU,DATE_OF_BIRTH,FIRST_NAME,LAST_NAME,HOME_PHONE_NUM,WORK_PHONE_NUM,MOBILE_PHONE_NUM,MEDICAL_CONDITION) values ('147','91','5','2','Male',to_date('13.11.1975','DD.MM.RRRR'),'Thea','Lough','154-367-6205','(182) 2777820','+46 (114) 799-2811','1');
Insert into NUREKE.DONORS (DONOR_ID,ADDRESS_ID,BLOOD_BANK_ID,RELIGION_CODE,GENDER_MFU,DATE_OF_BIRTH,FIRST_NAME,LAST_NAME,HOME_PHONE_NUM,WORK_PHONE_NUM,MOBILE_PHONE_NUM,MEDICAL_CONDITION) values ('148','279','7','3','Female',to_date('11.09.1981','DD.MM.RRRR'),'Ethelind','Willock','639-548-8122','(706) 6106959','+63 (277) 387-8976','1');
Insert into NUREKE.DONORS (DONOR_ID,ADDRESS_ID,BLOOD_BANK_ID,RELIGION_CODE,GENDER_MFU,DATE_OF_BIRTH,FIRST_NAME,LAST_NAME,HOME_PHONE_NUM,WORK_PHONE_NUM,MOBILE_PHONE_NUM,MEDICAL_CONDITION) values ('149','226','13','2','Male',to_date('17.06.1991','DD.MM.RRRR'),'Pedro','Cowope','480-902-8022','(951) 9281069','+86 (713) 146-5992','1');
Insert into NUREKE.DONORS (DONOR_ID,ADDRESS_ID,BLOOD_BANK_ID,RELIGION_CODE,GENDER_MFU,DATE_OF_BIRTH,FIRST_NAME,LAST_NAME,HOME_PHONE_NUM,WORK_PHONE_NUM,MOBILE_PHONE_NUM,MEDICAL_CONDITION) values ('150','246','11','2','Male',to_date('08.10.1988','DD.MM.RRRR'),'Nataline','McSorley','662-762-5944','(281) 5237046','+380 (547) 641-5163','0');
Insert into NUREKE.DONORS (DONOR_ID,ADDRESS_ID,BLOOD_BANK_ID,RELIGION_CODE,GENDER_MFU,DATE_OF_BIRTH,FIRST_NAME,LAST_NAME,HOME_PHONE_NUM,WORK_PHONE_NUM,MOBILE_PHONE_NUM,MEDICAL_CONDITION) values ('151','45','12','1','Female',to_date('17.11.2001','DD.MM.RRRR'),'Marietta','Amoore','456-786-5563','(196) 4092263','+7 (450) 838-9257','1');
Insert into NUREKE.DONORS (DONOR_ID,ADDRESS_ID,BLOOD_BANK_ID,RELIGION_CODE,GENDER_MFU,DATE_OF_BIRTH,FIRST_NAME,LAST_NAME,HOME_PHONE_NUM,WORK_PHONE_NUM,MOBILE_PHONE_NUM,MEDICAL_CONDITION) values ('152','84','12','1','Male',to_date('23.05.1999','DD.MM.RRRR'),'Sanford','Dugald','212-217-5088','(212) 3708706','+230 (764) 180-5939','0');
Insert into NUREKE.DONORS (DONOR_ID,ADDRESS_ID,BLOOD_BANK_ID,RELIGION_CODE,GENDER_MFU,DATE_OF_BIRTH,FIRST_NAME,LAST_NAME,HOME_PHONE_NUM,WORK_PHONE_NUM,MOBILE_PHONE_NUM,MEDICAL_CONDITION) values ('153','135','11','2','Male',to_date('30.01.1983','DD.MM.RRRR'),'Jone','Mc Elory','735-718-5253','(828) 4709116','+55 (361) 606-3146','0');
Insert into NUREKE.DONORS (DONOR_ID,ADDRESS_ID,BLOOD_BANK_ID,RELIGION_CODE,GENDER_MFU,DATE_OF_BIRTH,FIRST_NAME,LAST_NAME,HOME_PHONE_NUM,WORK_PHONE_NUM,MOBILE_PHONE_NUM,MEDICAL_CONDITION) values ('154','24','6','1','Male',to_date('26.08.2002','DD.MM.RRRR'),'Aurelie','Spoole','340-501-2211','(141) 8655668','+48 (215) 469-3199','1');
Insert into NUREKE.DONORS (DONOR_ID,ADDRESS_ID,BLOOD_BANK_ID,RELIGION_CODE,GENDER_MFU,DATE_OF_BIRTH,FIRST_NAME,LAST_NAME,HOME_PHONE_NUM,WORK_PHONE_NUM,MOBILE_PHONE_NUM,MEDICAL_CONDITION) values ('155','110','1','3','Female',to_date('15.09.1994','DD.MM.RRRR'),'Harley','Huton','722-245-2615','(202) 5466792','+86 (505) 986-8085','1');
Insert into NUREKE.DONORS (DONOR_ID,ADDRESS_ID,BLOOD_BANK_ID,RELIGION_CODE,GENDER_MFU,DATE_OF_BIRTH,FIRST_NAME,LAST_NAME,HOME_PHONE_NUM,WORK_PHONE_NUM,MOBILE_PHONE_NUM,MEDICAL_CONDITION) values ('156','127','4','3','Female',to_date('20.07.1985','DD.MM.RRRR'),'Noemi','Gibson','633-888-9298','(803) 1888421','+351 (364) 238-7952','0');
Insert into NUREKE.DONORS (DONOR_ID,ADDRESS_ID,BLOOD_BANK_ID,RELIGION_CODE,GENDER_MFU,DATE_OF_BIRTH,FIRST_NAME,LAST_NAME,HOME_PHONE_NUM,WORK_PHONE_NUM,MOBILE_PHONE_NUM,MEDICAL_CONDITION) values ('157','180','7','2','Male',to_date('07.05.1991','DD.MM.RRRR'),'Consolata','Camier','875-333-5042','(547) 2504416','+33 (417) 854-2369','0');
Insert into NUREKE.DONORS (DONOR_ID,ADDRESS_ID,BLOOD_BANK_ID,RELIGION_CODE,GENDER_MFU,DATE_OF_BIRTH,FIRST_NAME,LAST_NAME,HOME_PHONE_NUM,WORK_PHONE_NUM,MOBILE_PHONE_NUM,MEDICAL_CONDITION) values ('158','18','5','2','Male',to_date('06.12.1992','DD.MM.RRRR'),'Augustine','Docherty','449-279-1260','(549) 2903763','+1 (966) 815-0249','1');
Insert into NUREKE.DONORS (DONOR_ID,ADDRESS_ID,BLOOD_BANK_ID,RELIGION_CODE,GENDER_MFU,DATE_OF_BIRTH,FIRST_NAME,LAST_NAME,HOME_PHONE_NUM,WORK_PHONE_NUM,MOBILE_PHONE_NUM,MEDICAL_CONDITION) values ('159','90','11','3','Male',to_date('22.12.1990','DD.MM.RRRR'),'Cherida','Crammy','364-737-5205','(730) 8760000','+504 (570) 799-9472','0');
Insert into NUREKE.DONORS (DONOR_ID,ADDRESS_ID,BLOOD_BANK_ID,RELIGION_CODE,GENDER_MFU,DATE_OF_BIRTH,FIRST_NAME,LAST_NAME,HOME_PHONE_NUM,WORK_PHONE_NUM,MOBILE_PHONE_NUM,MEDICAL_CONDITION) values ('160','284','10','1','Female',to_date('12.01.1991','DD.MM.RRRR'),'Harvey','Fussell','620-235-7949','(534) 9671143','+86 (754) 996-3543','0');
Insert into NUREKE.DONORS (DONOR_ID,ADDRESS_ID,BLOOD_BANK_ID,RELIGION_CODE,GENDER_MFU,DATE_OF_BIRTH,FIRST_NAME,LAST_NAME,HOME_PHONE_NUM,WORK_PHONE_NUM,MOBILE_PHONE_NUM,MEDICAL_CONDITION) values ('161','178','3','1','Female',to_date('03.04.2002','DD.MM.RRRR'),'Bryan','Gonin','307-470-8554','(269) 6374102','+62 (521) 254-1607','0');
Insert into NUREKE.DONORS (DONOR_ID,ADDRESS_ID,BLOOD_BANK_ID,RELIGION_CODE,GENDER_MFU,DATE_OF_BIRTH,FIRST_NAME,LAST_NAME,HOME_PHONE_NUM,WORK_PHONE_NUM,MOBILE_PHONE_NUM,MEDICAL_CONDITION) values ('162','20','5','1','Female',to_date('14.04.1982','DD.MM.RRRR'),'Tillie','Baulcombe','863-751-5781','(363) 2597171','+55 (776) 217-0972','1');
Insert into NUREKE.DONORS (DONOR_ID,ADDRESS_ID,BLOOD_BANK_ID,RELIGION_CODE,GENDER_MFU,DATE_OF_BIRTH,FIRST_NAME,LAST_NAME,HOME_PHONE_NUM,WORK_PHONE_NUM,MOBILE_PHONE_NUM,MEDICAL_CONDITION) values ('163','286','3','3','Female',to_date('14.02.1977','DD.MM.RRRR'),'Dalis','Stennet','796-203-2491','(682) 7531954','+47 (742) 437-7811','0');
Insert into NUREKE.DONORS (DONOR_ID,ADDRESS_ID,BLOOD_BANK_ID,RELIGION_CODE,GENDER_MFU,DATE_OF_BIRTH,FIRST_NAME,LAST_NAME,HOME_PHONE_NUM,WORK_PHONE_NUM,MOBILE_PHONE_NUM,MEDICAL_CONDITION) values ('164','190','11','2','Male',to_date('14.07.1985','DD.MM.RRRR'),'Candide','Atmore','873-116-7629','(390) 8399207','+55 (366) 953-0501','1');
Insert into NUREKE.DONORS (DONOR_ID,ADDRESS_ID,BLOOD_BANK_ID,RELIGION_CODE,GENDER_MFU,DATE_OF_BIRTH,FIRST_NAME,LAST_NAME,HOME_PHONE_NUM,WORK_PHONE_NUM,MOBILE_PHONE_NUM,MEDICAL_CONDITION) values ('165','185','10','3','Female',to_date('31.10.1988','DD.MM.RRRR'),'Gwenneth','Calliss','812-872-1628','(316) 9068442','+420 (167) 532-0359','1');
Insert into NUREKE.DONORS (DONOR_ID,ADDRESS_ID,BLOOD_BANK_ID,RELIGION_CODE,GENDER_MFU,DATE_OF_BIRTH,FIRST_NAME,LAST_NAME,HOME_PHONE_NUM,WORK_PHONE_NUM,MOBILE_PHONE_NUM,MEDICAL_CONDITION) values ('166','94','8','3','Female',to_date('01.02.1997','DD.MM.RRRR'),'Callie','Moralas','334-502-8561','(335) 9509995','+351 (741) 473-8203','1');
Insert into NUREKE.DONORS (DONOR_ID,ADDRESS_ID,BLOOD_BANK_ID,RELIGION_CODE,GENDER_MFU,DATE_OF_BIRTH,FIRST_NAME,LAST_NAME,HOME_PHONE_NUM,WORK_PHONE_NUM,MOBILE_PHONE_NUM,MEDICAL_CONDITION) values ('167','287','6','3','Male',to_date('29.05.1978','DD.MM.RRRR'),'Davidde','Slamaker','425-854-1048','(751) 6626507','+48 (998) 963-1733','1');
Insert into NUREKE.DONORS (DONOR_ID,ADDRESS_ID,BLOOD_BANK_ID,RELIGION_CODE,GENDER_MFU,DATE_OF_BIRTH,FIRST_NAME,LAST_NAME,HOME_PHONE_NUM,WORK_PHONE_NUM,MOBILE_PHONE_NUM,MEDICAL_CONDITION) values ('168','147','8','1','Male',to_date('15.10.1976','DD.MM.RRRR'),'Karry','Flacknell','372-803-8857','(729) 8155732','+63 (477) 723-9293','1');
Insert into NUREKE.DONORS (DONOR_ID,ADDRESS_ID,BLOOD_BANK_ID,RELIGION_CODE,GENDER_MFU,DATE_OF_BIRTH,FIRST_NAME,LAST_NAME,HOME_PHONE_NUM,WORK_PHONE_NUM,MOBILE_PHONE_NUM,MEDICAL_CONDITION) values ('169','281','10','2','Male',to_date('07.11.1995','DD.MM.RRRR'),'Fields','Platts','889-267-7351','(257) 2662127','+7 (570) 243-5528','0');
Insert into NUREKE.DONORS (DONOR_ID,ADDRESS_ID,BLOOD_BANK_ID,RELIGION_CODE,GENDER_MFU,DATE_OF_BIRTH,FIRST_NAME,LAST_NAME,HOME_PHONE_NUM,WORK_PHONE_NUM,MOBILE_PHONE_NUM,MEDICAL_CONDITION) values ('170','42','1','2','Female',to_date('31.05.1972','DD.MM.RRRR'),'Lizabeth','Bakeup','139-861-8335','(811) 9251081','+7 (964) 790-9777','1');
Insert into NUREKE.DONORS (DONOR_ID,ADDRESS_ID,BLOOD_BANK_ID,RELIGION_CODE,GENDER_MFU,DATE_OF_BIRTH,FIRST_NAME,LAST_NAME,HOME_PHONE_NUM,WORK_PHONE_NUM,MOBILE_PHONE_NUM,MEDICAL_CONDITION) values ('171','212','3','3','Female',to_date('29.12.1981','DD.MM.RRRR'),'Pepi','Pavlik','191-970-3948','(883) 1197151','+48 (424) 302-3936','0');
Insert into NUREKE.DONORS (DONOR_ID,ADDRESS_ID,BLOOD_BANK_ID,RELIGION_CODE,GENDER_MFU,DATE_OF_BIRTH,FIRST_NAME,LAST_NAME,HOME_PHONE_NUM,WORK_PHONE_NUM,MOBILE_PHONE_NUM,MEDICAL_CONDITION) values ('172','86','10','3','Female',to_date('10.08.1974','DD.MM.RRRR'),'Bil','Roundtree','260-308-6944','(424) 7421590','+7 (223) 321-1374','0');
Insert into NUREKE.DONORS (DONOR_ID,ADDRESS_ID,BLOOD_BANK_ID,RELIGION_CODE,GENDER_MFU,DATE_OF_BIRTH,FIRST_NAME,LAST_NAME,HOME_PHONE_NUM,WORK_PHONE_NUM,MOBILE_PHONE_NUM,MEDICAL_CONDITION) values ('173','29','5','1','Male',to_date('03.12.1980','DD.MM.RRRR'),'Bettye','McKendry','622-212-6390','(309) 1138822','+33 (170) 904-5494','1');
Insert into NUREKE.DONORS (DONOR_ID,ADDRESS_ID,BLOOD_BANK_ID,RELIGION_CODE,GENDER_MFU,DATE_OF_BIRTH,FIRST_NAME,LAST_NAME,HOME_PHONE_NUM,WORK_PHONE_NUM,MOBILE_PHONE_NUM,MEDICAL_CONDITION) values ('174','66','1','2','Male',to_date('05.01.1996','DD.MM.RRRR'),'Kareem','Schoroder','883-286-4887','(504) 6725753','+86 (356) 697-5002','1');
Insert into NUREKE.DONORS (DONOR_ID,ADDRESS_ID,BLOOD_BANK_ID,RELIGION_CODE,GENDER_MFU,DATE_OF_BIRTH,FIRST_NAME,LAST_NAME,HOME_PHONE_NUM,WORK_PHONE_NUM,MOBILE_PHONE_NUM,MEDICAL_CONDITION) values ('175','261','10','3','Male',to_date('20.04.1986','DD.MM.RRRR'),'Thoma','Ucchino','411-189-0396','(856) 8114412','+55 (153) 104-9894','0');
Insert into NUREKE.DONORS (DONOR_ID,ADDRESS_ID,BLOOD_BANK_ID,RELIGION_CODE,GENDER_MFU,DATE_OF_BIRTH,FIRST_NAME,LAST_NAME,HOME_PHONE_NUM,WORK_PHONE_NUM,MOBILE_PHONE_NUM,MEDICAL_CONDITION) values ('176','61','1','2','Female',to_date('04.08.1993','DD.MM.RRRR'),'Brig','Culley','420-115-3480','(652) 1361241','+62 (653) 709-4572','0');
Insert into NUREKE.DONORS (DONOR_ID,ADDRESS_ID,BLOOD_BANK_ID,RELIGION_CODE,GENDER_MFU,DATE_OF_BIRTH,FIRST_NAME,LAST_NAME,HOME_PHONE_NUM,WORK_PHONE_NUM,MOBILE_PHONE_NUM,MEDICAL_CONDITION) values ('177','89','6','2','Female',to_date('11.06.1976','DD.MM.RRRR'),'Dewie','McNabb','969-999-9675','(263) 8289879','+62 (301) 818-1952','0');
Insert into NUREKE.DONORS (DONOR_ID,ADDRESS_ID,BLOOD_BANK_ID,RELIGION_CODE,GENDER_MFU,DATE_OF_BIRTH,FIRST_NAME,LAST_NAME,HOME_PHONE_NUM,WORK_PHONE_NUM,MOBILE_PHONE_NUM,MEDICAL_CONDITION) values ('178','211','8','2','Male',to_date('29.06.1975','DD.MM.RRRR'),'Anastassia','Scoggin','518-880-1001','(630) 1156740','+86 (458) 534-9891','1');
Insert into NUREKE.DONORS (DONOR_ID,ADDRESS_ID,BLOOD_BANK_ID,RELIGION_CODE,GENDER_MFU,DATE_OF_BIRTH,FIRST_NAME,LAST_NAME,HOME_PHONE_NUM,WORK_PHONE_NUM,MOBILE_PHONE_NUM,MEDICAL_CONDITION) values ('179','254','4','3','Female',to_date('28.06.1990','DD.MM.RRRR'),'Francois','Folds','537-260-3215','(762) 4686082','+249 (422) 839-6119','1');
Insert into NUREKE.DONORS (DONOR_ID,ADDRESS_ID,BLOOD_BANK_ID,RELIGION_CODE,GENDER_MFU,DATE_OF_BIRTH,FIRST_NAME,LAST_NAME,HOME_PHONE_NUM,WORK_PHONE_NUM,MOBILE_PHONE_NUM,MEDICAL_CONDITION) values ('180','266','2','3','Female',to_date('01.01.1974','DD.MM.RRRR'),'Rem','Jimson','204-502-8643','(191) 1092808','+86 (562) 832-3670','0');
Insert into NUREKE.DONORS (DONOR_ID,ADDRESS_ID,BLOOD_BANK_ID,RELIGION_CODE,GENDER_MFU,DATE_OF_BIRTH,FIRST_NAME,LAST_NAME,HOME_PHONE_NUM,WORK_PHONE_NUM,MOBILE_PHONE_NUM,MEDICAL_CONDITION) values ('181','276','12','2','Male',to_date('17.06.1998','DD.MM.RRRR'),'Khalil','Felgat','348-511-0388','(309) 1623988','+1 (770) 365-0787','1');
Insert into NUREKE.DONORS (DONOR_ID,ADDRESS_ID,BLOOD_BANK_ID,RELIGION_CODE,GENDER_MFU,DATE_OF_BIRTH,FIRST_NAME,LAST_NAME,HOME_PHONE_NUM,WORK_PHONE_NUM,MOBILE_PHONE_NUM,MEDICAL_CONDITION) values ('182','130','11','1','Male',to_date('18.03.2002','DD.MM.RRRR'),'Royce','Cardenoso','469-314-4109','(159) 6784114','+1 (334) 342-7301','1');
Insert into NUREKE.DONORS (DONOR_ID,ADDRESS_ID,BLOOD_BANK_ID,RELIGION_CODE,GENDER_MFU,DATE_OF_BIRTH,FIRST_NAME,LAST_NAME,HOME_PHONE_NUM,WORK_PHONE_NUM,MOBILE_PHONE_NUM,MEDICAL_CONDITION) values ('183','28','9','1','Male',to_date('18.06.1999','DD.MM.RRRR'),'Regan','Fealey','624-260-6730','(884) 4098926','+48 (919) 286-1414','1');
Insert into NUREKE.DONORS (DONOR_ID,ADDRESS_ID,BLOOD_BANK_ID,RELIGION_CODE,GENDER_MFU,DATE_OF_BIRTH,FIRST_NAME,LAST_NAME,HOME_PHONE_NUM,WORK_PHONE_NUM,MOBILE_PHONE_NUM,MEDICAL_CONDITION) values ('184','222','12','1','Female',to_date('27.10.1983','DD.MM.RRRR'),'Reuben','Hansill','855-205-1106','(416) 5859456','+255 (633) 106-1838','1');
Insert into NUREKE.DONORS (DONOR_ID,ADDRESS_ID,BLOOD_BANK_ID,RELIGION_CODE,GENDER_MFU,DATE_OF_BIRTH,FIRST_NAME,LAST_NAME,HOME_PHONE_NUM,WORK_PHONE_NUM,MOBILE_PHONE_NUM,MEDICAL_CONDITION) values ('185','200','2','2','Female',to_date('28.12.1978','DD.MM.RRRR'),'Malissa','Standen','708-784-6740','(124) 1081571','+7 (867) 920-3851','0');
Insert into NUREKE.DONORS (DONOR_ID,ADDRESS_ID,BLOOD_BANK_ID,RELIGION_CODE,GENDER_MFU,DATE_OF_BIRTH,FIRST_NAME,LAST_NAME,HOME_PHONE_NUM,WORK_PHONE_NUM,MOBILE_PHONE_NUM,MEDICAL_CONDITION) values ('186','161','6','3','Female',to_date('16.04.2001','DD.MM.RRRR'),'Bobbette','Basilone','811-425-5035','(593) 8200719','+86 (660) 131-0322','0');
Insert into NUREKE.DONORS (DONOR_ID,ADDRESS_ID,BLOOD_BANK_ID,RELIGION_CODE,GENDER_MFU,DATE_OF_BIRTH,FIRST_NAME,LAST_NAME,HOME_PHONE_NUM,WORK_PHONE_NUM,MOBILE_PHONE_NUM,MEDICAL_CONDITION) values ('187','91','4','3','Male',to_date('03.12.2001','DD.MM.RRRR'),'Terza','Dionisetto','338-806-3563','(939) 8366241','+62 (502) 534-5791','1');
Insert into NUREKE.DONORS (DONOR_ID,ADDRESS_ID,BLOOD_BANK_ID,RELIGION_CODE,GENDER_MFU,DATE_OF_BIRTH,FIRST_NAME,LAST_NAME,HOME_PHONE_NUM,WORK_PHONE_NUM,MOBILE_PHONE_NUM,MEDICAL_CONDITION) values ('188','66','13','1','Male',to_date('23.06.1998','DD.MM.RRRR'),'Dallon','Linkleter','670-944-0813','(476) 7140809','+48 (725) 774-7906','0');
Insert into NUREKE.DONORS (DONOR_ID,ADDRESS_ID,BLOOD_BANK_ID,RELIGION_CODE,GENDER_MFU,DATE_OF_BIRTH,FIRST_NAME,LAST_NAME,HOME_PHONE_NUM,WORK_PHONE_NUM,MOBILE_PHONE_NUM,MEDICAL_CONDITION) values ('189','157','5','2','Female',to_date('26.10.1996','DD.MM.RRRR'),'Carolan','Spivie','442-689-2350','(558) 4974245','+251 (247) 568-1910','0');
Insert into NUREKE.DONORS (DONOR_ID,ADDRESS_ID,BLOOD_BANK_ID,RELIGION_CODE,GENDER_MFU,DATE_OF_BIRTH,FIRST_NAME,LAST_NAME,HOME_PHONE_NUM,WORK_PHONE_NUM,MOBILE_PHONE_NUM,MEDICAL_CONDITION) values ('190','116','12','1','Female',to_date('12.07.2000','DD.MM.RRRR'),'Felisha','Eouzan','856-507-0574','(716) 2876155','+86 (254) 703-8594','0');
Insert into NUREKE.DONORS (DONOR_ID,ADDRESS_ID,BLOOD_BANK_ID,RELIGION_CODE,GENDER_MFU,DATE_OF_BIRTH,FIRST_NAME,LAST_NAME,HOME_PHONE_NUM,WORK_PHONE_NUM,MOBILE_PHONE_NUM,MEDICAL_CONDITION) values ('191','289','7','1','Female',to_date('05.03.1988','DD.MM.RRRR'),'Helga','D''Alesco','182-187-2061','(431) 4332379','+66 (279) 387-3288','0');
Insert into NUREKE.DONORS (DONOR_ID,ADDRESS_ID,BLOOD_BANK_ID,RELIGION_CODE,GENDER_MFU,DATE_OF_BIRTH,FIRST_NAME,LAST_NAME,HOME_PHONE_NUM,WORK_PHONE_NUM,MOBILE_PHONE_NUM,MEDICAL_CONDITION) values ('192','159','6','1','Male',to_date('15.03.1989','DD.MM.RRRR'),'Renado','Guilloud','192-522-6821','(328) 7997139','+86 (901) 247-7248','0');
Insert into NUREKE.DONORS (DONOR_ID,ADDRESS_ID,BLOOD_BANK_ID,RELIGION_CODE,GENDER_MFU,DATE_OF_BIRTH,FIRST_NAME,LAST_NAME,HOME_PHONE_NUM,WORK_PHONE_NUM,MOBILE_PHONE_NUM,MEDICAL_CONDITION) values ('193','284','3','2','Female',to_date('15.09.1984','DD.MM.RRRR'),'Zackariah','Izen','484-831-4757','(939) 9251774','+86 (473) 313-3532','1');
Insert into NUREKE.DONORS (DONOR_ID,ADDRESS_ID,BLOOD_BANK_ID,RELIGION_CODE,GENDER_MFU,DATE_OF_BIRTH,FIRST_NAME,LAST_NAME,HOME_PHONE_NUM,WORK_PHONE_NUM,MOBILE_PHONE_NUM,MEDICAL_CONDITION) values ('194','234','11','3','Male',to_date('08.09.1991','DD.MM.RRRR'),'Tristam','Pauer','318-109-6818','(437) 3527539','+62 (450) 298-8004','1');
Insert into NUREKE.DONORS (DONOR_ID,ADDRESS_ID,BLOOD_BANK_ID,RELIGION_CODE,GENDER_MFU,DATE_OF_BIRTH,FIRST_NAME,LAST_NAME,HOME_PHONE_NUM,WORK_PHONE_NUM,MOBILE_PHONE_NUM,MEDICAL_CONDITION) values ('195','105','5','2','Male',to_date('26.03.1975','DD.MM.RRRR'),'Robbie','Ingerson','779-531-0727','(904) 5847766','+86 (992) 480-7130','0');
Insert into NUREKE.DONORS (DONOR_ID,ADDRESS_ID,BLOOD_BANK_ID,RELIGION_CODE,GENDER_MFU,DATE_OF_BIRTH,FIRST_NAME,LAST_NAME,HOME_PHONE_NUM,WORK_PHONE_NUM,MOBILE_PHONE_NUM,MEDICAL_CONDITION) values ('196','69','13','3','Female',to_date('21.04.2002','DD.MM.RRRR'),'Myranda','Feldbrin','206-399-9743','(603) 1684330','+86 (427) 396-4842','1');
Insert into NUREKE.DONORS (DONOR_ID,ADDRESS_ID,BLOOD_BANK_ID,RELIGION_CODE,GENDER_MFU,DATE_OF_BIRTH,FIRST_NAME,LAST_NAME,HOME_PHONE_NUM,WORK_PHONE_NUM,MOBILE_PHONE_NUM,MEDICAL_CONDITION) values ('197','46','5','3','Male',to_date('22.09.1983','DD.MM.RRRR'),'Selie','Paget','293-155-7662','(384) 8984785','+66 (233) 114-5745','0');
Insert into NUREKE.DONORS (DONOR_ID,ADDRESS_ID,BLOOD_BANK_ID,RELIGION_CODE,GENDER_MFU,DATE_OF_BIRTH,FIRST_NAME,LAST_NAME,HOME_PHONE_NUM,WORK_PHONE_NUM,MOBILE_PHONE_NUM,MEDICAL_CONDITION) values ('198','133','8','1','Female',to_date('11.08.1983','DD.MM.RRRR'),'Rafaellle','Smallwood','732-206-0854','(418) 8845764','+86 (307) 658-3331','0');
Insert into NUREKE.DONORS (DONOR_ID,ADDRESS_ID,BLOOD_BANK_ID,RELIGION_CODE,GENDER_MFU,DATE_OF_BIRTH,FIRST_NAME,LAST_NAME,HOME_PHONE_NUM,WORK_PHONE_NUM,MOBILE_PHONE_NUM,MEDICAL_CONDITION) values ('199','264','8','1','Male',to_date('08.07.1998','DD.MM.RRRR'),'Morton','Gullen','874-206-8163','(885) 1145429','+1 (916) 693-0024','1');
Insert into NUREKE.DONORS (DONOR_ID,ADDRESS_ID,BLOOD_BANK_ID,RELIGION_CODE,GENDER_MFU,DATE_OF_BIRTH,FIRST_NAME,LAST_NAME,HOME_PHONE_NUM,WORK_PHONE_NUM,MOBILE_PHONE_NUM,MEDICAL_CONDITION) values ('200','210','13','1','Male',to_date('05.08.1975','DD.MM.RRRR'),'Bradley','De Giovanni','917-297-1522','(224) 5826236','+33 (379) 319-3630','1');
Insert into NUREKE.DONORS (DONOR_ID,ADDRESS_ID,BLOOD_BANK_ID,RELIGION_CODE,GENDER_MFU,DATE_OF_BIRTH,FIRST_NAME,LAST_NAME,HOME_PHONE_NUM,WORK_PHONE_NUM,MOBILE_PHONE_NUM,MEDICAL_CONDITION) values ('201','241','7','2','Male',to_date('08.12.1981','DD.MM.RRRR'),'Drud','Tattershall','913-723-4231','(973) 1271853','+81 (924) 473-8295','0');
Insert into NUREKE.DONORS (DONOR_ID,ADDRESS_ID,BLOOD_BANK_ID,RELIGION_CODE,GENDER_MFU,DATE_OF_BIRTH,FIRST_NAME,LAST_NAME,HOME_PHONE_NUM,WORK_PHONE_NUM,MOBILE_PHONE_NUM,MEDICAL_CONDITION) values ('202','254','1','3','Female',to_date('19.03.1990','DD.MM.RRRR'),'Elvyn','Hillitt','117-686-6592','(522) 6097696','+62 (913) 528-4261','1');
Insert into NUREKE.DONORS (DONOR_ID,ADDRESS_ID,BLOOD_BANK_ID,RELIGION_CODE,GENDER_MFU,DATE_OF_BIRTH,FIRST_NAME,LAST_NAME,HOME_PHONE_NUM,WORK_PHONE_NUM,MOBILE_PHONE_NUM,MEDICAL_CONDITION) values ('203','82','5','1','Male',to_date('03.09.1986','DD.MM.RRRR'),'Helenka','Soot','187-131-3594','(763) 4314610','+48 (392) 787-3061','0');
Insert into NUREKE.DONORS (DONOR_ID,ADDRESS_ID,BLOOD_BANK_ID,RELIGION_CODE,GENDER_MFU,DATE_OF_BIRTH,FIRST_NAME,LAST_NAME,HOME_PHONE_NUM,WORK_PHONE_NUM,MOBILE_PHONE_NUM,MEDICAL_CONDITION) values ('204','269','13','1','Male',to_date('21.07.1978','DD.MM.RRRR'),'Katerine','Pancoast','582-466-2195','(297) 4977325','+62 (808) 808-0174','1');
Insert into NUREKE.DONORS (DONOR_ID,ADDRESS_ID,BLOOD_BANK_ID,RELIGION_CODE,GENDER_MFU,DATE_OF_BIRTH,FIRST_NAME,LAST_NAME,HOME_PHONE_NUM,WORK_PHONE_NUM,MOBILE_PHONE_NUM,MEDICAL_CONDITION) values ('205','154','7','1','Female',to_date('13.02.2000','DD.MM.RRRR'),'Roy','Rozzell','570-408-0890','(377) 1808347','+7 (470) 107-3522','0');
Insert into NUREKE.DONORS (DONOR_ID,ADDRESS_ID,BLOOD_BANK_ID,RELIGION_CODE,GENDER_MFU,DATE_OF_BIRTH,FIRST_NAME,LAST_NAME,HOME_PHONE_NUM,WORK_PHONE_NUM,MOBILE_PHONE_NUM,MEDICAL_CONDITION) values ('206','52','7','1','Male',to_date('30.04.1986','DD.MM.RRRR'),'Concettina','Paradyce','877-422-7337','(898) 6300321','+62 (180) 629-0555','1');
Insert into NUREKE.DONORS (DONOR_ID,ADDRESS_ID,BLOOD_BANK_ID,RELIGION_CODE,GENDER_MFU,DATE_OF_BIRTH,FIRST_NAME,LAST_NAME,HOME_PHONE_NUM,WORK_PHONE_NUM,MOBILE_PHONE_NUM,MEDICAL_CONDITION) values ('207','45','8','2','Female',to_date('28.03.1995','DD.MM.RRRR'),'Nydia','Eaton','732-962-4787','(271) 3365141','+86 (711) 315-1999','0');
Insert into NUREKE.DONORS (DONOR_ID,ADDRESS_ID,BLOOD_BANK_ID,RELIGION_CODE,GENDER_MFU,DATE_OF_BIRTH,FIRST_NAME,LAST_NAME,HOME_PHONE_NUM,WORK_PHONE_NUM,MOBILE_PHONE_NUM,MEDICAL_CONDITION) values ('208','116','8','2','Male',to_date('29.06.1985','DD.MM.RRRR'),'Bab','Smedmoor','673-307-4087','(865) 6713620','+33 (284) 644-5381','0');
Insert into NUREKE.DONORS (DONOR_ID,ADDRESS_ID,BLOOD_BANK_ID,RELIGION_CODE,GENDER_MFU,DATE_OF_BIRTH,FIRST_NAME,LAST_NAME,HOME_PHONE_NUM,WORK_PHONE_NUM,MOBILE_PHONE_NUM,MEDICAL_CONDITION) values ('209','204','3','1','Male',to_date('01.05.1980','DD.MM.RRRR'),'Ashli','McNeice','150-748-2473','(571) 3519149','+380 (456) 502-4414','1');
Insert into NUREKE.DONORS (DONOR_ID,ADDRESS_ID,BLOOD_BANK_ID,RELIGION_CODE,GENDER_MFU,DATE_OF_BIRTH,FIRST_NAME,LAST_NAME,HOME_PHONE_NUM,WORK_PHONE_NUM,MOBILE_PHONE_NUM,MEDICAL_CONDITION) values ('210','125','8','2','Female',to_date('22.02.1983','DD.MM.RRRR'),'Gerik','Truwert','589-295-2404','(829) 9272050','+380 (684) 284-6043','1');
Insert into NUREKE.DONORS (DONOR_ID,ADDRESS_ID,BLOOD_BANK_ID,RELIGION_CODE,GENDER_MFU,DATE_OF_BIRTH,FIRST_NAME,LAST_NAME,HOME_PHONE_NUM,WORK_PHONE_NUM,MOBILE_PHONE_NUM,MEDICAL_CONDITION) values ('211','70','12','2','Female',to_date('17.04.1986','DD.MM.RRRR'),'Blinny','Dies','600-975-3886','(597) 9488376','+994 (288) 808-5722','1');
Insert into NUREKE.DONORS (DONOR_ID,ADDRESS_ID,BLOOD_BANK_ID,RELIGION_CODE,GENDER_MFU,DATE_OF_BIRTH,FIRST_NAME,LAST_NAME,HOME_PHONE_NUM,WORK_PHONE_NUM,MOBILE_PHONE_NUM,MEDICAL_CONDITION) values ('212','273','4','2','Male',to_date('31.05.1975','DD.MM.RRRR'),'Clari','Flawn','141-619-5237','(599) 3623945','+965 (160) 267-9001','1');
Insert into NUREKE.DONORS (DONOR_ID,ADDRESS_ID,BLOOD_BANK_ID,RELIGION_CODE,GENDER_MFU,DATE_OF_BIRTH,FIRST_NAME,LAST_NAME,HOME_PHONE_NUM,WORK_PHONE_NUM,MOBILE_PHONE_NUM,MEDICAL_CONDITION) values ('213','26','12','2','Female',to_date('04.06.1998','DD.MM.RRRR'),'Horst','Brisson','645-792-8498','(670) 4322051','+81 (865) 550-8353','1');
Insert into NUREKE.DONORS (DONOR_ID,ADDRESS_ID,BLOOD_BANK_ID,RELIGION_CODE,GENDER_MFU,DATE_OF_BIRTH,FIRST_NAME,LAST_NAME,HOME_PHONE_NUM,WORK_PHONE_NUM,MOBILE_PHONE_NUM,MEDICAL_CONDITION) values ('214','153','3','3','Female',to_date('26.01.1995','DD.MM.RRRR'),'Tracie','Selwyn','412-308-3307','(513) 3240350','+81 (949) 476-5972','0');
Insert into NUREKE.DONORS (DONOR_ID,ADDRESS_ID,BLOOD_BANK_ID,RELIGION_CODE,GENDER_MFU,DATE_OF_BIRTH,FIRST_NAME,LAST_NAME,HOME_PHONE_NUM,WORK_PHONE_NUM,MOBILE_PHONE_NUM,MEDICAL_CONDITION) values ('215','140','1','1','Female',to_date('30.04.1975','DD.MM.RRRR'),'Garvey','Fawssett','425-977-4320','(983) 9071973','+57 (406) 161-8742','1');
Insert into NUREKE.DONORS (DONOR_ID,ADDRESS_ID,BLOOD_BANK_ID,RELIGION_CODE,GENDER_MFU,DATE_OF_BIRTH,FIRST_NAME,LAST_NAME,HOME_PHONE_NUM,WORK_PHONE_NUM,MOBILE_PHONE_NUM,MEDICAL_CONDITION) values ('216','35','10','1','Male',to_date('28.04.1987','DD.MM.RRRR'),'Cobb','Leverton','971-783-2313','(761) 9334200','+380 (790) 769-7600','1');
Insert into NUREKE.DONORS (DONOR_ID,ADDRESS_ID,BLOOD_BANK_ID,RELIGION_CODE,GENDER_MFU,DATE_OF_BIRTH,FIRST_NAME,LAST_NAME,HOME_PHONE_NUM,WORK_PHONE_NUM,MOBILE_PHONE_NUM,MEDICAL_CONDITION) values ('217','110','1','3','Male',to_date('07.11.1992','DD.MM.RRRR'),'Sean','Tipple','840-639-6979','(966) 5851596','+98 (887) 423-0229','1');
REM INSERTING into NUREKE.DONATIONS
SET DEFINE OFF;
Insert into NUREKE.DONATIONS (DONATION_ID,DONOR_ID,DONATION_DATE) values ('1','75',to_date('15.01.2021','DD.MM.RRRR'));
Insert into NUREKE.DONATIONS (DONATION_ID,DONOR_ID,DONATION_DATE) values ('2','179',to_date('11.07.2020','DD.MM.RRRR'));
Insert into NUREKE.DONATIONS (DONATION_ID,DONOR_ID,DONATION_DATE) values ('3','201',to_date('09.12.2019','DD.MM.RRRR'));
Insert into NUREKE.DONATIONS (DONATION_ID,DONOR_ID,DONATION_DATE) values ('4','53',to_date('23.06.2022','DD.MM.RRRR'));
Insert into NUREKE.DONATIONS (DONATION_ID,DONOR_ID,DONATION_DATE) values ('5','37',to_date('22.05.2022','DD.MM.RRRR'));
Insert into NUREKE.DONATIONS (DONATION_ID,DONOR_ID,DONATION_DATE) values ('6','171',to_date('28.05.2021','DD.MM.RRRR'));
Insert into NUREKE.DONATIONS (DONATION_ID,DONOR_ID,DONATION_DATE) values ('7','216',to_date('07.01.2022','DD.MM.RRRR'));
Insert into NUREKE.DONATIONS (DONATION_ID,DONOR_ID,DONATION_DATE) values ('8','71',to_date('23.02.2021','DD.MM.RRRR'));
Insert into NUREKE.DONATIONS (DONATION_ID,DONOR_ID,DONATION_DATE) values ('9','33',to_date('07.09.2020','DD.MM.RRRR'));
Insert into NUREKE.DONATIONS (DONATION_ID,DONOR_ID,DONATION_DATE) values ('10','162',to_date('07.01.2021','DD.MM.RRRR'));
Insert into NUREKE.DONATIONS (DONATION_ID,DONOR_ID,DONATION_DATE) values ('11','189',to_date('17.08.2020','DD.MM.RRRR'));
Insert into NUREKE.DONATIONS (DONATION_ID,DONOR_ID,DONATION_DATE) values ('12','44',to_date('05.06.2022','DD.MM.RRRR'));
Insert into NUREKE.DONATIONS (DONATION_ID,DONOR_ID,DONATION_DATE) values ('13','7',to_date('20.09.2021','DD.MM.RRRR'));
Insert into NUREKE.DONATIONS (DONATION_ID,DONOR_ID,DONATION_DATE) values ('14','184',to_date('23.12.2019','DD.MM.RRRR'));
Insert into NUREKE.DONATIONS (DONATION_ID,DONOR_ID,DONATION_DATE) values ('15','14',to_date('31.05.2022','DD.MM.RRRR'));
Insert into NUREKE.DONATIONS (DONATION_ID,DONOR_ID,DONATION_DATE) values ('16','171',to_date('06.07.2019','DD.MM.RRRR'));
Insert into NUREKE.DONATIONS (DONATION_ID,DONOR_ID,DONATION_DATE) values ('17','17',to_date('27.01.2022','DD.MM.RRRR'));
Insert into NUREKE.DONATIONS (DONATION_ID,DONOR_ID,DONATION_DATE) values ('18','209',to_date('23.03.2020','DD.MM.RRRR'));
Insert into NUREKE.DONATIONS (DONATION_ID,DONOR_ID,DONATION_DATE) values ('19','128',to_date('31.05.2019','DD.MM.RRRR'));
Insert into NUREKE.DONATIONS (DONATION_ID,DONOR_ID,DONATION_DATE) values ('20','95',to_date('07.08.2020','DD.MM.RRRR'));
Insert into NUREKE.DONATIONS (DONATION_ID,DONOR_ID,DONATION_DATE) values ('21','24',to_date('18.08.2020','DD.MM.RRRR'));
Insert into NUREKE.DONATIONS (DONATION_ID,DONOR_ID,DONATION_DATE) values ('22','126',to_date('04.11.2021','DD.MM.RRRR'));
Insert into NUREKE.DONATIONS (DONATION_ID,DONOR_ID,DONATION_DATE) values ('23','51',to_date('22.05.2021','DD.MM.RRRR'));
Insert into NUREKE.DONATIONS (DONATION_ID,DONOR_ID,DONATION_DATE) values ('24','85',to_date('21.11.2021','DD.MM.RRRR'));
Insert into NUREKE.DONATIONS (DONATION_ID,DONOR_ID,DONATION_DATE) values ('25','66',to_date('25.04.2022','DD.MM.RRRR'));
Insert into NUREKE.DONATIONS (DONATION_ID,DONOR_ID,DONATION_DATE) values ('26','186',to_date('19.02.2021','DD.MM.RRRR'));
Insert into NUREKE.DONATIONS (DONATION_ID,DONOR_ID,DONATION_DATE) values ('27','138',to_date('16.02.2019','DD.MM.RRRR'));
Insert into NUREKE.DONATIONS (DONATION_ID,DONOR_ID,DONATION_DATE) values ('28','188',to_date('06.08.2019','DD.MM.RRRR'));
Insert into NUREKE.DONATIONS (DONATION_ID,DONOR_ID,DONATION_DATE) values ('29','171',to_date('28.11.2020','DD.MM.RRRR'));
Insert into NUREKE.DONATIONS (DONATION_ID,DONOR_ID,DONATION_DATE) values ('30','123',to_date('09.10.2019','DD.MM.RRRR'));
Insert into NUREKE.DONATIONS (DONATION_ID,DONOR_ID,DONATION_DATE) values ('31','168',to_date('17.10.2019','DD.MM.RRRR'));
Insert into NUREKE.DONATIONS (DONATION_ID,DONOR_ID,DONATION_DATE) values ('32','29',to_date('15.08.2022','DD.MM.RRRR'));
Insert into NUREKE.DONATIONS (DONATION_ID,DONOR_ID,DONATION_DATE) values ('33','74',to_date('04.11.2021','DD.MM.RRRR'));
Insert into NUREKE.DONATIONS (DONATION_ID,DONOR_ID,DONATION_DATE) values ('34','136',to_date('06.11.2019','DD.MM.RRRR'));
Insert into NUREKE.DONATIONS (DONATION_ID,DONOR_ID,DONATION_DATE) values ('35','27',to_date('21.08.2022','DD.MM.RRRR'));
Insert into NUREKE.DONATIONS (DONATION_ID,DONOR_ID,DONATION_DATE) values ('36','186',to_date('28.11.2020','DD.MM.RRRR'));
Insert into NUREKE.DONATIONS (DONATION_ID,DONOR_ID,DONATION_DATE) values ('37','164',to_date('10.04.2020','DD.MM.RRRR'));
Insert into NUREKE.DONATIONS (DONATION_ID,DONOR_ID,DONATION_DATE) values ('38','43',to_date('05.06.2019','DD.MM.RRRR'));
Insert into NUREKE.DONATIONS (DONATION_ID,DONOR_ID,DONATION_DATE) values ('39','198',to_date('04.09.2019','DD.MM.RRRR'));
Insert into NUREKE.DONATIONS (DONATION_ID,DONOR_ID,DONATION_DATE) values ('40','12',to_date('14.10.2019','DD.MM.RRRR'));
Insert into NUREKE.DONATIONS (DONATION_ID,DONOR_ID,DONATION_DATE) values ('41','124',to_date('25.04.2019','DD.MM.RRRR'));
Insert into NUREKE.DONATIONS (DONATION_ID,DONOR_ID,DONATION_DATE) values ('42','74',to_date('29.06.2020','DD.MM.RRRR'));
Insert into NUREKE.DONATIONS (DONATION_ID,DONOR_ID,DONATION_DATE) values ('43','101',to_date('25.08.2020','DD.MM.RRRR'));
Insert into NUREKE.DONATIONS (DONATION_ID,DONOR_ID,DONATION_DATE) values ('44','104',to_date('27.03.2022','DD.MM.RRRR'));
Insert into NUREKE.DONATIONS (DONATION_ID,DONOR_ID,DONATION_DATE) values ('45','106',to_date('13.02.2020','DD.MM.RRRR'));
Insert into NUREKE.DONATIONS (DONATION_ID,DONOR_ID,DONATION_DATE) values ('46','184',to_date('03.12.2019','DD.MM.RRRR'));
Insert into NUREKE.DONATIONS (DONATION_ID,DONOR_ID,DONATION_DATE) values ('47','131',to_date('28.10.2020','DD.MM.RRRR'));
Insert into NUREKE.DONATIONS (DONATION_ID,DONOR_ID,DONATION_DATE) values ('48','101',to_date('02.04.2020','DD.MM.RRRR'));
Insert into NUREKE.DONATIONS (DONATION_ID,DONOR_ID,DONATION_DATE) values ('49','1',to_date('27.01.2022','DD.MM.RRRR'));
Insert into NUREKE.DONATIONS (DONATION_ID,DONOR_ID,DONATION_DATE) values ('50','205',to_date('22.10.2019','DD.MM.RRRR'));
Insert into NUREKE.DONATIONS (DONATION_ID,DONOR_ID,DONATION_DATE) values ('51','181',to_date('29.05.2019','DD.MM.RRRR'));
Insert into NUREKE.DONATIONS (DONATION_ID,DONOR_ID,DONATION_DATE) values ('52','115',to_date('21.06.2019','DD.MM.RRRR'));
Insert into NUREKE.DONATIONS (DONATION_ID,DONOR_ID,DONATION_DATE) values ('53','107',to_date('23.05.2022','DD.MM.RRRR'));
Insert into NUREKE.DONATIONS (DONATION_ID,DONOR_ID,DONATION_DATE) values ('54','2',to_date('27.09.2021','DD.MM.RRRR'));
Insert into NUREKE.DONATIONS (DONATION_ID,DONOR_ID,DONATION_DATE) values ('55','134',to_date('28.05.2021','DD.MM.RRRR'));
Insert into NUREKE.DONATIONS (DONATION_ID,DONOR_ID,DONATION_DATE) values ('56','197',to_date('23.12.2020','DD.MM.RRRR'));
Insert into NUREKE.DONATIONS (DONATION_ID,DONOR_ID,DONATION_DATE) values ('57','94',to_date('10.07.2019','DD.MM.RRRR'));
Insert into NUREKE.DONATIONS (DONATION_ID,DONOR_ID,DONATION_DATE) values ('58','72',to_date('16.02.2019','DD.MM.RRRR'));
Insert into NUREKE.DONATIONS (DONATION_ID,DONOR_ID,DONATION_DATE) values ('59','86',to_date('16.05.2019','DD.MM.RRRR'));
Insert into NUREKE.DONATIONS (DONATION_ID,DONOR_ID,DONATION_DATE) values ('60','180',to_date('15.07.2022','DD.MM.RRRR'));
Insert into NUREKE.DONATIONS (DONATION_ID,DONOR_ID,DONATION_DATE) values ('61','66',to_date('16.11.2020','DD.MM.RRRR'));
Insert into NUREKE.DONATIONS (DONATION_ID,DONOR_ID,DONATION_DATE) values ('62','3',to_date('03.09.2021','DD.MM.RRRR'));
Insert into NUREKE.DONATIONS (DONATION_ID,DONOR_ID,DONATION_DATE) values ('63','205',to_date('06.11.2021','DD.MM.RRRR'));
Insert into NUREKE.DONATIONS (DONATION_ID,DONOR_ID,DONATION_DATE) values ('64','134',to_date('24.07.2022','DD.MM.RRRR'));
Insert into NUREKE.DONATIONS (DONATION_ID,DONOR_ID,DONATION_DATE) values ('65','137',to_date('03.04.2021','DD.MM.RRRR'));
Insert into NUREKE.DONATIONS (DONATION_ID,DONOR_ID,DONATION_DATE) values ('66','100',to_date('04.01.2020','DD.MM.RRRR'));
Insert into NUREKE.DONATIONS (DONATION_ID,DONOR_ID,DONATION_DATE) values ('67','79',to_date('25.04.2022','DD.MM.RRRR'));
Insert into NUREKE.DONATIONS (DONATION_ID,DONOR_ID,DONATION_DATE) values ('68','68',to_date('10.05.2019','DD.MM.RRRR'));
Insert into NUREKE.DONATIONS (DONATION_ID,DONOR_ID,DONATION_DATE) values ('69','190',to_date('07.12.2019','DD.MM.RRRR'));
Insert into NUREKE.DONATIONS (DONATION_ID,DONOR_ID,DONATION_DATE) values ('70','64',to_date('21.11.2020','DD.MM.RRRR'));
Insert into NUREKE.DONATIONS (DONATION_ID,DONOR_ID,DONATION_DATE) values ('71','34',to_date('20.07.2022','DD.MM.RRRR'));
Insert into NUREKE.DONATIONS (DONATION_ID,DONOR_ID,DONATION_DATE) values ('72','190',to_date('07.11.2021','DD.MM.RRRR'));
Insert into NUREKE.DONATIONS (DONATION_ID,DONOR_ID,DONATION_DATE) values ('73','210',to_date('20.04.2019','DD.MM.RRRR'));
Insert into NUREKE.DONATIONS (DONATION_ID,DONOR_ID,DONATION_DATE) values ('74','82',to_date('22.03.2021','DD.MM.RRRR'));
Insert into NUREKE.DONATIONS (DONATION_ID,DONOR_ID,DONATION_DATE) values ('75','184',to_date('20.09.2020','DD.MM.RRRR'));
Insert into NUREKE.DONATIONS (DONATION_ID,DONOR_ID,DONATION_DATE) values ('76','106',to_date('30.06.2019','DD.MM.RRRR'));
Insert into NUREKE.DONATIONS (DONATION_ID,DONOR_ID,DONATION_DATE) values ('77','84',to_date('29.04.2021','DD.MM.RRRR'));
Insert into NUREKE.DONATIONS (DONATION_ID,DONOR_ID,DONATION_DATE) values ('78','169',to_date('24.09.2019','DD.MM.RRRR'));
Insert into NUREKE.DONATIONS (DONATION_ID,DONOR_ID,DONATION_DATE) values ('79','121',to_date('26.07.2021','DD.MM.RRRR'));
Insert into NUREKE.DONATIONS (DONATION_ID,DONOR_ID,DONATION_DATE) values ('80','81',to_date('06.12.2021','DD.MM.RRRR'));
Insert into NUREKE.DONATIONS (DONATION_ID,DONOR_ID,DONATION_DATE) values ('81','6',to_date('22.06.2020','DD.MM.RRRR'));
Insert into NUREKE.DONATIONS (DONATION_ID,DONOR_ID,DONATION_DATE) values ('82','42',to_date('30.01.2020','DD.MM.RRRR'));
Insert into NUREKE.DONATIONS (DONATION_ID,DONOR_ID,DONATION_DATE) values ('83','37',to_date('01.03.2022','DD.MM.RRRR'));
Insert into NUREKE.DONATIONS (DONATION_ID,DONOR_ID,DONATION_DATE) values ('84','213',to_date('12.02.2022','DD.MM.RRRR'));
Insert into NUREKE.DONATIONS (DONATION_ID,DONOR_ID,DONATION_DATE) values ('85','123',to_date('29.11.2019','DD.MM.RRRR'));
Insert into NUREKE.DONATIONS (DONATION_ID,DONOR_ID,DONATION_DATE) values ('86','16',to_date('04.07.2022','DD.MM.RRRR'));
Insert into NUREKE.DONATIONS (DONATION_ID,DONOR_ID,DONATION_DATE) values ('87','73',to_date('26.01.2022','DD.MM.RRRR'));
Insert into NUREKE.DONATIONS (DONATION_ID,DONOR_ID,DONATION_DATE) values ('88','158',to_date('02.04.2020','DD.MM.RRRR'));
Insert into NUREKE.DONATIONS (DONATION_ID,DONOR_ID,DONATION_DATE) values ('89','161',to_date('28.07.2021','DD.MM.RRRR'));
Insert into NUREKE.DONATIONS (DONATION_ID,DONOR_ID,DONATION_DATE) values ('90','8',to_date('02.06.2019','DD.MM.RRRR'));
Insert into NUREKE.DONATIONS (DONATION_ID,DONOR_ID,DONATION_DATE) values ('91','138',to_date('10.10.2021','DD.MM.RRRR'));
Insert into NUREKE.DONATIONS (DONATION_ID,DONOR_ID,DONATION_DATE) values ('92','131',to_date('07.06.2021','DD.MM.RRRR'));
Insert into NUREKE.DONATIONS (DONATION_ID,DONOR_ID,DONATION_DATE) values ('93','173',to_date('01.10.2021','DD.MM.RRRR'));
Insert into NUREKE.DONATIONS (DONATION_ID,DONOR_ID,DONATION_DATE) values ('94','135',to_date('29.06.2022','DD.MM.RRRR'));
Insert into NUREKE.DONATIONS (DONATION_ID,DONOR_ID,DONATION_DATE) values ('95','9',to_date('12.05.2022','DD.MM.RRRR'));
Insert into NUREKE.DONATIONS (DONATION_ID,DONOR_ID,DONATION_DATE) values ('96','18',to_date('30.03.2019','DD.MM.RRRR'));
Insert into NUREKE.DONATIONS (DONATION_ID,DONOR_ID,DONATION_DATE) values ('97','135',to_date('25.04.2021','DD.MM.RRRR'));
Insert into NUREKE.DONATIONS (DONATION_ID,DONOR_ID,DONATION_DATE) values ('98','75',to_date('17.07.2020','DD.MM.RRRR'));
Insert into NUREKE.DONATIONS (DONATION_ID,DONOR_ID,DONATION_DATE) values ('99','190',to_date('28.02.2019','DD.MM.RRRR'));
Insert into NUREKE.DONATIONS (DONATION_ID,DONOR_ID,DONATION_DATE) values ('100','6',to_date('30.07.2019','DD.MM.RRRR'));
Insert into NUREKE.DONATIONS (DONATION_ID,DONOR_ID,DONATION_DATE) values ('101','148',to_date('26.07.2022','DD.MM.RRRR'));
Insert into NUREKE.DONATIONS (DONATION_ID,DONOR_ID,DONATION_DATE) values ('102','201',to_date('12.03.2019','DD.MM.RRRR'));
Insert into NUREKE.DONATIONS (DONATION_ID,DONOR_ID,DONATION_DATE) values ('103','120',to_date('07.09.2020','DD.MM.RRRR'));
Insert into NUREKE.DONATIONS (DONATION_ID,DONOR_ID,DONATION_DATE) values ('104','179',to_date('04.06.2021','DD.MM.RRRR'));
Insert into NUREKE.DONATIONS (DONATION_ID,DONOR_ID,DONATION_DATE) values ('105','116',to_date('24.04.2022','DD.MM.RRRR'));
Insert into NUREKE.DONATIONS (DONATION_ID,DONOR_ID,DONATION_DATE) values ('106','81',to_date('02.09.2020','DD.MM.RRRR'));
Insert into NUREKE.DONATIONS (DONATION_ID,DONOR_ID,DONATION_DATE) values ('107','167',to_date('21.09.2021','DD.MM.RRRR'));
Insert into NUREKE.DONATIONS (DONATION_ID,DONOR_ID,DONATION_DATE) values ('108','70',to_date('24.08.2019','DD.MM.RRRR'));
Insert into NUREKE.DONATIONS (DONATION_ID,DONOR_ID,DONATION_DATE) values ('109','118',to_date('14.09.2020','DD.MM.RRRR'));
Insert into NUREKE.DONATIONS (DONATION_ID,DONOR_ID,DONATION_DATE) values ('110','129',to_date('13.04.2022','DD.MM.RRRR'));
Insert into NUREKE.DONATIONS (DONATION_ID,DONOR_ID,DONATION_DATE) values ('111','148',to_date('06.08.2019','DD.MM.RRRR'));
Insert into NUREKE.DONATIONS (DONATION_ID,DONOR_ID,DONATION_DATE) values ('112','143',to_date('26.05.2019','DD.MM.RRRR'));
Insert into NUREKE.DONATIONS (DONATION_ID,DONOR_ID,DONATION_DATE) values ('113','202',to_date('22.06.2021','DD.MM.RRRR'));
Insert into NUREKE.DONATIONS (DONATION_ID,DONOR_ID,DONATION_DATE) values ('114','194',to_date('19.06.2022','DD.MM.RRRR'));
Insert into NUREKE.DONATIONS (DONATION_ID,DONOR_ID,DONATION_DATE) values ('115','160',to_date('19.01.2020','DD.MM.RRRR'));
Insert into NUREKE.DONATIONS (DONATION_ID,DONOR_ID,DONATION_DATE) values ('116','77',to_date('15.04.2020','DD.MM.RRRR'));
Insert into NUREKE.DONATIONS (DONATION_ID,DONOR_ID,DONATION_DATE) values ('117','68',to_date('04.04.2022','DD.MM.RRRR'));
Insert into NUREKE.DONATIONS (DONATION_ID,DONOR_ID,DONATION_DATE) values ('118','5',to_date('07.03.2021','DD.MM.RRRR'));
Insert into NUREKE.DONATIONS (DONATION_ID,DONOR_ID,DONATION_DATE) values ('119','45',to_date('19.02.2019','DD.MM.RRRR'));
Insert into NUREKE.DONATIONS (DONATION_ID,DONOR_ID,DONATION_DATE) values ('120','173',to_date('28.03.2021','DD.MM.RRRR'));
Insert into NUREKE.DONATIONS (DONATION_ID,DONOR_ID,DONATION_DATE) values ('121','28',to_date('27.01.2022','DD.MM.RRRR'));
Insert into NUREKE.DONATIONS (DONATION_ID,DONOR_ID,DONATION_DATE) values ('122','49',to_date('08.02.2021','DD.MM.RRRR'));
Insert into NUREKE.DONATIONS (DONATION_ID,DONOR_ID,DONATION_DATE) values ('123','40',to_date('06.04.2022','DD.MM.RRRR'));
Insert into NUREKE.DONATIONS (DONATION_ID,DONOR_ID,DONATION_DATE) values ('124','134',to_date('29.12.2019','DD.MM.RRRR'));
Insert into NUREKE.DONATIONS (DONATION_ID,DONOR_ID,DONATION_DATE) values ('125','64',to_date('27.02.2019','DD.MM.RRRR'));
Insert into NUREKE.DONATIONS (DONATION_ID,DONOR_ID,DONATION_DATE) values ('126','180',to_date('24.10.2021','DD.MM.RRRR'));
Insert into NUREKE.DONATIONS (DONATION_ID,DONOR_ID,DONATION_DATE) values ('127','171',to_date('23.04.2021','DD.MM.RRRR'));
Insert into NUREKE.DONATIONS (DONATION_ID,DONOR_ID,DONATION_DATE) values ('128','104',to_date('08.01.2021','DD.MM.RRRR'));
Insert into NUREKE.DONATIONS (DONATION_ID,DONOR_ID,DONATION_DATE) values ('129','158',to_date('03.09.2019','DD.MM.RRRR'));
Insert into NUREKE.DONATIONS (DONATION_ID,DONOR_ID,DONATION_DATE) values ('130','148',to_date('18.05.2022','DD.MM.RRRR'));
Insert into NUREKE.DONATIONS (DONATION_ID,DONOR_ID,DONATION_DATE) values ('131','140',to_date('01.09.2021','DD.MM.RRRR'));
Insert into NUREKE.DONATIONS (DONATION_ID,DONOR_ID,DONATION_DATE) values ('132','103',to_date('04.05.2021','DD.MM.RRRR'));
Insert into NUREKE.DONATIONS (DONATION_ID,DONOR_ID,DONATION_DATE) values ('133','191',to_date('03.05.2020','DD.MM.RRRR'));
Insert into NUREKE.DONATIONS (DONATION_ID,DONOR_ID,DONATION_DATE) values ('134','85',to_date('03.08.2021','DD.MM.RRRR'));
Insert into NUREKE.DONATIONS (DONATION_ID,DONOR_ID,DONATION_DATE) values ('135','214',to_date('20.06.2021','DD.MM.RRRR'));
Insert into NUREKE.DONATIONS (DONATION_ID,DONOR_ID,DONATION_DATE) values ('136','132',to_date('28.03.2021','DD.MM.RRRR'));
Insert into NUREKE.DONATIONS (DONATION_ID,DONOR_ID,DONATION_DATE) values ('137','88',to_date('06.07.2022','DD.MM.RRRR'));
Insert into NUREKE.DONATIONS (DONATION_ID,DONOR_ID,DONATION_DATE) values ('138','192',to_date('29.06.2020','DD.MM.RRRR'));
Insert into NUREKE.DONATIONS (DONATION_ID,DONOR_ID,DONATION_DATE) values ('139','72',to_date('13.10.2019','DD.MM.RRRR'));
Insert into NUREKE.DONATIONS (DONATION_ID,DONOR_ID,DONATION_DATE) values ('140','46',to_date('01.01.2020','DD.MM.RRRR'));
Insert into NUREKE.DONATIONS (DONATION_ID,DONOR_ID,DONATION_DATE) values ('141','58',to_date('15.02.2019','DD.MM.RRRR'));
Insert into NUREKE.DONATIONS (DONATION_ID,DONOR_ID,DONATION_DATE) values ('142','19',to_date('29.03.2021','DD.MM.RRRR'));
Insert into NUREKE.DONATIONS (DONATION_ID,DONOR_ID,DONATION_DATE) values ('143','72',to_date('13.02.2021','DD.MM.RRRR'));
Insert into NUREKE.DONATIONS (DONATION_ID,DONOR_ID,DONATION_DATE) values ('144','114',to_date('27.08.2021','DD.MM.RRRR'));
Insert into NUREKE.DONATIONS (DONATION_ID,DONOR_ID,DONATION_DATE) values ('145','82',to_date('30.11.2021','DD.MM.RRRR'));
Insert into NUREKE.DONATIONS (DONATION_ID,DONOR_ID,DONATION_DATE) values ('146','207',to_date('16.04.2019','DD.MM.RRRR'));
Insert into NUREKE.DONATIONS (DONATION_ID,DONOR_ID,DONATION_DATE) values ('147','184',to_date('13.12.2020','DD.MM.RRRR'));
Insert into NUREKE.DONATIONS (DONATION_ID,DONOR_ID,DONATION_DATE) values ('148','42',to_date('21.05.2022','DD.MM.RRRR'));
Insert into NUREKE.DONATIONS (DONATION_ID,DONOR_ID,DONATION_DATE) values ('149','34',to_date('21.01.2021','DD.MM.RRRR'));
Insert into NUREKE.DONATIONS (DONATION_ID,DONOR_ID,DONATION_DATE) values ('150','131',to_date('20.05.2021','DD.MM.RRRR'));
Insert into NUREKE.DONATIONS (DONATION_ID,DONOR_ID,DONATION_DATE) values ('151','57',to_date('29.08.2022','DD.MM.RRRR'));
Insert into NUREKE.DONATIONS (DONATION_ID,DONOR_ID,DONATION_DATE) values ('152','15',to_date('17.07.2019','DD.MM.RRRR'));
Insert into NUREKE.DONATIONS (DONATION_ID,DONOR_ID,DONATION_DATE) values ('153','19',to_date('27.03.2021','DD.MM.RRRR'));
Insert into NUREKE.DONATIONS (DONATION_ID,DONOR_ID,DONATION_DATE) values ('154','123',to_date('28.09.2020','DD.MM.RRRR'));
Insert into NUREKE.DONATIONS (DONATION_ID,DONOR_ID,DONATION_DATE) values ('155','169',to_date('18.03.2020','DD.MM.RRRR'));
Insert into NUREKE.DONATIONS (DONATION_ID,DONOR_ID,DONATION_DATE) values ('156','101',to_date('13.09.2020','DD.MM.RRRR'));
Insert into NUREKE.DONATIONS (DONATION_ID,DONOR_ID,DONATION_DATE) values ('157','175',to_date('12.03.2020','DD.MM.RRRR'));
Insert into NUREKE.DONATIONS (DONATION_ID,DONOR_ID,DONATION_DATE) values ('158','209',to_date('02.11.2021','DD.MM.RRRR'));
Insert into NUREKE.DONATIONS (DONATION_ID,DONOR_ID,DONATION_DATE) values ('159','178',to_date('16.02.2022','DD.MM.RRRR'));
Insert into NUREKE.DONATIONS (DONATION_ID,DONOR_ID,DONATION_DATE) values ('160','53',to_date('04.05.2019','DD.MM.RRRR'));
Insert into NUREKE.DONATIONS (DONATION_ID,DONOR_ID,DONATION_DATE) values ('161','85',to_date('20.09.2019','DD.MM.RRRR'));
Insert into NUREKE.DONATIONS (DONATION_ID,DONOR_ID,DONATION_DATE) values ('162','215',to_date('02.11.2019','DD.MM.RRRR'));
Insert into NUREKE.DONATIONS (DONATION_ID,DONOR_ID,DONATION_DATE) values ('163','168',to_date('22.08.2022','DD.MM.RRRR'));
Insert into NUREKE.DONATIONS (DONATION_ID,DONOR_ID,DONATION_DATE) values ('164','72',to_date('01.10.2020','DD.MM.RRRR'));
Insert into NUREKE.DONATIONS (DONATION_ID,DONOR_ID,DONATION_DATE) values ('165','157',to_date('02.09.2021','DD.MM.RRRR'));
Insert into NUREKE.DONATIONS (DONATION_ID,DONOR_ID,DONATION_DATE) values ('166','51',to_date('29.01.2020','DD.MM.RRRR'));
Insert into NUREKE.DONATIONS (DONATION_ID,DONOR_ID,DONATION_DATE) values ('167','36',to_date('11.04.2019','DD.MM.RRRR'));
Insert into NUREKE.DONATIONS (DONATION_ID,DONOR_ID,DONATION_DATE) values ('168','95',to_date('30.10.2020','DD.MM.RRRR'));
Insert into NUREKE.DONATIONS (DONATION_ID,DONOR_ID,DONATION_DATE) values ('169','103',to_date('13.05.2022','DD.MM.RRRR'));
Insert into NUREKE.DONATIONS (DONATION_ID,DONOR_ID,DONATION_DATE) values ('170','168',to_date('19.11.2020','DD.MM.RRRR'));
Insert into NUREKE.DONATIONS (DONATION_ID,DONOR_ID,DONATION_DATE) values ('171','197',to_date('10.04.2022','DD.MM.RRRR'));
Insert into NUREKE.DONATIONS (DONATION_ID,DONOR_ID,DONATION_DATE) values ('172','105',to_date('21.08.2019','DD.MM.RRRR'));
Insert into NUREKE.DONATIONS (DONATION_ID,DONOR_ID,DONATION_DATE) values ('173','81',to_date('16.02.2021','DD.MM.RRRR'));
Insert into NUREKE.DONATIONS (DONATION_ID,DONOR_ID,DONATION_DATE) values ('174','129',to_date('27.02.2019','DD.MM.RRRR'));
Insert into NUREKE.DONATIONS (DONATION_ID,DONOR_ID,DONATION_DATE) values ('175','138',to_date('26.11.2019','DD.MM.RRRR'));
Insert into NUREKE.DONATIONS (DONATION_ID,DONOR_ID,DONATION_DATE) values ('176','195',to_date('14.01.2022','DD.MM.RRRR'));
Insert into NUREKE.DONATIONS (DONATION_ID,DONOR_ID,DONATION_DATE) values ('177','8',to_date('09.05.2022','DD.MM.RRRR'));
Insert into NUREKE.DONATIONS (DONATION_ID,DONOR_ID,DONATION_DATE) values ('178','145',to_date('10.09.2021','DD.MM.RRRR'));
Insert into NUREKE.DONATIONS (DONATION_ID,DONOR_ID,DONATION_DATE) values ('179','19',to_date('06.05.2021','DD.MM.RRRR'));
Insert into NUREKE.DONATIONS (DONATION_ID,DONOR_ID,DONATION_DATE) values ('180','101',to_date('06.08.2021','DD.MM.RRRR'));
Insert into NUREKE.DONATIONS (DONATION_ID,DONOR_ID,DONATION_DATE) values ('181','187',to_date('14.05.2022','DD.MM.RRRR'));
Insert into NUREKE.DONATIONS (DONATION_ID,DONOR_ID,DONATION_DATE) values ('182','44',to_date('16.10.2021','DD.MM.RRRR'));
Insert into NUREKE.DONATIONS (DONATION_ID,DONOR_ID,DONATION_DATE) values ('183','112',to_date('01.05.2022','DD.MM.RRRR'));
Insert into NUREKE.DONATIONS (DONATION_ID,DONOR_ID,DONATION_DATE) values ('184','159',to_date('04.10.2021','DD.MM.RRRR'));
Insert into NUREKE.DONATIONS (DONATION_ID,DONOR_ID,DONATION_DATE) values ('185','63',to_date('03.01.2019','DD.MM.RRRR'));
Insert into NUREKE.DONATIONS (DONATION_ID,DONOR_ID,DONATION_DATE) values ('186','183',to_date('26.05.2021','DD.MM.RRRR'));
Insert into NUREKE.DONATIONS (DONATION_ID,DONOR_ID,DONATION_DATE) values ('187','169',to_date('02.05.2021','DD.MM.RRRR'));
Insert into NUREKE.DONATIONS (DONATION_ID,DONOR_ID,DONATION_DATE) values ('188','32',to_date('24.02.2020','DD.MM.RRRR'));
Insert into NUREKE.DONATIONS (DONATION_ID,DONOR_ID,DONATION_DATE) values ('189','35',to_date('13.08.2019','DD.MM.RRRR'));
Insert into NUREKE.DONATIONS (DONATION_ID,DONOR_ID,DONATION_DATE) values ('190','81',to_date('16.10.2020','DD.MM.RRRR'));
Insert into NUREKE.DONATIONS (DONATION_ID,DONOR_ID,DONATION_DATE) values ('191','209',to_date('29.10.2020','DD.MM.RRRR'));
Insert into NUREKE.DONATIONS (DONATION_ID,DONOR_ID,DONATION_DATE) values ('192','94',to_date('12.08.2019','DD.MM.RRRR'));
Insert into NUREKE.DONATIONS (DONATION_ID,DONOR_ID,DONATION_DATE) values ('193','117',to_date('17.12.2019','DD.MM.RRRR'));
Insert into NUREKE.DONATIONS (DONATION_ID,DONOR_ID,DONATION_DATE) values ('194','203',to_date('08.08.2021','DD.MM.RRRR'));
Insert into NUREKE.DONATIONS (DONATION_ID,DONOR_ID,DONATION_DATE) values ('195','187',to_date('25.07.2022','DD.MM.RRRR'));
Insert into NUREKE.DONATIONS (DONATION_ID,DONOR_ID,DONATION_DATE) values ('196','147',to_date('27.08.2022','DD.MM.RRRR'));
Insert into NUREKE.DONATIONS (DONATION_ID,DONOR_ID,DONATION_DATE) values ('197','113',to_date('12.05.2021','DD.MM.RRRR'));
Insert into NUREKE.DONATIONS (DONATION_ID,DONOR_ID,DONATION_DATE) values ('198','213',to_date('08.01.2021','DD.MM.RRRR'));
Insert into NUREKE.DONATIONS (DONATION_ID,DONOR_ID,DONATION_DATE) values ('199','4',to_date('23.06.2020','DD.MM.RRRR'));
Insert into NUREKE.DONATIONS (DONATION_ID,DONOR_ID,DONATION_DATE) values ('200','136',to_date('20.03.2021','DD.MM.RRRR'));
Insert into NUREKE.DONATIONS (DONATION_ID,DONOR_ID,DONATION_DATE) values ('201','206',to_date('07.09.2021','DD.MM.RRRR'));
Insert into NUREKE.DONATIONS (DONATION_ID,DONOR_ID,DONATION_DATE) values ('202','51',to_date('23.05.2021','DD.MM.RRRR'));
Insert into NUREKE.DONATIONS (DONATION_ID,DONOR_ID,DONATION_DATE) values ('203','1',to_date('25.03.2020','DD.MM.RRRR'));
Insert into NUREKE.DONATIONS (DONATION_ID,DONOR_ID,DONATION_DATE) values ('204','7',to_date('10.03.2020','DD.MM.RRRR'));
Insert into NUREKE.DONATIONS (DONATION_ID,DONOR_ID,DONATION_DATE) values ('205','164',to_date('31.01.2020','DD.MM.RRRR'));
Insert into NUREKE.DONATIONS (DONATION_ID,DONOR_ID,DONATION_DATE) values ('206','80',to_date('29.12.2021','DD.MM.RRRR'));
Insert into NUREKE.DONATIONS (DONATION_ID,DONOR_ID,DONATION_DATE) values ('207','117',to_date('31.01.2021','DD.MM.RRRR'));
Insert into NUREKE.DONATIONS (DONATION_ID,DONOR_ID,DONATION_DATE) values ('208','173',to_date('03.02.2019','DD.MM.RRRR'));
Insert into NUREKE.DONATIONS (DONATION_ID,DONOR_ID,DONATION_DATE) values ('209','212',to_date('23.03.2021','DD.MM.RRRR'));
Insert into NUREKE.DONATIONS (DONATION_ID,DONOR_ID,DONATION_DATE) values ('210','69',to_date('13.05.2019','DD.MM.RRRR'));
Insert into NUREKE.DONATIONS (DONATION_ID,DONOR_ID,DONATION_DATE) values ('211','119',to_date('27.02.2019','DD.MM.RRRR'));
Insert into NUREKE.DONATIONS (DONATION_ID,DONOR_ID,DONATION_DATE) values ('212','142',to_date('26.09.2020','DD.MM.RRRR'));
Insert into NUREKE.DONATIONS (DONATION_ID,DONOR_ID,DONATION_DATE) values ('213','111',to_date('11.11.2020','DD.MM.RRRR'));
Insert into NUREKE.DONATIONS (DONATION_ID,DONOR_ID,DONATION_DATE) values ('214','18',to_date('10.10.2020','DD.MM.RRRR'));
Insert into NUREKE.DONATIONS (DONATION_ID,DONOR_ID,DONATION_DATE) values ('215','123',to_date('12.01.2022','DD.MM.RRRR'));
Insert into NUREKE.DONATIONS (DONATION_ID,DONOR_ID,DONATION_DATE) values ('216','72',to_date('08.02.2021','DD.MM.RRRR'));
Insert into NUREKE.DONATIONS (DONATION_ID,DONOR_ID,DONATION_DATE) values ('217','138',to_date('10.06.2020','DD.MM.RRRR'));
Insert into NUREKE.DONATIONS (DONATION_ID,DONOR_ID,DONATION_DATE) values ('218','213',to_date('20.08.2022','DD.MM.RRRR'));
Insert into NUREKE.DONATIONS (DONATION_ID,DONOR_ID,DONATION_DATE) values ('219','32',to_date('05.04.2019','DD.MM.RRRR'));
Insert into NUREKE.DONATIONS (DONATION_ID,DONOR_ID,DONATION_DATE) values ('220','122',to_date('11.03.2022','DD.MM.RRRR'));
Insert into NUREKE.DONATIONS (DONATION_ID,DONOR_ID,DONATION_DATE) values ('221','85',to_date('03.11.2021','DD.MM.RRRR'));
Insert into NUREKE.DONATIONS (DONATION_ID,DONOR_ID,DONATION_DATE) values ('222','131',to_date('05.12.2020','DD.MM.RRRR'));
Insert into NUREKE.DONATIONS (DONATION_ID,DONOR_ID,DONATION_DATE) values ('223','163',to_date('27.02.2022','DD.MM.RRRR'));
Insert into NUREKE.DONATIONS (DONATION_ID,DONOR_ID,DONATION_DATE) values ('224','174',to_date('05.07.2020','DD.MM.RRRR'));
Insert into NUREKE.DONATIONS (DONATION_ID,DONOR_ID,DONATION_DATE) values ('225','104',to_date('18.02.2019','DD.MM.RRRR'));
Insert into NUREKE.DONATIONS (DONATION_ID,DONOR_ID,DONATION_DATE) values ('226','130',to_date('04.01.2022','DD.MM.RRRR'));
Insert into NUREKE.DONATIONS (DONATION_ID,DONOR_ID,DONATION_DATE) values ('227','39',to_date('23.02.2021','DD.MM.RRRR'));
Insert into NUREKE.DONATIONS (DONATION_ID,DONOR_ID,DONATION_DATE) values ('228','4',to_date('16.08.2019','DD.MM.RRRR'));
Insert into NUREKE.DONATIONS (DONATION_ID,DONOR_ID,DONATION_DATE) values ('229','105',to_date('05.10.2020','DD.MM.RRRR'));
Insert into NUREKE.DONATIONS (DONATION_ID,DONOR_ID,DONATION_DATE) values ('230','184',to_date('31.01.2021','DD.MM.RRRR'));
Insert into NUREKE.DONATIONS (DONATION_ID,DONOR_ID,DONATION_DATE) values ('231','163',to_date('07.12.2019','DD.MM.RRRR'));
Insert into NUREKE.DONATIONS (DONATION_ID,DONOR_ID,DONATION_DATE) values ('232','66',to_date('22.01.2022','DD.MM.RRRR'));
Insert into NUREKE.DONATIONS (DONATION_ID,DONOR_ID,DONATION_DATE) values ('233','186',to_date('14.07.2019','DD.MM.RRRR'));
Insert into NUREKE.DONATIONS (DONATION_ID,DONOR_ID,DONATION_DATE) values ('234','179',to_date('11.01.2021','DD.MM.RRRR'));
Insert into NUREKE.DONATIONS (DONATION_ID,DONOR_ID,DONATION_DATE) values ('235','139',to_date('10.05.2022','DD.MM.RRRR'));
Insert into NUREKE.DONATIONS (DONATION_ID,DONOR_ID,DONATION_DATE) values ('236','48',to_date('14.07.2020','DD.MM.RRRR'));
Insert into NUREKE.DONATIONS (DONATION_ID,DONOR_ID,DONATION_DATE) values ('237','92',to_date('26.07.2019','DD.MM.RRRR'));
Insert into NUREKE.DONATIONS (DONATION_ID,DONOR_ID,DONATION_DATE) values ('238','14',to_date('16.07.2020','DD.MM.RRRR'));
Insert into NUREKE.DONATIONS (DONATION_ID,DONOR_ID,DONATION_DATE) values ('239','129',to_date('08.03.2020','DD.MM.RRRR'));
Insert into NUREKE.DONATIONS (DONATION_ID,DONOR_ID,DONATION_DATE) values ('240','210',to_date('04.05.2020','DD.MM.RRRR'));
Insert into NUREKE.DONATIONS (DONATION_ID,DONOR_ID,DONATION_DATE) values ('241','92',to_date('19.01.2020','DD.MM.RRRR'));
Insert into NUREKE.DONATIONS (DONATION_ID,DONOR_ID,DONATION_DATE) values ('242','4',to_date('19.07.2022','DD.MM.RRRR'));
Insert into NUREKE.DONATIONS (DONATION_ID,DONOR_ID,DONATION_DATE) values ('243','169',to_date('17.01.2022','DD.MM.RRRR'));
Insert into NUREKE.DONATIONS (DONATION_ID,DONOR_ID,DONATION_DATE) values ('244','27',to_date('29.04.2021','DD.MM.RRRR'));
Insert into NUREKE.DONATIONS (DONATION_ID,DONOR_ID,DONATION_DATE) values ('245','169',to_date('18.11.2019','DD.MM.RRRR'));
Insert into NUREKE.DONATIONS (DONATION_ID,DONOR_ID,DONATION_DATE) values ('246','189',to_date('04.10.2021','DD.MM.RRRR'));
Insert into NUREKE.DONATIONS (DONATION_ID,DONOR_ID,DONATION_DATE) values ('247','125',to_date('18.10.2021','DD.MM.RRRR'));
Insert into NUREKE.DONATIONS (DONATION_ID,DONOR_ID,DONATION_DATE) values ('248','58',to_date('06.03.2019','DD.MM.RRRR'));
Insert into NUREKE.DONATIONS (DONATION_ID,DONOR_ID,DONATION_DATE) values ('249','192',to_date('05.04.2019','DD.MM.RRRR'));
Insert into NUREKE.DONATIONS (DONATION_ID,DONOR_ID,DONATION_DATE) values ('250','208',to_date('17.05.2021','DD.MM.RRRR'));
Insert into NUREKE.DONATIONS (DONATION_ID,DONOR_ID,DONATION_DATE) values ('251','213',to_date('16.06.2022','DD.MM.RRRR'));
Insert into NUREKE.DONATIONS (DONATION_ID,DONOR_ID,DONATION_DATE) values ('252','72',to_date('24.02.2019','DD.MM.RRRR'));
Insert into NUREKE.DONATIONS (DONATION_ID,DONOR_ID,DONATION_DATE) values ('253','54',to_date('01.12.2020','DD.MM.RRRR'));
Insert into NUREKE.DONATIONS (DONATION_ID,DONOR_ID,DONATION_DATE) values ('254','2',to_date('02.09.2021','DD.MM.RRRR'));
Insert into NUREKE.DONATIONS (DONATION_ID,DONOR_ID,DONATION_DATE) values ('255','210',to_date('27.06.2020','DD.MM.RRRR'));
Insert into NUREKE.DONATIONS (DONATION_ID,DONOR_ID,DONATION_DATE) values ('256','21',to_date('21.11.2021','DD.MM.RRRR'));
Insert into NUREKE.DONATIONS (DONATION_ID,DONOR_ID,DONATION_DATE) values ('257','60',to_date('06.03.2019','DD.MM.RRRR'));
Insert into NUREKE.DONATIONS (DONATION_ID,DONOR_ID,DONATION_DATE) values ('258','183',to_date('15.02.2021','DD.MM.RRRR'));
Insert into NUREKE.DONATIONS (DONATION_ID,DONOR_ID,DONATION_DATE) values ('259','123',to_date('02.01.2020','DD.MM.RRRR'));
Insert into NUREKE.DONATIONS (DONATION_ID,DONOR_ID,DONATION_DATE) values ('260','37',to_date('05.05.2019','DD.MM.RRRR'));
Insert into NUREKE.DONATIONS (DONATION_ID,DONOR_ID,DONATION_DATE) values ('261','19',to_date('21.02.2020','DD.MM.RRRR'));
Insert into NUREKE.DONATIONS (DONATION_ID,DONOR_ID,DONATION_DATE) values ('262','83',to_date('16.08.2022','DD.MM.RRRR'));
Insert into NUREKE.DONATIONS (DONATION_ID,DONOR_ID,DONATION_DATE) values ('263','92',to_date('18.07.2020','DD.MM.RRRR'));
Insert into NUREKE.DONATIONS (DONATION_ID,DONOR_ID,DONATION_DATE) values ('264','99',to_date('06.10.2020','DD.MM.RRRR'));
Insert into NUREKE.DONATIONS (DONATION_ID,DONOR_ID,DONATION_DATE) values ('265','127',to_date('21.04.2021','DD.MM.RRRR'));
Insert into NUREKE.DONATIONS (DONATION_ID,DONOR_ID,DONATION_DATE) values ('266','157',to_date('18.06.2022','DD.MM.RRRR'));
Insert into NUREKE.DONATIONS (DONATION_ID,DONOR_ID,DONATION_DATE) values ('267','41',to_date('30.07.2021','DD.MM.RRRR'));
Insert into NUREKE.DONATIONS (DONATION_ID,DONOR_ID,DONATION_DATE) values ('268','73',to_date('26.01.2020','DD.MM.RRRR'));
Insert into NUREKE.DONATIONS (DONATION_ID,DONOR_ID,DONATION_DATE) values ('269','62',to_date('18.04.2021','DD.MM.RRRR'));
Insert into NUREKE.DONATIONS (DONATION_ID,DONOR_ID,DONATION_DATE) values ('270','29',to_date('06.04.2020','DD.MM.RRRR'));
Insert into NUREKE.DONATIONS (DONATION_ID,DONOR_ID,DONATION_DATE) values ('271','122',to_date('02.03.2019','DD.MM.RRRR'));
Insert into NUREKE.DONATIONS (DONATION_ID,DONOR_ID,DONATION_DATE) values ('272','2',to_date('22.07.2019','DD.MM.RRRR'));
Insert into NUREKE.DONATIONS (DONATION_ID,DONOR_ID,DONATION_DATE) values ('273','61',to_date('24.05.2022','DD.MM.RRRR'));
Insert into NUREKE.DONATIONS (DONATION_ID,DONOR_ID,DONATION_DATE) values ('274','110',to_date('20.09.2021','DD.MM.RRRR'));
Insert into NUREKE.DONATIONS (DONATION_ID,DONOR_ID,DONATION_DATE) values ('275','75',to_date('29.09.2020','DD.MM.RRRR'));
Insert into NUREKE.DONATIONS (DONATION_ID,DONOR_ID,DONATION_DATE) values ('276','57',to_date('29.03.2021','DD.MM.RRRR'));
Insert into NUREKE.DONATIONS (DONATION_ID,DONOR_ID,DONATION_DATE) values ('277','23',to_date('21.02.2022','DD.MM.RRRR'));
Insert into NUREKE.DONATIONS (DONATION_ID,DONOR_ID,DONATION_DATE) values ('278','71',to_date('05.11.2020','DD.MM.RRRR'));
Insert into NUREKE.DONATIONS (DONATION_ID,DONOR_ID,DONATION_DATE) values ('279','41',to_date('09.02.2019','DD.MM.RRRR'));
Insert into NUREKE.DONATIONS (DONATION_ID,DONOR_ID,DONATION_DATE) values ('280','132',to_date('04.06.2021','DD.MM.RRRR'));
Insert into NUREKE.DONATIONS (DONATION_ID,DONOR_ID,DONATION_DATE) values ('281','127',to_date('26.01.2021','DD.MM.RRRR'));
Insert into NUREKE.DONATIONS (DONATION_ID,DONOR_ID,DONATION_DATE) values ('282','73',to_date('22.09.2019','DD.MM.RRRR'));
Insert into NUREKE.DONATIONS (DONATION_ID,DONOR_ID,DONATION_DATE) values ('283','177',to_date('09.04.2022','DD.MM.RRRR'));
Insert into NUREKE.DONATIONS (DONATION_ID,DONOR_ID,DONATION_DATE) values ('284','94',to_date('02.01.2021','DD.MM.RRRR'));
Insert into NUREKE.DONATIONS (DONATION_ID,DONOR_ID,DONATION_DATE) values ('285','23',to_date('25.03.2022','DD.MM.RRRR'));
Insert into NUREKE.DONATIONS (DONATION_ID,DONOR_ID,DONATION_DATE) values ('286','150',to_date('19.12.2020','DD.MM.RRRR'));
Insert into NUREKE.DONATIONS (DONATION_ID,DONOR_ID,DONATION_DATE) values ('287','36',to_date('25.03.2020','DD.MM.RRRR'));
Insert into NUREKE.DONATIONS (DONATION_ID,DONOR_ID,DONATION_DATE) values ('288','16',to_date('06.03.2021','DD.MM.RRRR'));
Insert into NUREKE.DONATIONS (DONATION_ID,DONOR_ID,DONATION_DATE) values ('289','107',to_date('22.04.2021','DD.MM.RRRR'));
Insert into NUREKE.DONATIONS (DONATION_ID,DONOR_ID,DONATION_DATE) values ('290','167',to_date('31.05.2019','DD.MM.RRRR'));
Insert into NUREKE.DONATIONS (DONATION_ID,DONOR_ID,DONATION_DATE) values ('291','48',to_date('03.03.2021','DD.MM.RRRR'));
Insert into NUREKE.DONATIONS (DONATION_ID,DONOR_ID,DONATION_DATE) values ('292','19',to_date('13.11.2021','DD.MM.RRRR'));
Insert into NUREKE.DONATIONS (DONATION_ID,DONOR_ID,DONATION_DATE) values ('293','121',to_date('03.04.2020','DD.MM.RRRR'));
Insert into NUREKE.DONATIONS (DONATION_ID,DONOR_ID,DONATION_DATE) values ('294','16',to_date('22.08.2021','DD.MM.RRRR'));
Insert into NUREKE.DONATIONS (DONATION_ID,DONOR_ID,DONATION_DATE) values ('295','60',to_date('14.12.2021','DD.MM.RRRR'));
Insert into NUREKE.DONATIONS (DONATION_ID,DONOR_ID,DONATION_DATE) values ('296','105',to_date('01.09.2022','DD.MM.RRRR'));
Insert into NUREKE.DONATIONS (DONATION_ID,DONOR_ID,DONATION_DATE) values ('297','67',to_date('25.11.2020','DD.MM.RRRR'));
Insert into NUREKE.DONATIONS (DONATION_ID,DONOR_ID,DONATION_DATE) values ('298','103',to_date('21.04.2020','DD.MM.RRRR'));
Insert into NUREKE.DONATIONS (DONATION_ID,DONOR_ID,DONATION_DATE) values ('299','90',to_date('17.05.2021','DD.MM.RRRR'));
Insert into NUREKE.DONATIONS (DONATION_ID,DONOR_ID,DONATION_DATE) values ('300','115',to_date('15.03.2019','DD.MM.RRRR'));
Insert into NUREKE.DONATIONS (DONATION_ID,DONOR_ID,DONATION_DATE) values ('301','123',to_date('12.06.2021','DD.MM.RRRR'));
Insert into NUREKE.DONATIONS (DONATION_ID,DONOR_ID,DONATION_DATE) values ('302','71',to_date('24.04.2019','DD.MM.RRRR'));
Insert into NUREKE.DONATIONS (DONATION_ID,DONOR_ID,DONATION_DATE) values ('303','181',to_date('21.09.2020','DD.MM.RRRR'));
Insert into NUREKE.DONATIONS (DONATION_ID,DONOR_ID,DONATION_DATE) values ('304','178',to_date('14.02.2019','DD.MM.RRRR'));
Insert into NUREKE.DONATIONS (DONATION_ID,DONOR_ID,DONATION_DATE) values ('305','24',to_date('29.07.2020','DD.MM.RRRR'));
Insert into NUREKE.DONATIONS (DONATION_ID,DONOR_ID,DONATION_DATE) values ('306','214',to_date('02.10.2019','DD.MM.RRRR'));
Insert into NUREKE.DONATIONS (DONATION_ID,DONOR_ID,DONATION_DATE) values ('307','126',to_date('25.01.2019','DD.MM.RRRR'));
Insert into NUREKE.DONATIONS (DONATION_ID,DONOR_ID,DONATION_DATE) values ('308','77',to_date('27.12.2019','DD.MM.RRRR'));
Insert into NUREKE.DONATIONS (DONATION_ID,DONOR_ID,DONATION_DATE) values ('309','8',to_date('16.03.2020','DD.MM.RRRR'));
Insert into NUREKE.DONATIONS (DONATION_ID,DONOR_ID,DONATION_DATE) values ('310','169',to_date('05.05.2020','DD.MM.RRRR'));
Insert into NUREKE.DONATIONS (DONATION_ID,DONOR_ID,DONATION_DATE) values ('311','116',to_date('05.03.2020','DD.MM.RRRR'));
Insert into NUREKE.DONATIONS (DONATION_ID,DONOR_ID,DONATION_DATE) values ('312','37',to_date('01.06.2021','DD.MM.RRRR'));
Insert into NUREKE.DONATIONS (DONATION_ID,DONOR_ID,DONATION_DATE) values ('313','186',to_date('26.03.2022','DD.MM.RRRR'));
Insert into NUREKE.DONATIONS (DONATION_ID,DONOR_ID,DONATION_DATE) values ('314','136',to_date('11.01.2021','DD.MM.RRRR'));
Insert into NUREKE.DONATIONS (DONATION_ID,DONOR_ID,DONATION_DATE) values ('315','78',to_date('02.07.2019','DD.MM.RRRR'));
Insert into NUREKE.DONATIONS (DONATION_ID,DONOR_ID,DONATION_DATE) values ('316','73',to_date('28.07.2022','DD.MM.RRRR'));
Insert into NUREKE.DONATIONS (DONATION_ID,DONOR_ID,DONATION_DATE) values ('317','98',to_date('29.08.2020','DD.MM.RRRR'));
Insert into NUREKE.DONATIONS (DONATION_ID,DONOR_ID,DONATION_DATE) values ('318','172',to_date('04.02.2020','DD.MM.RRRR'));
Insert into NUREKE.DONATIONS (DONATION_ID,DONOR_ID,DONATION_DATE) values ('319','123',to_date('30.03.2019','DD.MM.RRRR'));
Insert into NUREKE.DONATIONS (DONATION_ID,DONOR_ID,DONATION_DATE) values ('320','22',to_date('11.08.2019','DD.MM.RRRR'));
Insert into NUREKE.DONATIONS (DONATION_ID,DONOR_ID,DONATION_DATE) values ('321','192',to_date('24.10.2021','DD.MM.RRRR'));
Insert into NUREKE.DONATIONS (DONATION_ID,DONOR_ID,DONATION_DATE) values ('322','70',to_date('02.01.2021','DD.MM.RRRR'));
Insert into NUREKE.DONATIONS (DONATION_ID,DONOR_ID,DONATION_DATE) values ('323','94',to_date('23.02.2021','DD.MM.RRRR'));
Insert into NUREKE.DONATIONS (DONATION_ID,DONOR_ID,DONATION_DATE) values ('324','86',to_date('05.07.2021','DD.MM.RRRR'));
Insert into NUREKE.DONATIONS (DONATION_ID,DONOR_ID,DONATION_DATE) values ('325','76',to_date('13.09.2020','DD.MM.RRRR'));
Insert into NUREKE.DONATIONS (DONATION_ID,DONOR_ID,DONATION_DATE) values ('326','78',to_date('19.02.2020','DD.MM.RRRR'));
Insert into NUREKE.DONATIONS (DONATION_ID,DONOR_ID,DONATION_DATE) values ('327','132',to_date('09.07.2022','DD.MM.RRRR'));
Insert into NUREKE.DONATIONS (DONATION_ID,DONOR_ID,DONATION_DATE) values ('328','150',to_date('10.06.2019','DD.MM.RRRR'));
Insert into NUREKE.DONATIONS (DONATION_ID,DONOR_ID,DONATION_DATE) values ('329','189',to_date('09.03.2019','DD.MM.RRRR'));
Insert into NUREKE.DONATIONS (DONATION_ID,DONOR_ID,DONATION_DATE) values ('330','44',to_date('05.02.2020','DD.MM.RRRR'));
Insert into NUREKE.DONATIONS (DONATION_ID,DONOR_ID,DONATION_DATE) values ('331','176',to_date('18.08.2021','DD.MM.RRRR'));
Insert into NUREKE.DONATIONS (DONATION_ID,DONOR_ID,DONATION_DATE) values ('332','91',to_date('31.03.2021','DD.MM.RRRR'));
Insert into NUREKE.DONATIONS (DONATION_ID,DONOR_ID,DONATION_DATE) values ('333','58',to_date('31.01.2022','DD.MM.RRRR'));
Insert into NUREKE.DONATIONS (DONATION_ID,DONOR_ID,DONATION_DATE) values ('334','147',to_date('09.05.2020','DD.MM.RRRR'));
Insert into NUREKE.DONATIONS (DONATION_ID,DONOR_ID,DONATION_DATE) values ('335','63',to_date('18.09.2021','DD.MM.RRRR'));
Insert into NUREKE.DONATIONS (DONATION_ID,DONOR_ID,DONATION_DATE) values ('336','202',to_date('13.08.2020','DD.MM.RRRR'));
Insert into NUREKE.DONATIONS (DONATION_ID,DONOR_ID,DONATION_DATE) values ('337','177',to_date('22.02.2020','DD.MM.RRRR'));
Insert into NUREKE.DONATIONS (DONATION_ID,DONOR_ID,DONATION_DATE) values ('338','92',to_date('24.08.2020','DD.MM.RRRR'));
Insert into NUREKE.DONATIONS (DONATION_ID,DONOR_ID,DONATION_DATE) values ('339','133',to_date('18.04.2022','DD.MM.RRRR'));
Insert into NUREKE.DONATIONS (DONATION_ID,DONOR_ID,DONATION_DATE) values ('340','217',to_date('14.06.2022','DD.MM.RRRR'));
Insert into NUREKE.DONATIONS (DONATION_ID,DONOR_ID,DONATION_DATE) values ('341','122',to_date('06.02.2020','DD.MM.RRRR'));
Insert into NUREKE.DONATIONS (DONATION_ID,DONOR_ID,DONATION_DATE) values ('342','204',to_date('27.08.2019','DD.MM.RRRR'));
Insert into NUREKE.DONATIONS (DONATION_ID,DONOR_ID,DONATION_DATE) values ('343','172',to_date('20.09.2021','DD.MM.RRRR'));
Insert into NUREKE.DONATIONS (DONATION_ID,DONOR_ID,DONATION_DATE) values ('344','56',to_date('08.09.2019','DD.MM.RRRR'));
Insert into NUREKE.DONATIONS (DONATION_ID,DONOR_ID,DONATION_DATE) values ('345','55',to_date('12.04.2020','DD.MM.RRRR'));
Insert into NUREKE.DONATIONS (DONATION_ID,DONOR_ID,DONATION_DATE) values ('346','50',to_date('14.06.2022','DD.MM.RRRR'));
Insert into NUREKE.DONATIONS (DONATION_ID,DONOR_ID,DONATION_DATE) values ('347','111',to_date('02.04.2020','DD.MM.RRRR'));
Insert into NUREKE.DONATIONS (DONATION_ID,DONOR_ID,DONATION_DATE) values ('348','73',to_date('29.08.2020','DD.MM.RRRR'));
Insert into NUREKE.DONATIONS (DONATION_ID,DONOR_ID,DONATION_DATE) values ('349','33',to_date('23.05.2020','DD.MM.RRRR'));
Insert into NUREKE.DONATIONS (DONATION_ID,DONOR_ID,DONATION_DATE) values ('350','141',to_date('23.05.2019','DD.MM.RRRR'));
Insert into NUREKE.DONATIONS (DONATION_ID,DONOR_ID,DONATION_DATE) values ('351','39',to_date('26.06.2020','DD.MM.RRRR'));
Insert into NUREKE.DONATIONS (DONATION_ID,DONOR_ID,DONATION_DATE) values ('352','9',to_date('01.12.2019','DD.MM.RRRR'));
Insert into NUREKE.DONATIONS (DONATION_ID,DONOR_ID,DONATION_DATE) values ('353','16',to_date('21.06.2020','DD.MM.RRRR'));
Insert into NUREKE.DONATIONS (DONATION_ID,DONOR_ID,DONATION_DATE) values ('354','203',to_date('30.06.2019','DD.MM.RRRR'));
Insert into NUREKE.DONATIONS (DONATION_ID,DONOR_ID,DONATION_DATE) values ('355','162',to_date('19.05.2022','DD.MM.RRRR'));
Insert into NUREKE.DONATIONS (DONATION_ID,DONOR_ID,DONATION_DATE) values ('356','141',to_date('05.07.2019','DD.MM.RRRR'));
Insert into NUREKE.DONATIONS (DONATION_ID,DONOR_ID,DONATION_DATE) values ('357','172',to_date('04.11.2019','DD.MM.RRRR'));
Insert into NUREKE.DONATIONS (DONATION_ID,DONOR_ID,DONATION_DATE) values ('358','161',to_date('11.06.2021','DD.MM.RRRR'));
Insert into NUREKE.DONATIONS (DONATION_ID,DONOR_ID,DONATION_DATE) values ('359','195',to_date('15.01.2019','DD.MM.RRRR'));
Insert into NUREKE.DONATIONS (DONATION_ID,DONOR_ID,DONATION_DATE) values ('360','139',to_date('10.04.2020','DD.MM.RRRR'));
Insert into NUREKE.DONATIONS (DONATION_ID,DONOR_ID,DONATION_DATE) values ('361','216',to_date('17.04.2020','DD.MM.RRRR'));
Insert into NUREKE.DONATIONS (DONATION_ID,DONOR_ID,DONATION_DATE) values ('362','193',to_date('02.10.2019','DD.MM.RRRR'));
Insert into NUREKE.DONATIONS (DONATION_ID,DONOR_ID,DONATION_DATE) values ('363','78',to_date('10.04.2021','DD.MM.RRRR'));
Insert into NUREKE.DONATIONS (DONATION_ID,DONOR_ID,DONATION_DATE) values ('364','161',to_date('22.01.2021','DD.MM.RRRR'));
Insert into NUREKE.DONATIONS (DONATION_ID,DONOR_ID,DONATION_DATE) values ('365','16',to_date('14.02.2021','DD.MM.RRRR'));
Insert into NUREKE.DONATIONS (DONATION_ID,DONOR_ID,DONATION_DATE) values ('366','10',to_date('19.12.2021','DD.MM.RRRR'));
Insert into NUREKE.DONATIONS (DONATION_ID,DONOR_ID,DONATION_DATE) values ('367','217',to_date('12.11.2021','DD.MM.RRRR'));
Insert into NUREKE.DONATIONS (DONATION_ID,DONOR_ID,DONATION_DATE) values ('368','92',to_date('12.08.2022','DD.MM.RRRR'));
Insert into NUREKE.DONATIONS (DONATION_ID,DONOR_ID,DONATION_DATE) values ('369','82',to_date('13.09.2020','DD.MM.RRRR'));
Insert into NUREKE.DONATIONS (DONATION_ID,DONOR_ID,DONATION_DATE) values ('370','77',to_date('27.02.2021','DD.MM.RRRR'));
Insert into NUREKE.DONATIONS (DONATION_ID,DONOR_ID,DONATION_DATE) values ('371','202',to_date('15.07.2019','DD.MM.RRRR'));
Insert into NUREKE.DONATIONS (DONATION_ID,DONOR_ID,DONATION_DATE) values ('372','193',to_date('03.05.2022','DD.MM.RRRR'));
Insert into NUREKE.DONATIONS (DONATION_ID,DONOR_ID,DONATION_DATE) values ('373','189',to_date('02.05.2021','DD.MM.RRRR'));
Insert into NUREKE.DONATIONS (DONATION_ID,DONOR_ID,DONATION_DATE) values ('374','81',to_date('10.02.2020','DD.MM.RRRR'));
Insert into NUREKE.DONATIONS (DONATION_ID,DONOR_ID,DONATION_DATE) values ('375','127',to_date('15.12.2021','DD.MM.RRRR'));
Insert into NUREKE.DONATIONS (DONATION_ID,DONOR_ID,DONATION_DATE) values ('376','65',to_date('26.07.2020','DD.MM.RRRR'));
Insert into NUREKE.DONATIONS (DONATION_ID,DONOR_ID,DONATION_DATE) values ('377','154',to_date('21.11.2021','DD.MM.RRRR'));
Insert into NUREKE.DONATIONS (DONATION_ID,DONOR_ID,DONATION_DATE) values ('378','148',to_date('03.08.2021','DD.MM.RRRR'));
Insert into NUREKE.DONATIONS (DONATION_ID,DONOR_ID,DONATION_DATE) values ('379','210',to_date('20.06.2019','DD.MM.RRRR'));
Insert into NUREKE.DONATIONS (DONATION_ID,DONOR_ID,DONATION_DATE) values ('380','128',to_date('26.11.2020','DD.MM.RRRR'));
Insert into NUREKE.DONATIONS (DONATION_ID,DONOR_ID,DONATION_DATE) values ('381','161',to_date('22.11.2019','DD.MM.RRRR'));
Insert into NUREKE.DONATIONS (DONATION_ID,DONOR_ID,DONATION_DATE) values ('382','18',to_date('24.12.2021','DD.MM.RRRR'));
Insert into NUREKE.DONATIONS (DONATION_ID,DONOR_ID,DONATION_DATE) values ('383','17',to_date('03.01.2019','DD.MM.RRRR'));
Insert into NUREKE.DONATIONS (DONATION_ID,DONOR_ID,DONATION_DATE) values ('384','159',to_date('05.01.2021','DD.MM.RRRR'));
Insert into NUREKE.DONATIONS (DONATION_ID,DONOR_ID,DONATION_DATE) values ('385','91',to_date('18.10.2021','DD.MM.RRRR'));
Insert into NUREKE.DONATIONS (DONATION_ID,DONOR_ID,DONATION_DATE) values ('386','138',to_date('10.03.2019','DD.MM.RRRR'));
Insert into NUREKE.DONATIONS (DONATION_ID,DONOR_ID,DONATION_DATE) values ('387','158',to_date('14.03.2020','DD.MM.RRRR'));
Insert into NUREKE.DONATIONS (DONATION_ID,DONOR_ID,DONATION_DATE) values ('388','110',to_date('10.08.2021','DD.MM.RRRR'));
Insert into NUREKE.DONATIONS (DONATION_ID,DONOR_ID,DONATION_DATE) values ('389','164',to_date('26.01.2019','DD.MM.RRRR'));
Insert into NUREKE.DONATIONS (DONATION_ID,DONOR_ID,DONATION_DATE) values ('390','32',to_date('22.03.2020','DD.MM.RRRR'));
Insert into NUREKE.DONATIONS (DONATION_ID,DONOR_ID,DONATION_DATE) values ('391','185',to_date('09.08.2020','DD.MM.RRRR'));
Insert into NUREKE.DONATIONS (DONATION_ID,DONOR_ID,DONATION_DATE) values ('392','215',to_date('16.01.2019','DD.MM.RRRR'));
Insert into NUREKE.DONATIONS (DONATION_ID,DONOR_ID,DONATION_DATE) values ('393','48',to_date('08.03.2019','DD.MM.RRRR'));
Insert into NUREKE.DONATIONS (DONATION_ID,DONOR_ID,DONATION_DATE) values ('394','203',to_date('30.11.2020','DD.MM.RRRR'));
Insert into NUREKE.DONATIONS (DONATION_ID,DONOR_ID,DONATION_DATE) values ('395','76',to_date('25.01.2019','DD.MM.RRRR'));
Insert into NUREKE.DONATIONS (DONATION_ID,DONOR_ID,DONATION_DATE) values ('396','14',to_date('18.02.2021','DD.MM.RRRR'));
Insert into NUREKE.DONATIONS (DONATION_ID,DONOR_ID,DONATION_DATE) values ('397','190',to_date('10.11.2020','DD.MM.RRRR'));
Insert into NUREKE.DONATIONS (DONATION_ID,DONOR_ID,DONATION_DATE) values ('398','16',to_date('03.06.2022','DD.MM.RRRR'));
Insert into NUREKE.DONATIONS (DONATION_ID,DONOR_ID,DONATION_DATE) values ('399','198',to_date('23.02.2022','DD.MM.RRRR'));
Insert into NUREKE.DONATIONS (DONATION_ID,DONOR_ID,DONATION_DATE) values ('400','192',to_date('31.12.2021','DD.MM.RRRR'));
Insert into NUREKE.DONATIONS (DONATION_ID,DONOR_ID,DONATION_DATE) values ('401','39',to_date('29.09.2020','DD.MM.RRRR'));
Insert into NUREKE.DONATIONS (DONATION_ID,DONOR_ID,DONATION_DATE) values ('402','63',to_date('15.01.2020','DD.MM.RRRR'));
Insert into NUREKE.DONATIONS (DONATION_ID,DONOR_ID,DONATION_DATE) values ('403','146',to_date('18.03.2020','DD.MM.RRRR'));
Insert into NUREKE.DONATIONS (DONATION_ID,DONOR_ID,DONATION_DATE) values ('404','46',to_date('04.08.2020','DD.MM.RRRR'));
Insert into NUREKE.DONATIONS (DONATION_ID,DONOR_ID,DONATION_DATE) values ('405','56',to_date('30.04.2019','DD.MM.RRRR'));
Insert into NUREKE.DONATIONS (DONATION_ID,DONOR_ID,DONATION_DATE) values ('406','43',to_date('22.07.2022','DD.MM.RRRR'));
Insert into NUREKE.DONATIONS (DONATION_ID,DONOR_ID,DONATION_DATE) values ('407','185',to_date('22.07.2021','DD.MM.RRRR'));
Insert into NUREKE.DONATIONS (DONATION_ID,DONOR_ID,DONATION_DATE) values ('408','44',to_date('05.05.2019','DD.MM.RRRR'));
Insert into NUREKE.DONATIONS (DONATION_ID,DONOR_ID,DONATION_DATE) values ('409','62',to_date('26.03.2022','DD.MM.RRRR'));
Insert into NUREKE.DONATIONS (DONATION_ID,DONOR_ID,DONATION_DATE) values ('410','210',to_date('20.02.2021','DD.MM.RRRR'));
Insert into NUREKE.DONATIONS (DONATION_ID,DONOR_ID,DONATION_DATE) values ('411','98',to_date('14.04.2022','DD.MM.RRRR'));
Insert into NUREKE.DONATIONS (DONATION_ID,DONOR_ID,DONATION_DATE) values ('412','66',to_date('02.04.2022','DD.MM.RRRR'));
Insert into NUREKE.DONATIONS (DONATION_ID,DONOR_ID,DONATION_DATE) values ('413','181',to_date('14.03.2022','DD.MM.RRRR'));
Insert into NUREKE.DONATIONS (DONATION_ID,DONOR_ID,DONATION_DATE) values ('414','36',to_date('21.10.2021','DD.MM.RRRR'));
Insert into NUREKE.DONATIONS (DONATION_ID,DONOR_ID,DONATION_DATE) values ('415','70',to_date('28.06.2021','DD.MM.RRRR'));
Insert into NUREKE.DONATIONS (DONATION_ID,DONOR_ID,DONATION_DATE) values ('416','103',to_date('25.12.2021','DD.MM.RRRR'));
Insert into NUREKE.DONATIONS (DONATION_ID,DONOR_ID,DONATION_DATE) values ('417','193',to_date('03.09.2021','DD.MM.RRRR'));
Insert into NUREKE.DONATIONS (DONATION_ID,DONOR_ID,DONATION_DATE) values ('418','113',to_date('21.05.2020','DD.MM.RRRR'));
Insert into NUREKE.DONATIONS (DONATION_ID,DONOR_ID,DONATION_DATE) values ('419','217',to_date('23.07.2019','DD.MM.RRRR'));
Insert into NUREKE.DONATIONS (DONATION_ID,DONOR_ID,DONATION_DATE) values ('420','168',to_date('04.03.2021','DD.MM.RRRR'));
Insert into NUREKE.DONATIONS (DONATION_ID,DONOR_ID,DONATION_DATE) values ('421','198',to_date('08.10.2021','DD.MM.RRRR'));
Insert into NUREKE.DONATIONS (DONATION_ID,DONOR_ID,DONATION_DATE) values ('422','1',to_date('06.10.2021','DD.MM.RRRR'));
Insert into NUREKE.DONATIONS (DONATION_ID,DONOR_ID,DONATION_DATE) values ('423','123',to_date('08.08.2019','DD.MM.RRRR'));
Insert into NUREKE.DONATIONS (DONATION_ID,DONOR_ID,DONATION_DATE) values ('424','22',to_date('26.02.2021','DD.MM.RRRR'));
Insert into NUREKE.DONATIONS (DONATION_ID,DONOR_ID,DONATION_DATE) values ('425','131',to_date('20.11.2019','DD.MM.RRRR'));
REM INSERTING into NUREKE.ADDRESSES
SET DEFINE OFF;
Insert into NUREKE.ADDRESSES (ADDRESS_ID,CITY,NUMBER_STREET,NUMBER_BUILDING,POST_INDEX) values ('1','?limos','448','399',null);
Insert into NUREKE.ADDRESSES (ADDRESS_ID,CITY,NUMBER_STREET,NUMBER_BUILDING,POST_INDEX) values ('2','Duas Igrejas','177','257','4580-373');
Insert into NUREKE.ADDRESSES (ADDRESS_ID,CITY,NUMBER_STREET,NUMBER_BUILDING,POST_INDEX) values ('3','Sritanjung','8065','54',null);
Insert into NUREKE.ADDRESSES (ADDRESS_ID,CITY,NUMBER_STREET,NUMBER_BUILDING,POST_INDEX) values ('4','Ngama','157','310',null);
Insert into NUREKE.ADDRESSES (ADDRESS_ID,CITY,NUMBER_STREET,NUMBER_BUILDING,POST_INDEX) values ('5','Zhucun','079','247',null);
Insert into NUREKE.ADDRESSES (ADDRESS_ID,CITY,NUMBER_STREET,NUMBER_BUILDING,POST_INDEX) values ('6','Huanan','16108','240',null);
Insert into NUREKE.ADDRESSES (ADDRESS_ID,CITY,NUMBER_STREET,NUMBER_BUILDING,POST_INDEX) values ('7','Bengras','0','382',null);
Insert into NUREKE.ADDRESSES (ADDRESS_ID,CITY,NUMBER_STREET,NUMBER_BUILDING,POST_INDEX) values ('8','Bangelan','7067','101',null);
Insert into NUREKE.ADDRESSES (ADDRESS_ID,CITY,NUMBER_STREET,NUMBER_BUILDING,POST_INDEX) values ('9','Kuala Lumpur','6110','139','50913');
Insert into NUREKE.ADDRESSES (ADDRESS_ID,CITY,NUMBER_STREET,NUMBER_BUILDING,POST_INDEX) values ('10','Sukamulya','7707','235',null);
Insert into NUREKE.ADDRESSES (ADDRESS_ID,CITY,NUMBER_STREET,NUMBER_BUILDING,POST_INDEX) values ('11','Kiamba','476','368','9514');
Insert into NUREKE.ADDRESSES (ADDRESS_ID,CITY,NUMBER_STREET,NUMBER_BUILDING,POST_INDEX) values ('12','Monguno','362','12',null);
Insert into NUREKE.ADDRESSES (ADDRESS_ID,CITY,NUMBER_STREET,NUMBER_BUILDING,POST_INDEX) values ('13','Su-dong','02','35',null);
Insert into NUREKE.ADDRESSES (ADDRESS_ID,CITY,NUMBER_STREET,NUMBER_BUILDING,POST_INDEX) values ('14','Ostrogozhsk','7493','168','397855');
Insert into NUREKE.ADDRESSES (ADDRESS_ID,CITY,NUMBER_STREET,NUMBER_BUILDING,POST_INDEX) values ('15','Haparanda','5405','141','953 34');
Insert into NUREKE.ADDRESSES (ADDRESS_ID,CITY,NUMBER_STREET,NUMBER_BUILDING,POST_INDEX) values ('16','Santa Cruz de la Sierra','090','195',null);
Insert into NUREKE.ADDRESSES (ADDRESS_ID,CITY,NUMBER_STREET,NUMBER_BUILDING,POST_INDEX) values ('17','Chenchang','9','390',null);
Insert into NUREKE.ADDRESSES (ADDRESS_ID,CITY,NUMBER_STREET,NUMBER_BUILDING,POST_INDEX) values ('18','Tomelilla','910','183','273 35');
Insert into NUREKE.ADDRESSES (ADDRESS_ID,CITY,NUMBER_STREET,NUMBER_BUILDING,POST_INDEX) values ('19','La Habana Vieja','897','47',null);
Insert into NUREKE.ADDRESSES (ADDRESS_ID,CITY,NUMBER_STREET,NUMBER_BUILDING,POST_INDEX) values ('20','Linda Vista','2','178','94475');
Insert into NUREKE.ADDRESSES (ADDRESS_ID,CITY,NUMBER_STREET,NUMBER_BUILDING,POST_INDEX) values ('21','Pinsk','6','394',null);
Insert into NUREKE.ADDRESSES (ADDRESS_ID,CITY,NUMBER_STREET,NUMBER_BUILDING,POST_INDEX) values ('22','Calinaoan Malasin','659','360','3700');
Insert into NUREKE.ADDRESSES (ADDRESS_ID,CITY,NUMBER_STREET,NUMBER_BUILDING,POST_INDEX) values ('23','San Miguel','5','7','39230');
Insert into NUREKE.ADDRESSES (ADDRESS_ID,CITY,NUMBER_STREET,NUMBER_BUILDING,POST_INDEX) values ('24','Hakodate','016','113','704-8124');
Insert into NUREKE.ADDRESSES (ADDRESS_ID,CITY,NUMBER_STREET,NUMBER_BUILDING,POST_INDEX) values ('25','Af?ntou','7','174',null);
Insert into NUREKE.ADDRESSES (ADDRESS_ID,CITY,NUMBER_STREET,NUMBER_BUILDING,POST_INDEX) values ('26','Kandava','3','171',null);
Insert into NUREKE.ADDRESSES (ADDRESS_ID,CITY,NUMBER_STREET,NUMBER_BUILDING,POST_INDEX) values ('27','Zamarski','03411','226','43-419');
Insert into NUREKE.ADDRESSES (ADDRESS_ID,CITY,NUMBER_STREET,NUMBER_BUILDING,POST_INDEX) values ('28','Manhi?a','10','236',null);
Insert into NUREKE.ADDRESSES (ADDRESS_ID,CITY,NUMBER_STREET,NUMBER_BUILDING,POST_INDEX) values ('29','Kerek','7','365',null);
Insert into NUREKE.ADDRESSES (ADDRESS_ID,CITY,NUMBER_STREET,NUMBER_BUILDING,POST_INDEX) values ('30','Kapunduk','33255','342',null);
Insert into NUREKE.ADDRESSES (ADDRESS_ID,CITY,NUMBER_STREET,NUMBER_BUILDING,POST_INDEX) values ('31','Qiongshan','1208','167',null);
Insert into NUREKE.ADDRESSES (ADDRESS_ID,CITY,NUMBER_STREET,NUMBER_BUILDING,POST_INDEX) values ('32','High Prairie','5','278','L8N');
Insert into NUREKE.ADDRESSES (ADDRESS_ID,CITY,NUMBER_STREET,NUMBER_BUILDING,POST_INDEX) values ('33','Cahuacho','61','278',null);
Insert into NUREKE.ADDRESSES (ADDRESS_ID,CITY,NUMBER_STREET,NUMBER_BUILDING,POST_INDEX) values ('34','Meijiahe','90','221',null);
Insert into NUREKE.ADDRESSES (ADDRESS_ID,CITY,NUMBER_STREET,NUMBER_BUILDING,POST_INDEX) values ('35','Qingxi','6290','24',null);
Insert into NUREKE.ADDRESSES (ADDRESS_ID,CITY,NUMBER_STREET,NUMBER_BUILDING,POST_INDEX) values ('36','Huixing','50','19',null);
Insert into NUREKE.ADDRESSES (ADDRESS_ID,CITY,NUMBER_STREET,NUMBER_BUILDING,POST_INDEX) values ('37','Tyrnyauz','07837','225','361624');
Insert into NUREKE.ADDRESSES (ADDRESS_ID,CITY,NUMBER_STREET,NUMBER_BUILDING,POST_INDEX) values ('38','Zhongxin','3','80',null);
Insert into NUREKE.ADDRESSES (ADDRESS_ID,CITY,NUMBER_STREET,NUMBER_BUILDING,POST_INDEX) values ('39','Los Angeles','143','390','90035');
Insert into NUREKE.ADDRESSES (ADDRESS_ID,CITY,NUMBER_STREET,NUMBER_BUILDING,POST_INDEX) values ('40','Kebonkai','751','395',null);
Insert into NUREKE.ADDRESSES (ADDRESS_ID,CITY,NUMBER_STREET,NUMBER_BUILDING,POST_INDEX) values ('41','Caluire-et-Cuire','79611','341','69649 CEDEX');
Insert into NUREKE.ADDRESSES (ADDRESS_ID,CITY,NUMBER_STREET,NUMBER_BUILDING,POST_INDEX) values ('42','Springbok','241','341','8893');
Insert into NUREKE.ADDRESSES (ADDRESS_ID,CITY,NUMBER_STREET,NUMBER_BUILDING,POST_INDEX) values ('43','Dangbigih','11','363',null);
Insert into NUREKE.ADDRESSES (ADDRESS_ID,CITY,NUMBER_STREET,NUMBER_BUILDING,POST_INDEX) values ('44','Heishui','088','74',null);
Insert into NUREKE.ADDRESSES (ADDRESS_ID,CITY,NUMBER_STREET,NUMBER_BUILDING,POST_INDEX) values ('45','Valence','919','2','26003 CEDEX');
Insert into NUREKE.ADDRESSES (ADDRESS_ID,CITY,NUMBER_STREET,NUMBER_BUILDING,POST_INDEX) values ('46','Caen','91','358','14922 CEDEX 9');
Insert into NUREKE.ADDRESSES (ADDRESS_ID,CITY,NUMBER_STREET,NUMBER_BUILDING,POST_INDEX) values ('47','Barvinkove','4202','399',null);
Insert into NUREKE.ADDRESSES (ADDRESS_ID,CITY,NUMBER_STREET,NUMBER_BUILDING,POST_INDEX) values ('48','Berkovitsa','427','355','3500');
Insert into NUREKE.ADDRESSES (ADDRESS_ID,CITY,NUMBER_STREET,NUMBER_BUILDING,POST_INDEX) values ('49','Leganes','3115','235','28914');
Insert into NUREKE.ADDRESSES (ADDRESS_ID,CITY,NUMBER_STREET,NUMBER_BUILDING,POST_INDEX) values ('50','Byahoml’','11','111',null);
Insert into NUREKE.ADDRESSES (ADDRESS_ID,CITY,NUMBER_STREET,NUMBER_BUILDING,POST_INDEX) values ('51','Albertville','153','164','73209 CEDEX');
Insert into NUREKE.ADDRESSES (ADDRESS_ID,CITY,NUMBER_STREET,NUMBER_BUILDING,POST_INDEX) values ('52','Shangyang','67','147',null);
Insert into NUREKE.ADDRESSES (ADDRESS_ID,CITY,NUMBER_STREET,NUMBER_BUILDING,POST_INDEX) values ('53','Tirah','387','220',null);
Insert into NUREKE.ADDRESSES (ADDRESS_ID,CITY,NUMBER_STREET,NUMBER_BUILDING,POST_INDEX) values ('54','Talok','8291','102',null);
Insert into NUREKE.ADDRESSES (ADDRESS_ID,CITY,NUMBER_STREET,NUMBER_BUILDING,POST_INDEX) values ('55','Jindong','42165','206',null);
Insert into NUREKE.ADDRESSES (ADDRESS_ID,CITY,NUMBER_STREET,NUMBER_BUILDING,POST_INDEX) values ('56','Lutou','18','122',null);
Insert into NUREKE.ADDRESSES (ADDRESS_ID,CITY,NUMBER_STREET,NUMBER_BUILDING,POST_INDEX) values ('57','Kostino','9496','73','613060');
Insert into NUREKE.ADDRESSES (ADDRESS_ID,CITY,NUMBER_STREET,NUMBER_BUILDING,POST_INDEX) values ('58','Balayong','3665','367','7213');
Insert into NUREKE.ADDRESSES (ADDRESS_ID,CITY,NUMBER_STREET,NUMBER_BUILDING,POST_INDEX) values ('59','Ponce','493','266','00731');
Insert into NUREKE.ADDRESSES (ADDRESS_ID,CITY,NUMBER_STREET,NUMBER_BUILDING,POST_INDEX) values ('60','Hitachi','83','274','319-1417');
Insert into NUREKE.ADDRESSES (ADDRESS_ID,CITY,NUMBER_STREET,NUMBER_BUILDING,POST_INDEX) values ('61','Vladikavkaz','694','120','362049');
Insert into NUREKE.ADDRESSES (ADDRESS_ID,CITY,NUMBER_STREET,NUMBER_BUILDING,POST_INDEX) values ('62','Recarei','57','117','4585-586');
Insert into NUREKE.ADDRESSES (ADDRESS_ID,CITY,NUMBER_STREET,NUMBER_BUILDING,POST_INDEX) values ('63','Novhorod-Sivers’kyy','687','294',null);
Insert into NUREKE.ADDRESSES (ADDRESS_ID,CITY,NUMBER_STREET,NUMBER_BUILDING,POST_INDEX) values ('64','Ovsyanka','05342','49','216282');
Insert into NUREKE.ADDRESSES (ADDRESS_ID,CITY,NUMBER_STREET,NUMBER_BUILDING,POST_INDEX) values ('65','Kurn?z','37770','194',null);
Insert into NUREKE.ADDRESSES (ADDRESS_ID,CITY,NUMBER_STREET,NUMBER_BUILDING,POST_INDEX) values ('66','Rybnaya Sloboda','996','161','422650');
Insert into NUREKE.ADDRESSES (ADDRESS_ID,CITY,NUMBER_STREET,NUMBER_BUILDING,POST_INDEX) values ('67','Yengimahalla','969','327',null);
Insert into NUREKE.ADDRESSES (ADDRESS_ID,CITY,NUMBER_STREET,NUMBER_BUILDING,POST_INDEX) values ('68','Tlogocilik','3','269',null);
Insert into NUREKE.ADDRESSES (ADDRESS_ID,CITY,NUMBER_STREET,NUMBER_BUILDING,POST_INDEX) values ('69','P?tan','643','85',null);
Insert into NUREKE.ADDRESSES (ADDRESS_ID,CITY,NUMBER_STREET,NUMBER_BUILDING,POST_INDEX) values ('70','Oino?sses','825','141',null);
Insert into NUREKE.ADDRESSES (ADDRESS_ID,CITY,NUMBER_STREET,NUMBER_BUILDING,POST_INDEX) values ('71','Kajiki','50','366','899-5241');
Insert into NUREKE.ADDRESSES (ADDRESS_ID,CITY,NUMBER_STREET,NUMBER_BUILDING,POST_INDEX) values ('72','Nedakonice','86','245','687 38');
Insert into NUREKE.ADDRESSES (ADDRESS_ID,CITY,NUMBER_STREET,NUMBER_BUILDING,POST_INDEX) values ('73','Basseterre','542','141',null);
Insert into NUREKE.ADDRESSES (ADDRESS_ID,CITY,NUMBER_STREET,NUMBER_BUILDING,POST_INDEX) values ('74','Pristina','338','59',null);
Insert into NUREKE.ADDRESSES (ADDRESS_ID,CITY,NUMBER_STREET,NUMBER_BUILDING,POST_INDEX) values ('75','Cigembor','05','163',null);
Insert into NUREKE.ADDRESSES (ADDRESS_ID,CITY,NUMBER_STREET,NUMBER_BUILDING,POST_INDEX) values ('76','Hezhang','6419','159',null);
Insert into NUREKE.ADDRESSES (ADDRESS_ID,CITY,NUMBER_STREET,NUMBER_BUILDING,POST_INDEX) values ('77','Bohus','061','320','445 33');
Insert into NUREKE.ADDRESSES (ADDRESS_ID,CITY,NUMBER_STREET,NUMBER_BUILDING,POST_INDEX) values ('78','Shilong','8','271',null);
Insert into NUREKE.ADDRESSES (ADDRESS_ID,CITY,NUMBER_STREET,NUMBER_BUILDING,POST_INDEX) values ('79','Malian','6838','318',null);
Insert into NUREKE.ADDRESSES (ADDRESS_ID,CITY,NUMBER_STREET,NUMBER_BUILDING,POST_INDEX) values ('80','Kasoa','948','321',null);
Insert into NUREKE.ADDRESSES (ADDRESS_ID,CITY,NUMBER_STREET,NUMBER_BUILDING,POST_INDEX) values ('81','Round Rock','01','361','78682');
Insert into NUREKE.ADDRESSES (ADDRESS_ID,CITY,NUMBER_STREET,NUMBER_BUILDING,POST_INDEX) values ('82','Lyon','41992','17','69339 CEDEX 02');
Insert into NUREKE.ADDRESSES (ADDRESS_ID,CITY,NUMBER_STREET,NUMBER_BUILDING,POST_INDEX) values ('83','Yeysk','506','144','404172');
Insert into NUREKE.ADDRESSES (ADDRESS_ID,CITY,NUMBER_STREET,NUMBER_BUILDING,POST_INDEX) values ('84','Kim S?n','0','128',null);
Insert into NUREKE.ADDRESSES (ADDRESS_ID,CITY,NUMBER_STREET,NUMBER_BUILDING,POST_INDEX) values ('85','Soraya','81','287',null);
Insert into NUREKE.ADDRESSES (ADDRESS_ID,CITY,NUMBER_STREET,NUMBER_BUILDING,POST_INDEX) values ('86','Galat?s','2','61',null);
Insert into NUREKE.ADDRESSES (ADDRESS_ID,CITY,NUMBER_STREET,NUMBER_BUILDING,POST_INDEX) values ('87','Richmond','110','382','23272');
Insert into NUREKE.ADDRESSES (ADDRESS_ID,CITY,NUMBER_STREET,NUMBER_BUILDING,POST_INDEX) values ('88','?urowa','0','369','38-323');
Insert into NUREKE.ADDRESSES (ADDRESS_ID,CITY,NUMBER_STREET,NUMBER_BUILDING,POST_INDEX) values ('89','Pueblo Nuevo','823','344','52332');
Insert into NUREKE.ADDRESSES (ADDRESS_ID,CITY,NUMBER_STREET,NUMBER_BUILDING,POST_INDEX) values ('90','Laiyang','29628','125',null);
Insert into NUREKE.ADDRESSES (ADDRESS_ID,CITY,NUMBER_STREET,NUMBER_BUILDING,POST_INDEX) values ('91','Chimbas','4741','79','5413');
Insert into NUREKE.ADDRESSES (ADDRESS_ID,CITY,NUMBER_STREET,NUMBER_BUILDING,POST_INDEX) values ('92','Ploso','54','86',null);
Insert into NUREKE.ADDRESSES (ADDRESS_ID,CITY,NUMBER_STREET,NUMBER_BUILDING,POST_INDEX) values ('93','Bartolom? Mas?','82','28',null);
Insert into NUREKE.ADDRESSES (ADDRESS_ID,CITY,NUMBER_STREET,NUMBER_BUILDING,POST_INDEX) values ('94','Piaocao','8846','26',null);
Insert into NUREKE.ADDRESSES (ADDRESS_ID,CITY,NUMBER_STREET,NUMBER_BUILDING,POST_INDEX) values ('95','Kandana','64','386','11320');
Insert into NUREKE.ADDRESSES (ADDRESS_ID,CITY,NUMBER_STREET,NUMBER_BUILDING,POST_INDEX) values ('96','Kyzylorda','41950','55',null);
Insert into NUREKE.ADDRESSES (ADDRESS_ID,CITY,NUMBER_STREET,NUMBER_BUILDING,POST_INDEX) values ('97','Palatine','91','97','60078');
Insert into NUREKE.ADDRESSES (ADDRESS_ID,CITY,NUMBER_STREET,NUMBER_BUILDING,POST_INDEX) values ('98','Tauranga','22404','371','3144');
Insert into NUREKE.ADDRESSES (ADDRESS_ID,CITY,NUMBER_STREET,NUMBER_BUILDING,POST_INDEX) values ('99','Kozje','735','313','3260');
Insert into NUREKE.ADDRESSES (ADDRESS_ID,CITY,NUMBER_STREET,NUMBER_BUILDING,POST_INDEX) values ('100','''s-Hertogenbosch','24345','219','5214');
Insert into NUREKE.ADDRESSES (ADDRESS_ID,CITY,NUMBER_STREET,NUMBER_BUILDING,POST_INDEX) values ('101','Arma??o','42','171','59990-000');
Insert into NUREKE.ADDRESSES (ADDRESS_ID,CITY,NUMBER_STREET,NUMBER_BUILDING,POST_INDEX) values ('102','Genang','45','393',null);
Insert into NUREKE.ADDRESSES (ADDRESS_ID,CITY,NUMBER_STREET,NUMBER_BUILDING,POST_INDEX) values ('103','S?dert?lje','4808','395','151 44');
Insert into NUREKE.ADDRESSES (ADDRESS_ID,CITY,NUMBER_STREET,NUMBER_BUILDING,POST_INDEX) values ('104','Sugito','7499','145','345-0036');
Insert into NUREKE.ADDRESSES (ADDRESS_ID,CITY,NUMBER_STREET,NUMBER_BUILDING,POST_INDEX) values ('105','Pensacola','4','19','32595');
Insert into NUREKE.ADDRESSES (ADDRESS_ID,CITY,NUMBER_STREET,NUMBER_BUILDING,POST_INDEX) values ('106','Gandara','9','338','6706');
Insert into NUREKE.ADDRESSES (ADDRESS_ID,CITY,NUMBER_STREET,NUMBER_BUILDING,POST_INDEX) values ('107','Hitachi-Naka','8','227','312-0063');
Insert into NUREKE.ADDRESSES (ADDRESS_ID,CITY,NUMBER_STREET,NUMBER_BUILDING,POST_INDEX) values ('108','Jinji','632','9',null);
Insert into NUREKE.ADDRESSES (ADDRESS_ID,CITY,NUMBER_STREET,NUMBER_BUILDING,POST_INDEX) values ('109','Lagodekhi','60','328',null);
Insert into NUREKE.ADDRESSES (ADDRESS_ID,CITY,NUMBER_STREET,NUMBER_BUILDING,POST_INDEX) values ('110','Rauma','4526','5','26820');
Insert into NUREKE.ADDRESSES (ADDRESS_ID,CITY,NUMBER_STREET,NUMBER_BUILDING,POST_INDEX) values ('111','Tambo','8','252','1701');
Insert into NUREKE.ADDRESSES (ADDRESS_ID,CITY,NUMBER_STREET,NUMBER_BUILDING,POST_INDEX) values ('112','Hegarmulya','4284','349',null);
Insert into NUREKE.ADDRESSES (ADDRESS_ID,CITY,NUMBER_STREET,NUMBER_BUILDING,POST_INDEX) values ('113','Torino','81','292','10141');
Insert into NUREKE.ADDRESSES (ADDRESS_ID,CITY,NUMBER_STREET,NUMBER_BUILDING,POST_INDEX) values ('114','Santa Cruz do Bispo','29501','129','4455-794');
Insert into NUREKE.ADDRESSES (ADDRESS_ID,CITY,NUMBER_STREET,NUMBER_BUILDING,POST_INDEX) values ('115','Kamiichi','4','4','872-0511');
Insert into NUREKE.ADDRESSES (ADDRESS_ID,CITY,NUMBER_STREET,NUMBER_BUILDING,POST_INDEX) values ('116','Yongfu','0','16',null);
Insert into NUREKE.ADDRESSES (ADDRESS_ID,CITY,NUMBER_STREET,NUMBER_BUILDING,POST_INDEX) values ('117','La Condamine','38204','39','98000');
Insert into NUREKE.ADDRESSES (ADDRESS_ID,CITY,NUMBER_STREET,NUMBER_BUILDING,POST_INDEX) values ('118','Liubo','618','212',null);
Insert into NUREKE.ADDRESSES (ADDRESS_ID,CITY,NUMBER_STREET,NUMBER_BUILDING,POST_INDEX) values ('119','Arras','38261','175','62025 CEDEX');
Insert into NUREKE.ADDRESSES (ADDRESS_ID,CITY,NUMBER_STREET,NUMBER_BUILDING,POST_INDEX) values ('120','Bualan','89307','46','9706');
Insert into NUREKE.ADDRESSES (ADDRESS_ID,CITY,NUMBER_STREET,NUMBER_BUILDING,POST_INDEX) values ('121','Barra de S?o Francisco','0','247','29800-000');
Insert into NUREKE.ADDRESSES (ADDRESS_ID,CITY,NUMBER_STREET,NUMBER_BUILDING,POST_INDEX) values ('122','Zhovkva','9','363',null);
Insert into NUREKE.ADDRESSES (ADDRESS_ID,CITY,NUMBER_STREET,NUMBER_BUILDING,POST_INDEX) values ('123','Grojec','89','394','32-615');
Insert into NUREKE.ADDRESSES (ADDRESS_ID,CITY,NUMBER_STREET,NUMBER_BUILDING,POST_INDEX) values ('124','Duas Igrejas','1815','130','5210-046');
Insert into NUREKE.ADDRESSES (ADDRESS_ID,CITY,NUMBER_STREET,NUMBER_BUILDING,POST_INDEX) values ('125','Sidonganti','297','360',null);
Insert into NUREKE.ADDRESSES (ADDRESS_ID,CITY,NUMBER_STREET,NUMBER_BUILDING,POST_INDEX) values ('126','Jawornik Polski','925','210','37-232');
Insert into NUREKE.ADDRESSES (ADDRESS_ID,CITY,NUMBER_STREET,NUMBER_BUILDING,POST_INDEX) values ('127','Nahr?n','2374','196',null);
Insert into NUREKE.ADDRESSES (ADDRESS_ID,CITY,NUMBER_STREET,NUMBER_BUILDING,POST_INDEX) values ('128','Nusajaya','012','80','79632');
Insert into NUREKE.ADDRESSES (ADDRESS_ID,CITY,NUMBER_STREET,NUMBER_BUILDING,POST_INDEX) values ('129','Beberibe','2612','201','62840-000');
Insert into NUREKE.ADDRESSES (ADDRESS_ID,CITY,NUMBER_STREET,NUMBER_BUILDING,POST_INDEX) values ('130','Ninghai','9','4',null);
Insert into NUREKE.ADDRESSES (ADDRESS_ID,CITY,NUMBER_STREET,NUMBER_BUILDING,POST_INDEX) values ('131','Jedlnia-Letnisko','1769','331','26-630');
Insert into NUREKE.ADDRESSES (ADDRESS_ID,CITY,NUMBER_STREET,NUMBER_BUILDING,POST_INDEX) values ('132','Shouchun','092','96',null);
Insert into NUREKE.ADDRESSES (ADDRESS_ID,CITY,NUMBER_STREET,NUMBER_BUILDING,POST_INDEX) values ('133','Lyubech','49507','247',null);
Insert into NUREKE.ADDRESSES (ADDRESS_ID,CITY,NUMBER_STREET,NUMBER_BUILDING,POST_INDEX) values ('134','Est?ncia Velha','1','342','93600-000');
Insert into NUREKE.ADDRESSES (ADDRESS_ID,CITY,NUMBER_STREET,NUMBER_BUILDING,POST_INDEX) values ('135','Portel','9625','366','68480-000');
Insert into NUREKE.ADDRESSES (ADDRESS_ID,CITY,NUMBER_STREET,NUMBER_BUILDING,POST_INDEX) values ('136','Lubenec','96','310','439 83');
Insert into NUREKE.ADDRESSES (ADDRESS_ID,CITY,NUMBER_STREET,NUMBER_BUILDING,POST_INDEX) values ('137','Pandasan','80','1','3714');
Insert into NUREKE.ADDRESSES (ADDRESS_ID,CITY,NUMBER_STREET,NUMBER_BUILDING,POST_INDEX) values ('138','Liulin','03','106',null);
Insert into NUREKE.ADDRESSES (ADDRESS_ID,CITY,NUMBER_STREET,NUMBER_BUILDING,POST_INDEX) values ('139','K?rdla','2','129',null);
Insert into NUREKE.ADDRESSES (ADDRESS_ID,CITY,NUMBER_STREET,NUMBER_BUILDING,POST_INDEX) values ('140','Bojongsari','73','110',null);
Insert into NUREKE.ADDRESSES (ADDRESS_ID,CITY,NUMBER_STREET,NUMBER_BUILDING,POST_INDEX) values ('141','Warugunung','90017','220',null);
Insert into NUREKE.ADDRESSES (ADDRESS_ID,CITY,NUMBER_STREET,NUMBER_BUILDING,POST_INDEX) values ('142','Curanilahue','48518','171',null);
Insert into NUREKE.ADDRESSES (ADDRESS_ID,CITY,NUMBER_STREET,NUMBER_BUILDING,POST_INDEX) values ('143','Krajan Selatan','28304','84',null);
Insert into NUREKE.ADDRESSES (ADDRESS_ID,CITY,NUMBER_STREET,NUMBER_BUILDING,POST_INDEX) values ('144','Shah Alam','7189','349','40990');
Insert into NUREKE.ADDRESSES (ADDRESS_ID,CITY,NUMBER_STREET,NUMBER_BUILDING,POST_INDEX) values ('145','Horad Smalyavichy','846','172',null);
Insert into NUREKE.ADDRESSES (ADDRESS_ID,CITY,NUMBER_STREET,NUMBER_BUILDING,POST_INDEX) values ('146','Biankouma','4','7',null);
Insert into NUREKE.ADDRESSES (ADDRESS_ID,CITY,NUMBER_STREET,NUMBER_BUILDING,POST_INDEX) values ('147','Donskoy','77','98','301767');
Insert into NUREKE.ADDRESSES (ADDRESS_ID,CITY,NUMBER_STREET,NUMBER_BUILDING,POST_INDEX) values ('148','Nanshao','4','142',null);
Insert into NUREKE.ADDRESSES (ADDRESS_ID,CITY,NUMBER_STREET,NUMBER_BUILDING,POST_INDEX) values ('149','Staroderevyankovskaya','119','48','353721');
Insert into NUREKE.ADDRESSES (ADDRESS_ID,CITY,NUMBER_STREET,NUMBER_BUILDING,POST_INDEX) values ('150','Yl?maa','4603','181','54410');
Insert into NUREKE.ADDRESSES (ADDRESS_ID,CITY,NUMBER_STREET,NUMBER_BUILDING,POST_INDEX) values ('151','G?teborg','591','322','400 70');
Insert into NUREKE.ADDRESSES (ADDRESS_ID,CITY,NUMBER_STREET,NUMBER_BUILDING,POST_INDEX) values ('152','Gandong','045','122',null);
Insert into NUREKE.ADDRESSES (ADDRESS_ID,CITY,NUMBER_STREET,NUMBER_BUILDING,POST_INDEX) values ('153','Stochov','85','99','273 03');
Insert into NUREKE.ADDRESSES (ADDRESS_ID,CITY,NUMBER_STREET,NUMBER_BUILDING,POST_INDEX) values ('154','El Paso','3690','297','88553');
Insert into NUREKE.ADDRESSES (ADDRESS_ID,CITY,NUMBER_STREET,NUMBER_BUILDING,POST_INDEX) values ('155','Tournai','8972','314','7536');
Insert into NUREKE.ADDRESSES (ADDRESS_ID,CITY,NUMBER_STREET,NUMBER_BUILDING,POST_INDEX) values ('156','Ratoath','34276','56','A85');
Insert into NUREKE.ADDRESSES (ADDRESS_ID,CITY,NUMBER_STREET,NUMBER_BUILDING,POST_INDEX) values ('157','Sidowayah Lor','323','74',null);
Insert into NUREKE.ADDRESSES (ADDRESS_ID,CITY,NUMBER_STREET,NUMBER_BUILDING,POST_INDEX) values ('158','Kutapanjang','915','389',null);
Insert into NUREKE.ADDRESSES (ADDRESS_ID,CITY,NUMBER_STREET,NUMBER_BUILDING,POST_INDEX) values ('159','Pag-asa','79','21','8113');
Insert into NUREKE.ADDRESSES (ADDRESS_ID,CITY,NUMBER_STREET,NUMBER_BUILDING,POST_INDEX) values ('160','Windsor','2','311','J1S');
Insert into NUREKE.ADDRESSES (ADDRESS_ID,CITY,NUMBER_STREET,NUMBER_BUILDING,POST_INDEX) values ('161','Tanlad','154','184','8010');
Insert into NUREKE.ADDRESSES (ADDRESS_ID,CITY,NUMBER_STREET,NUMBER_BUILDING,POST_INDEX) values ('162','Chortkiv','1029','235',null);
Insert into NUREKE.ADDRESSES (ADDRESS_ID,CITY,NUMBER_STREET,NUMBER_BUILDING,POST_INDEX) values ('163','Ragana','74075','339',null);
Insert into NUREKE.ADDRESSES (ADDRESS_ID,CITY,NUMBER_STREET,NUMBER_BUILDING,POST_INDEX) values ('164','Chisec','6208','373','18006');
Insert into NUREKE.ADDRESSES (ADDRESS_ID,CITY,NUMBER_STREET,NUMBER_BUILDING,POST_INDEX) values ('165','Miramar','03309','186','5143');
Insert into NUREKE.ADDRESSES (ADDRESS_ID,CITY,NUMBER_STREET,NUMBER_BUILDING,POST_INDEX) values ('166','Altavista','0','28','32127');
Insert into NUREKE.ADDRESSES (ADDRESS_ID,CITY,NUMBER_STREET,NUMBER_BUILDING,POST_INDEX) values ('167','Agualva','3812','86','9760-016');
Insert into NUREKE.ADDRESSES (ADDRESS_ID,CITY,NUMBER_STREET,NUMBER_BUILDING,POST_INDEX) values ('168','Huwan','8','283',null);
Insert into NUREKE.ADDRESSES (ADDRESS_ID,CITY,NUMBER_STREET,NUMBER_BUILDING,POST_INDEX) values ('169','Ocuviri','97985','87',null);
Insert into NUREKE.ADDRESSES (ADDRESS_ID,CITY,NUMBER_STREET,NUMBER_BUILDING,POST_INDEX) values ('170','Kobyzhcha','1','337',null);
Insert into NUREKE.ADDRESSES (ADDRESS_ID,CITY,NUMBER_STREET,NUMBER_BUILDING,POST_INDEX) values ('171','Iwase','8864','68','948-0212');
Insert into NUREKE.ADDRESSES (ADDRESS_ID,CITY,NUMBER_STREET,NUMBER_BUILDING,POST_INDEX) values ('172','Igbo Ora','6','142',null);
Insert into NUREKE.ADDRESSES (ADDRESS_ID,CITY,NUMBER_STREET,NUMBER_BUILDING,POST_INDEX) values ('173','Kotlas','9','119','443543');
Insert into NUREKE.ADDRESSES (ADDRESS_ID,CITY,NUMBER_STREET,NUMBER_BUILDING,POST_INDEX) values ('174','Novorossiysk','5','146','353993');
Insert into NUREKE.ADDRESSES (ADDRESS_ID,CITY,NUMBER_STREET,NUMBER_BUILDING,POST_INDEX) values ('175','Paraiso','08335','73','1104');
Insert into NUREKE.ADDRESSES (ADDRESS_ID,CITY,NUMBER_STREET,NUMBER_BUILDING,POST_INDEX) values ('176','Pinaring','5','272','1110');
Insert into NUREKE.ADDRESSES (ADDRESS_ID,CITY,NUMBER_STREET,NUMBER_BUILDING,POST_INDEX) values ('177','Chipata','3453','59',null);
Insert into NUREKE.ADDRESSES (ADDRESS_ID,CITY,NUMBER_STREET,NUMBER_BUILDING,POST_INDEX) values ('178','Kurchatov','53','74','307251');
Insert into NUREKE.ADDRESSES (ADDRESS_ID,CITY,NUMBER_STREET,NUMBER_BUILDING,POST_INDEX) values ('179','Oslo','23','192','0323');
Insert into NUREKE.ADDRESSES (ADDRESS_ID,CITY,NUMBER_STREET,NUMBER_BUILDING,POST_INDEX) values ('180','Helsingborg','170','354','256 62');
Insert into NUREKE.ADDRESSES (ADDRESS_ID,CITY,NUMBER_STREET,NUMBER_BUILDING,POST_INDEX) values ('181','Mikulintsy','60587','150',null);
Insert into NUREKE.ADDRESSES (ADDRESS_ID,CITY,NUMBER_STREET,NUMBER_BUILDING,POST_INDEX) values ('182','Sano','0062','232','987-2363');
Insert into NUREKE.ADDRESSES (ADDRESS_ID,CITY,NUMBER_STREET,NUMBER_BUILDING,POST_INDEX) values ('183','Akora','827','376','24131');
Insert into NUREKE.ADDRESSES (ADDRESS_ID,CITY,NUMBER_STREET,NUMBER_BUILDING,POST_INDEX) values ('184','Fristad','2142','301','513 91');
Insert into NUREKE.ADDRESSES (ADDRESS_ID,CITY,NUMBER_STREET,NUMBER_BUILDING,POST_INDEX) values ('185','Boca Chica','6','258','11102');
Insert into NUREKE.ADDRESSES (ADDRESS_ID,CITY,NUMBER_STREET,NUMBER_BUILDING,POST_INDEX) values ('186','Vasyshcheve','35564','301',null);
Insert into NUREKE.ADDRESSES (ADDRESS_ID,CITY,NUMBER_STREET,NUMBER_BUILDING,POST_INDEX) values ('187','Paris 02','51','289','75075 CEDEX 02');
Insert into NUREKE.ADDRESSES (ADDRESS_ID,CITY,NUMBER_STREET,NUMBER_BUILDING,POST_INDEX) values ('188','Abade de Neiva','8311','82','4750-005');
Insert into NUREKE.ADDRESSES (ADDRESS_ID,CITY,NUMBER_STREET,NUMBER_BUILDING,POST_INDEX) values ('189','Xuebu','64797','90',null);
Insert into NUREKE.ADDRESSES (ADDRESS_ID,CITY,NUMBER_STREET,NUMBER_BUILDING,POST_INDEX) values ('190','Turija','82','20',null);
Insert into NUREKE.ADDRESSES (ADDRESS_ID,CITY,NUMBER_STREET,NUMBER_BUILDING,POST_INDEX) values ('191','Chunhu','17914','54',null);
Insert into NUREKE.ADDRESSES (ADDRESS_ID,CITY,NUMBER_STREET,NUMBER_BUILDING,POST_INDEX) values ('192','Paoay','4','303','2902');
Insert into NUREKE.ADDRESSES (ADDRESS_ID,CITY,NUMBER_STREET,NUMBER_BUILDING,POST_INDEX) values ('193','Lidong','9','270',null);
Insert into NUREKE.ADDRESSES (ADDRESS_ID,CITY,NUMBER_STREET,NUMBER_BUILDING,POST_INDEX) values ('194','Iecava','67045','17',null);
Insert into NUREKE.ADDRESSES (ADDRESS_ID,CITY,NUMBER_STREET,NUMBER_BUILDING,POST_INDEX) values ('195','Ayorou','3','110',null);
Insert into NUREKE.ADDRESSES (ADDRESS_ID,CITY,NUMBER_STREET,NUMBER_BUILDING,POST_INDEX) values ('196','Nine','6','292','4775-446');
Insert into NUREKE.ADDRESSES (ADDRESS_ID,CITY,NUMBER_STREET,NUMBER_BUILDING,POST_INDEX) values ('197','Krasnokamsk','17','164','397325');
Insert into NUREKE.ADDRESSES (ADDRESS_ID,CITY,NUMBER_STREET,NUMBER_BUILDING,POST_INDEX) values ('198','Lijiang','341','376',null);
Insert into NUREKE.ADDRESSES (ADDRESS_ID,CITY,NUMBER_STREET,NUMBER_BUILDING,POST_INDEX) values ('199','Balta','43425','281',null);
Insert into NUREKE.ADDRESSES (ADDRESS_ID,CITY,NUMBER_STREET,NUMBER_BUILDING,POST_INDEX) values ('200','Tabou','1372','237',null);
Insert into NUREKE.ADDRESSES (ADDRESS_ID,CITY,NUMBER_STREET,NUMBER_BUILDING,POST_INDEX) values ('201','Santa Rosa','649','334',null);
Insert into NUREKE.ADDRESSES (ADDRESS_ID,CITY,NUMBER_STREET,NUMBER_BUILDING,POST_INDEX) values ('202','Kimhae','8','147',null);
Insert into NUREKE.ADDRESSES (ADDRESS_ID,CITY,NUMBER_STREET,NUMBER_BUILDING,POST_INDEX) values ('203','Krotoszyn','888','222','63-702');
Insert into NUREKE.ADDRESSES (ADDRESS_ID,CITY,NUMBER_STREET,NUMBER_BUILDING,POST_INDEX) values ('204','Dorp Tera Kora','137','135',null);
Insert into NUREKE.ADDRESSES (ADDRESS_ID,CITY,NUMBER_STREET,NUMBER_BUILDING,POST_INDEX) values ('205','Mah?n','541','288',null);
Insert into NUREKE.ADDRESSES (ADDRESS_ID,CITY,NUMBER_STREET,NUMBER_BUILDING,POST_INDEX) values ('206','Moog','1024','85','9019');
Insert into NUREKE.ADDRESSES (ADDRESS_ID,CITY,NUMBER_STREET,NUMBER_BUILDING,POST_INDEX) values ('207','Lins','407','357','16400-000');
Insert into NUREKE.ADDRESSES (ADDRESS_ID,CITY,NUMBER_STREET,NUMBER_BUILDING,POST_INDEX) values ('208','Tripoli','12045','325',null);
Insert into NUREKE.ADDRESSES (ADDRESS_ID,CITY,NUMBER_STREET,NUMBER_BUILDING,POST_INDEX) values ('209','Guj?','276','291','501-4455');
Insert into NUREKE.ADDRESSES (ADDRESS_ID,CITY,NUMBER_STREET,NUMBER_BUILDING,POST_INDEX) values ('210','Al Maj?ridah','900','182',null);
Insert into NUREKE.ADDRESSES (ADDRESS_ID,CITY,NUMBER_STREET,NUMBER_BUILDING,POST_INDEX) values ('211','Talca','27','387',null);
Insert into NUREKE.ADDRESSES (ADDRESS_ID,CITY,NUMBER_STREET,NUMBER_BUILDING,POST_INDEX) values ('212','Sirnasari','95205','39',null);
Insert into NUREKE.ADDRESSES (ADDRESS_ID,CITY,NUMBER_STREET,NUMBER_BUILDING,POST_INDEX) values ('213','B?ft','66328','205',null);
Insert into NUREKE.ADDRESSES (ADDRESS_ID,CITY,NUMBER_STREET,NUMBER_BUILDING,POST_INDEX) values ('214','P?chni','17558','126',null);
Insert into NUREKE.ADDRESSES (ADDRESS_ID,CITY,NUMBER_STREET,NUMBER_BUILDING,POST_INDEX) values ('215','K?benhavn','81','5','1656');
Insert into NUREKE.ADDRESSES (ADDRESS_ID,CITY,NUMBER_STREET,NUMBER_BUILDING,POST_INDEX) values ('216','Mamfe','65','189',null);
Insert into NUREKE.ADDRESSES (ADDRESS_ID,CITY,NUMBER_STREET,NUMBER_BUILDING,POST_INDEX) values ('217','Macieira de Rates','929','146','4755-264');
Insert into NUREKE.ADDRESSES (ADDRESS_ID,CITY,NUMBER_STREET,NUMBER_BUILDING,POST_INDEX) values ('218','Tagbilaran City','9','363','6300');
Insert into NUREKE.ADDRESSES (ADDRESS_ID,CITY,NUMBER_STREET,NUMBER_BUILDING,POST_INDEX) values ('219','Xipu','7053','273',null);
Insert into NUREKE.ADDRESSES (ADDRESS_ID,CITY,NUMBER_STREET,NUMBER_BUILDING,POST_INDEX) values ('220','Taoxi','12','67',null);
Insert into NUREKE.ADDRESSES (ADDRESS_ID,CITY,NUMBER_STREET,NUMBER_BUILDING,POST_INDEX) values ('221','Leeds','511','304','LS6');
Insert into NUREKE.ADDRESSES (ADDRESS_ID,CITY,NUMBER_STREET,NUMBER_BUILDING,POST_INDEX) values ('222','Arras','7','355','62010 CEDEX');
Insert into NUREKE.ADDRESSES (ADDRESS_ID,CITY,NUMBER_STREET,NUMBER_BUILDING,POST_INDEX) values ('223','S?o Miguel da Carreira','16','207','4775-055');
Insert into NUREKE.ADDRESSES (ADDRESS_ID,CITY,NUMBER_STREET,NUMBER_BUILDING,POST_INDEX) values ('224','Lianpeng','924','125',null);
Insert into NUREKE.ADDRESSES (ADDRESS_ID,CITY,NUMBER_STREET,NUMBER_BUILDING,POST_INDEX) values ('225','Salem','1700','109',null);
Insert into NUREKE.ADDRESSES (ADDRESS_ID,CITY,NUMBER_STREET,NUMBER_BUILDING,POST_INDEX) values ('226','Ambalavao','1299','135',null);
Insert into NUREKE.ADDRESSES (ADDRESS_ID,CITY,NUMBER_STREET,NUMBER_BUILDING,POST_INDEX) values ('227','Hengxizhen','367','256',null);
Insert into NUREKE.ADDRESSES (ADDRESS_ID,CITY,NUMBER_STREET,NUMBER_BUILDING,POST_INDEX) values ('228','Bomomani','08','369',null);
Insert into NUREKE.ADDRESSES (ADDRESS_ID,CITY,NUMBER_STREET,NUMBER_BUILDING,POST_INDEX) values ('229','Mekarsari','6577','113',null);
Insert into NUREKE.ADDRESSES (ADDRESS_ID,CITY,NUMBER_STREET,NUMBER_BUILDING,POST_INDEX) values ('230','?iju','81','353',null);
Insert into NUREKE.ADDRESSES (ADDRESS_ID,CITY,NUMBER_STREET,NUMBER_BUILDING,POST_INDEX) values ('231','Tashtagol','2670','169','652993');
Insert into NUREKE.ADDRESSES (ADDRESS_ID,CITY,NUMBER_STREET,NUMBER_BUILDING,POST_INDEX) values ('232','Yabuli','96','48',null);
Insert into NUREKE.ADDRESSES (ADDRESS_ID,CITY,NUMBER_STREET,NUMBER_BUILDING,POST_INDEX) values ('233','Kuala Lumpur','864','82','55908');
Insert into NUREKE.ADDRESSES (ADDRESS_ID,CITY,NUMBER_STREET,NUMBER_BUILDING,POST_INDEX) values ('234','D?sseldorf','4','186','40225');
Insert into NUREKE.ADDRESSES (ADDRESS_ID,CITY,NUMBER_STREET,NUMBER_BUILDING,POST_INDEX) values ('235','Kakamega','7','13',null);
Insert into NUREKE.ADDRESSES (ADDRESS_ID,CITY,NUMBER_STREET,NUMBER_BUILDING,POST_INDEX) values ('236','Ambon','03885','388',null);
Insert into NUREKE.ADDRESSES (ADDRESS_ID,CITY,NUMBER_STREET,NUMBER_BUILDING,POST_INDEX) values ('237','Valladolid','2402','374','47010');
Insert into NUREKE.ADDRESSES (ADDRESS_ID,CITY,NUMBER_STREET,NUMBER_BUILDING,POST_INDEX) values ('238','Altenberg bei Linz','843','270','4210');
Insert into NUREKE.ADDRESSES (ADDRESS_ID,CITY,NUMBER_STREET,NUMBER_BUILDING,POST_INDEX) values ('239','Hronov','1779','50','549 31');
Insert into NUREKE.ADDRESSES (ADDRESS_ID,CITY,NUMBER_STREET,NUMBER_BUILDING,POST_INDEX) values ('240','Laoqiao','2593','172',null);
Insert into NUREKE.ADDRESSES (ADDRESS_ID,CITY,NUMBER_STREET,NUMBER_BUILDING,POST_INDEX) values ('241','Shangpai','2682','370',null);
Insert into NUREKE.ADDRESSES (ADDRESS_ID,CITY,NUMBER_STREET,NUMBER_BUILDING,POST_INDEX) values ('242','V?rzea da Serra','7177','97','3610-193');
Insert into NUREKE.ADDRESSES (ADDRESS_ID,CITY,NUMBER_STREET,NUMBER_BUILDING,POST_INDEX) values ('243','S?o Miguel da Carreira','19','379','4775-055');
Insert into NUREKE.ADDRESSES (ADDRESS_ID,CITY,NUMBER_STREET,NUMBER_BUILDING,POST_INDEX) values ('244','Sendung','0','55',null);
Insert into NUREKE.ADDRESSES (ADDRESS_ID,CITY,NUMBER_STREET,NUMBER_BUILDING,POST_INDEX) values ('245','?widnica','98262','126','66-008');
Insert into NUREKE.ADDRESSES (ADDRESS_ID,CITY,NUMBER_STREET,NUMBER_BUILDING,POST_INDEX) values ('246','Changchun','613','16',null);
Insert into NUREKE.ADDRESSES (ADDRESS_ID,CITY,NUMBER_STREET,NUMBER_BUILDING,POST_INDEX) values ('247','Brandfort','0','85','9400');
Insert into NUREKE.ADDRESSES (ADDRESS_ID,CITY,NUMBER_STREET,NUMBER_BUILDING,POST_INDEX) values ('248','Vyshneve','706','200',null);
Insert into NUREKE.ADDRESSES (ADDRESS_ID,CITY,NUMBER_STREET,NUMBER_BUILDING,POST_INDEX) values ('249','Rumoi','98475','240','518-0875');
Insert into NUREKE.ADDRESSES (ADDRESS_ID,CITY,NUMBER_STREET,NUMBER_BUILDING,POST_INDEX) values ('250','S?o Roque','59','135','18130-000');
Insert into NUREKE.ADDRESSES (ADDRESS_ID,CITY,NUMBER_STREET,NUMBER_BUILDING,POST_INDEX) values ('251','Ansongo','51','247',null);
Insert into NUREKE.ADDRESSES (ADDRESS_ID,CITY,NUMBER_STREET,NUMBER_BUILDING,POST_INDEX) values ('252','Yagoua','41','226',null);
Insert into NUREKE.ADDRESSES (ADDRESS_ID,CITY,NUMBER_STREET,NUMBER_BUILDING,POST_INDEX) values ('253','Tairua','44','164','3544');
Insert into NUREKE.ADDRESSES (ADDRESS_ID,CITY,NUMBER_STREET,NUMBER_BUILDING,POST_INDEX) values ('254','Nong Yasai','1','305','72240');
Insert into NUREKE.ADDRESSES (ADDRESS_ID,CITY,NUMBER_STREET,NUMBER_BUILDING,POST_INDEX) values ('255','Blangpulo','37','242',null);
Insert into NUREKE.ADDRESSES (ADDRESS_ID,CITY,NUMBER_STREET,NUMBER_BUILDING,POST_INDEX) values ('256','Yunfu','4','11',null);
Insert into NUREKE.ADDRESSES (ADDRESS_ID,CITY,NUMBER_STREET,NUMBER_BUILDING,POST_INDEX) values ('257','Changning','690','195',null);
Insert into NUREKE.ADDRESSES (ADDRESS_ID,CITY,NUMBER_STREET,NUMBER_BUILDING,POST_INDEX) values ('258','Dolav?n','60','151','5531');
Insert into NUREKE.ADDRESSES (ADDRESS_ID,CITY,NUMBER_STREET,NUMBER_BUILDING,POST_INDEX) values ('259','Gafargaon','9','99','2234');
Insert into NUREKE.ADDRESSES (ADDRESS_ID,CITY,NUMBER_STREET,NUMBER_BUILDING,POST_INDEX) values ('260','Eisen','704','340',null);
Insert into NUREKE.ADDRESSES (ADDRESS_ID,CITY,NUMBER_STREET,NUMBER_BUILDING,POST_INDEX) values ('261','Toki','384','176','509-6251');
Insert into NUREKE.ADDRESSES (ADDRESS_ID,CITY,NUMBER_STREET,NUMBER_BUILDING,POST_INDEX) values ('262','Nantes','627','163','44101 CEDEX 4');
Insert into NUREKE.ADDRESSES (ADDRESS_ID,CITY,NUMBER_STREET,NUMBER_BUILDING,POST_INDEX) values ('263','Kiev','6496','221',null);
Insert into NUREKE.ADDRESSES (ADDRESS_ID,CITY,NUMBER_STREET,NUMBER_BUILDING,POST_INDEX) values ('264','Gandajika','0896','36',null);
Insert into NUREKE.ADDRESSES (ADDRESS_ID,CITY,NUMBER_STREET,NUMBER_BUILDING,POST_INDEX) values ('265','Kimhae','41120','332',null);
Insert into NUREKE.ADDRESSES (ADDRESS_ID,CITY,NUMBER_STREET,NUMBER_BUILDING,POST_INDEX) values ('266','Maria','795','21','6229');
Insert into NUREKE.ADDRESSES (ADDRESS_ID,CITY,NUMBER_STREET,NUMBER_BUILDING,POST_INDEX) values ('267','Murmansk','46229','267','183985');
Insert into NUREKE.ADDRESSES (ADDRESS_ID,CITY,NUMBER_STREET,NUMBER_BUILDING,POST_INDEX) values ('268','Ilihan','704','271','1745');
Insert into NUREKE.ADDRESSES (ADDRESS_ID,CITY,NUMBER_STREET,NUMBER_BUILDING,POST_INDEX) values ('269','Kuantan','3','176','26040');
Insert into NUREKE.ADDRESSES (ADDRESS_ID,CITY,NUMBER_STREET,NUMBER_BUILDING,POST_INDEX) values ('270','Semang','7','315',null);
Insert into NUREKE.ADDRESSES (ADDRESS_ID,CITY,NUMBER_STREET,NUMBER_BUILDING,POST_INDEX) values ('271','Pampa del Infierno','4','389','3708');
Insert into NUREKE.ADDRESSES (ADDRESS_ID,CITY,NUMBER_STREET,NUMBER_BUILDING,POST_INDEX) values ('272','Klembivka','87','371',null);
Insert into NUREKE.ADDRESSES (ADDRESS_ID,CITY,NUMBER_STREET,NUMBER_BUILDING,POST_INDEX) values ('273','Cambita Garabitos','5750','207','11204');
Insert into NUREKE.ADDRESSES (ADDRESS_ID,CITY,NUMBER_STREET,NUMBER_BUILDING,POST_INDEX) values ('274','Yong’an','68818','251',null);
Insert into NUREKE.ADDRESSES (ADDRESS_ID,CITY,NUMBER_STREET,NUMBER_BUILDING,POST_INDEX) values ('275','Kachkanar','447','221','624357');
Insert into NUREKE.ADDRESSES (ADDRESS_ID,CITY,NUMBER_STREET,NUMBER_BUILDING,POST_INDEX) values ('276','Conchucos','1310','196',null);
Insert into NUREKE.ADDRESSES (ADDRESS_ID,CITY,NUMBER_STREET,NUMBER_BUILDING,POST_INDEX) values ('277','Tangui?ta','58','200',null);
Insert into NUREKE.ADDRESSES (ADDRESS_ID,CITY,NUMBER_STREET,NUMBER_BUILDING,POST_INDEX) values ('278','Cigeulis','4','349',null);
Insert into NUREKE.ADDRESSES (ADDRESS_ID,CITY,NUMBER_STREET,NUMBER_BUILDING,POST_INDEX) values ('279','Bastan','6449','283','658972');
Insert into NUREKE.ADDRESSES (ADDRESS_ID,CITY,NUMBER_STREET,NUMBER_BUILDING,POST_INDEX) values ('280','Petrikov','606','41',null);
Insert into NUREKE.ADDRESSES (ADDRESS_ID,CITY,NUMBER_STREET,NUMBER_BUILDING,POST_INDEX) values ('281','Micheng','774','159',null);
Insert into NUREKE.ADDRESSES (ADDRESS_ID,CITY,NUMBER_STREET,NUMBER_BUILDING,POST_INDEX) values ('282','Sinanju','4458','238',null);
Insert into NUREKE.ADDRESSES (ADDRESS_ID,CITY,NUMBER_STREET,NUMBER_BUILDING,POST_INDEX) values ('283','Jocot?n','66353','326','20005');
Insert into NUREKE.ADDRESSES (ADDRESS_ID,CITY,NUMBER_STREET,NUMBER_BUILDING,POST_INDEX) values ('284','Bucaramanga','44','12','680011');
Insert into NUREKE.ADDRESSES (ADDRESS_ID,CITY,NUMBER_STREET,NUMBER_BUILDING,POST_INDEX) values ('285','Etinan','544','354',null);
Insert into NUREKE.ADDRESSES (ADDRESS_ID,CITY,NUMBER_STREET,NUMBER_BUILDING,POST_INDEX) values ('286','Acajutla','2127','309',null);
Insert into NUREKE.ADDRESSES (ADDRESS_ID,CITY,NUMBER_STREET,NUMBER_BUILDING,POST_INDEX) values ('287','Patroc?nio','4514','42','38740-000');
Insert into NUREKE.ADDRESSES (ADDRESS_ID,CITY,NUMBER_STREET,NUMBER_BUILDING,POST_INDEX) values ('288','Vila Velha de R?d?o','8281','214','6030-006');
Insert into NUREKE.ADDRESSES (ADDRESS_ID,CITY,NUMBER_STREET,NUMBER_BUILDING,POST_INDEX) values ('289','Pont Cass?','763','169',null);
Insert into NUREKE.ADDRESSES (ADDRESS_ID,CITY,NUMBER_STREET,NUMBER_BUILDING,POST_INDEX) values ('290','Yamazakich?-nakabirose','72392','2','671-2536');
Insert into NUREKE.ADDRESSES (ADDRESS_ID,CITY,NUMBER_STREET,NUMBER_BUILDING,POST_INDEX) values ('291','Bader','8','104',null);
Insert into NUREKE.ADDRESSES (ADDRESS_ID,CITY,NUMBER_STREET,NUMBER_BUILDING,POST_INDEX) values ('292','Shitouhe','31','248',null);
Insert into NUREKE.ADDRESSES (ADDRESS_ID,CITY,NUMBER_STREET,NUMBER_BUILDING,POST_INDEX) values ('293','Wschowa','78','377','67-400');
Insert into NUREKE.ADDRESSES (ADDRESS_ID,CITY,NUMBER_STREET,NUMBER_BUILDING,POST_INDEX) values ('294','Butaj?ra','9','258',null);
Insert into NUREKE.ADDRESSES (ADDRESS_ID,CITY,NUMBER_STREET,NUMBER_BUILDING,POST_INDEX) values ('295','Novocherkassk','0','315','346408');
Insert into NUREKE.ADDRESSES (ADDRESS_ID,CITY,NUMBER_STREET,NUMBER_BUILDING,POST_INDEX) values ('296','P?vilosta','08294','12',null);
Insert into NUREKE.ADDRESSES (ADDRESS_ID,CITY,NUMBER_STREET,NUMBER_BUILDING,POST_INDEX) values ('297','Sexiong','0995','8',null);
Insert into NUREKE.ADDRESSES (ADDRESS_ID,CITY,NUMBER_STREET,NUMBER_BUILDING,POST_INDEX) values ('298','S?vedalen','59','383','433 68');
Insert into NUREKE.ADDRESSES (ADDRESS_ID,CITY,NUMBER_STREET,NUMBER_BUILDING,POST_INDEX) values ('299','Vila Nova de Santo Andr?','707','366','7500-130');
Insert into NUREKE.ADDRESSES (ADDRESS_ID,CITY,NUMBER_STREET,NUMBER_BUILDING,POST_INDEX) values ('300','Mora','5','49','792 34');
REM INSERTING into NUREKE.BLOOD_BANKS
SET DEFINE OFF;
Insert into NUREKE.BLOOD_BANKS (BLOOD_BANK_ID,ADDRESS_ID) values ('1','40');
Insert into NUREKE.BLOOD_BANKS (BLOOD_BANK_ID,ADDRESS_ID) values ('2','242');
Insert into NUREKE.BLOOD_BANKS (BLOOD_BANK_ID,ADDRESS_ID) values ('3','228');
Insert into NUREKE.BLOOD_BANKS (BLOOD_BANK_ID,ADDRESS_ID) values ('4','202');
Insert into NUREKE.BLOOD_BANKS (BLOOD_BANK_ID,ADDRESS_ID) values ('5','119');
Insert into NUREKE.BLOOD_BANKS (BLOOD_BANK_ID,ADDRESS_ID) values ('6','275');
Insert into NUREKE.BLOOD_BANKS (BLOOD_BANK_ID,ADDRESS_ID) values ('7','115');
Insert into NUREKE.BLOOD_BANKS (BLOOD_BANK_ID,ADDRESS_ID) values ('8','64');
Insert into NUREKE.BLOOD_BANKS (BLOOD_BANK_ID,ADDRESS_ID) values ('9','142');
Insert into NUREKE.BLOOD_BANKS (BLOOD_BANK_ID,ADDRESS_ID) values ('10','230');
Insert into NUREKE.BLOOD_BANKS (BLOOD_BANK_ID,ADDRESS_ID) values ('11','224');
Insert into NUREKE.BLOOD_BANKS (BLOOD_BANK_ID,ADDRESS_ID) values ('12','293');
Insert into NUREKE.BLOOD_BANKS (BLOOD_BANK_ID,ADDRESS_ID) values ('13','276');
--------------------------------------------------------
--  DDL for Index STAFF_CATEGORIES_PK
--------------------------------------------------------

  CREATE UNIQUE INDEX "NUREKE"."STAFF_CATEGORIES_PK" ON "NUREKE"."STAFF_CATEGORIES" ("STAFF_CATEGORY_CODE") 
  PCTFREE 10 INITRANS 2 MAXTRANS 255 COMPUTE STATISTICS 
  STORAGE(INITIAL 65536 NEXT 1048576 MINEXTENTS 1 MAXEXTENTS 2147483645
  PCTINCREASE 0 FREELISTS 1 FREELIST GROUPS 1
  BUFFER_POOL DEFAULT FLASH_CACHE DEFAULT CELL_FLASH_CACHE DEFAULT)
  TABLESPACE "USERS" ;
--------------------------------------------------------
--  DDL for Index STAFF_PK
--------------------------------------------------------

  CREATE UNIQUE INDEX "NUREKE"."STAFF_PK" ON "NUREKE"."STAFF" ("STAFF_ID") 
  PCTFREE 10 INITRANS 2 MAXTRANS 255 COMPUTE STATISTICS 
  STORAGE(INITIAL 65536 NEXT 1048576 MINEXTENTS 1 MAXEXTENTS 2147483645
  PCTINCREASE 0 FREELISTS 1 FREELIST GROUPS 1
  BUFFER_POOL DEFAULT FLASH_CACHE DEFAULT CELL_FLASH_CACHE DEFAULT)
  TABLESPACE "USERS" ;
--------------------------------------------------------
--  DDL for Index RELIGIONS_PK
--------------------------------------------------------

  CREATE UNIQUE INDEX "NUREKE"."RELIGIONS_PK" ON "NUREKE"."RELIGIONS" ("RELIGION_CODE") 
  PCTFREE 10 INITRANS 2 MAXTRANS 255 COMPUTE STATISTICS 
  STORAGE(INITIAL 65536 NEXT 1048576 MINEXTENTS 1 MAXEXTENTS 2147483645
  PCTINCREASE 0 FREELISTS 1 FREELIST GROUPS 1
  BUFFER_POOL DEFAULT FLASH_CACHE DEFAULT CELL_FLASH_CACHE DEFAULT)
  TABLESPACE "USERS" ;
--------------------------------------------------------
--  DDL for Index MEDICAL_CONDITIONS_PK
--------------------------------------------------------

  CREATE UNIQUE INDEX "NUREKE"."MEDICAL_CONDITIONS_PK" ON "NUREKE"."MEDICAL_CONDITIONS" ("CONDITION_CODE") 
  PCTFREE 10 INITRANS 2 MAXTRANS 255 COMPUTE STATISTICS 
  STORAGE(INITIAL 65536 NEXT 1048576 MINEXTENTS 1 MAXEXTENTS 2147483645
  PCTINCREASE 0 FREELISTS 1 FREELIST GROUPS 1
  BUFFER_POOL DEFAULT FLASH_CACHE DEFAULT CELL_FLASH_CACHE DEFAULT)
  TABLESPACE "USERS" ;
--------------------------------------------------------
--  DDL for Index DONORS_MEDICAL_CONDITIONS_PK
--------------------------------------------------------

  CREATE UNIQUE INDEX "NUREKE"."DONORS_MEDICAL_CONDITIONS_PK" ON "NUREKE"."DONORS_MEDICAL_CONDITIONS" ("DONOR_ID", "CONDITION_CODE") 
  PCTFREE 10 INITRANS 2 MAXTRANS 255 COMPUTE STATISTICS 
  TABLESPACE "USERS" ;
--------------------------------------------------------
--  DDL for Index DONORS_PK
--------------------------------------------------------

  CREATE UNIQUE INDEX "NUREKE"."DONORS_PK" ON "NUREKE"."DONORS" ("DONOR_ID") 
  PCTFREE 10 INITRANS 2 MAXTRANS 255 COMPUTE STATISTICS 
  STORAGE(INITIAL 65536 NEXT 1048576 MINEXTENTS 1 MAXEXTENTS 2147483645
  PCTINCREASE 0 FREELISTS 1 FREELIST GROUPS 1
  BUFFER_POOL DEFAULT FLASH_CACHE DEFAULT CELL_FLASH_CACHE DEFAULT)
  TABLESPACE "USERS" ;
--------------------------------------------------------
--  DDL for Index DONATIONS_PK
--------------------------------------------------------

  CREATE UNIQUE INDEX "NUREKE"."DONATIONS_PK" ON "NUREKE"."DONATIONS" ("DONATION_ID") 
  PCTFREE 10 INITRANS 2 MAXTRANS 255 COMPUTE STATISTICS 
  STORAGE(INITIAL 65536 NEXT 1048576 MINEXTENTS 1 MAXEXTENTS 2147483645
  PCTINCREASE 0 FREELISTS 1 FREELIST GROUPS 1
  BUFFER_POOL DEFAULT FLASH_CACHE DEFAULT CELL_FLASH_CACHE DEFAULT)
  TABLESPACE "USERS" ;
--------------------------------------------------------
--  DDL for Index ADDRESSES_PK
--------------------------------------------------------

  CREATE UNIQUE INDEX "NUREKE"."ADDRESSES_PK" ON "NUREKE"."ADDRESSES" ("ADDRESS_ID") 
  PCTFREE 10 INITRANS 2 MAXTRANS 255 COMPUTE STATISTICS 
  STORAGE(INITIAL 65536 NEXT 1048576 MINEXTENTS 1 MAXEXTENTS 2147483645
  PCTINCREASE 0 FREELISTS 1 FREELIST GROUPS 1
  BUFFER_POOL DEFAULT FLASH_CACHE DEFAULT CELL_FLASH_CACHE DEFAULT)
  TABLESPACE "USERS" ;
--------------------------------------------------------
--  DDL for Index BLOOD_BANKS_PK
--------------------------------------------------------

  CREATE UNIQUE INDEX "NUREKE"."BLOOD_BANKS_PK" ON "NUREKE"."BLOOD_BANKS" ("BLOOD_BANK_ID") 
  PCTFREE 10 INITRANS 2 MAXTRANS 255 COMPUTE STATISTICS 
  STORAGE(INITIAL 65536 NEXT 1048576 MINEXTENTS 1 MAXEXTENTS 2147483645
  PCTINCREASE 0 FREELISTS 1 FREELIST GROUPS 1
  BUFFER_POOL DEFAULT FLASH_CACHE DEFAULT CELL_FLASH_CACHE DEFAULT)
  TABLESPACE "USERS" ;
--------------------------------------------------------
--  DDL for Trigger LOC_CHANGE
--------------------------------------------------------

  CREATE OR REPLACE NONEDITIONABLE TRIGGER "NUREKE"."LOC_CHANGE" 
before update on Donors
for each row
 WHEN (NEW.address_id != OLD.address_id) declare 
  
begin
    dbms_output.put_line('Old location : '|| :OLD.address_id);
    dbms_output.put_line('New location : '|| :NEW.address_id);
end;


/
ALTER TRIGGER "NUREKE"."LOC_CHANGE" ENABLE;
--------------------------------------------------------
--  DDL for Trigger DESEASE_TRG
--------------------------------------------------------

  CREATE OR REPLACE NONEDITIONABLE TRIGGER "NUREKE"."DESEASE_TRG" 
before insert on Donors
for each row
 WHEN (NEW.donor_id > 0) begin
    if :NEW.MEDICAL_CONDITION = 1 then
        dbms_output.put_line('donor with disease!');
        delete from Donors where donor_id = :NEW.donor_id;
    end if;
end;



/
ALTER TRIGGER "NUREKE"."DESEASE_TRG" ENABLE;
--------------------------------------------------------
--  DDL for Trigger BLOOD_RECEIVED
--------------------------------------------------------

  CREATE OR REPLACE NONEDITIONABLE TRIGGER "NUREKE"."BLOOD_RECEIVED" 
before update on Donations
for each row
 WHEN (NEW.donor_id != OLD.donor_id) declare 
  
begin
    dbms_output.put_line('Blood bag given to the patient');
end;
/
ALTER TRIGGER "NUREKE"."BLOOD_RECEIVED" ENABLE;
--------------------------------------------------------
--  Constraints for Table STAFF_CATEGORIES
--------------------------------------------------------

  ALTER TABLE "NUREKE"."STAFF_CATEGORIES" MODIFY ("STAFF_CATEGORY_CODE" NOT NULL ENABLE);
  ALTER TABLE "NUREKE"."STAFF_CATEGORIES" MODIFY ("STAFF_CATEGORY_DESCRIPTION" NOT NULL ENABLE);
  ALTER TABLE "NUREKE"."STAFF_CATEGORIES" ADD CONSTRAINT "STAFF_CATEGORIES_PK" PRIMARY KEY ("STAFF_CATEGORY_CODE")
  USING INDEX PCTFREE 10 INITRANS 2 MAXTRANS 255 COMPUTE STATISTICS 
  STORAGE(INITIAL 65536 NEXT 1048576 MINEXTENTS 1 MAXEXTENTS 2147483645
  PCTINCREASE 0 FREELISTS 1 FREELIST GROUPS 1
  BUFFER_POOL DEFAULT FLASH_CACHE DEFAULT CELL_FLASH_CACHE DEFAULT)
  TABLESPACE "USERS"  ENABLE;
--------------------------------------------------------
--  Constraints for Table STAFF
--------------------------------------------------------

  ALTER TABLE "NUREKE"."STAFF" MODIFY ("STAFF_ID" NOT NULL ENABLE);
  ALTER TABLE "NUREKE"."STAFF" ADD CONSTRAINT "STAFF_PK" PRIMARY KEY ("STAFF_ID")
  USING INDEX PCTFREE 10 INITRANS 2 MAXTRANS 255 COMPUTE STATISTICS 
  STORAGE(INITIAL 65536 NEXT 1048576 MINEXTENTS 1 MAXEXTENTS 2147483645
  PCTINCREASE 0 FREELISTS 1 FREELIST GROUPS 1
  BUFFER_POOL DEFAULT FLASH_CACHE DEFAULT CELL_FLASH_CACHE DEFAULT)
  TABLESPACE "USERS"  ENABLE;
--------------------------------------------------------
--  Constraints for Table RELIGIONS
--------------------------------------------------------

  ALTER TABLE "NUREKE"."RELIGIONS" MODIFY ("RELIGION_CODE" NOT NULL ENABLE);
  ALTER TABLE "NUREKE"."RELIGIONS" ADD CONSTRAINT "RELIGIONS_PK" PRIMARY KEY ("RELIGION_CODE")
  USING INDEX PCTFREE 10 INITRANS 2 MAXTRANS 255 COMPUTE STATISTICS 
  STORAGE(INITIAL 65536 NEXT 1048576 MINEXTENTS 1 MAXEXTENTS 2147483645
  PCTINCREASE 0 FREELISTS 1 FREELIST GROUPS 1
  BUFFER_POOL DEFAULT FLASH_CACHE DEFAULT CELL_FLASH_CACHE DEFAULT)
  TABLESPACE "USERS"  ENABLE;
--------------------------------------------------------
--  Constraints for Table MEDICAL_CONDITIONS
--------------------------------------------------------

  ALTER TABLE "NUREKE"."MEDICAL_CONDITIONS" MODIFY ("CONDITION_CODE" NOT NULL ENABLE);
  ALTER TABLE "NUREKE"."MEDICAL_CONDITIONS" ADD CONSTRAINT "MEDICAL_CONDITIONS_PK" PRIMARY KEY ("CONDITION_CODE")
  USING INDEX PCTFREE 10 INITRANS 2 MAXTRANS 255 COMPUTE STATISTICS 
  STORAGE(INITIAL 65536 NEXT 1048576 MINEXTENTS 1 MAXEXTENTS 2147483645
  PCTINCREASE 0 FREELISTS 1 FREELIST GROUPS 1
  BUFFER_POOL DEFAULT FLASH_CACHE DEFAULT CELL_FLASH_CACHE DEFAULT)
  TABLESPACE "USERS"  ENABLE;
--------------------------------------------------------
--  Constraints for Table DONORS_MEDICAL_CONDITIONS
--------------------------------------------------------

  ALTER TABLE "NUREKE"."DONORS_MEDICAL_CONDITIONS" MODIFY ("DONOR_ID" NOT NULL ENABLE);
  ALTER TABLE "NUREKE"."DONORS_MEDICAL_CONDITIONS" MODIFY ("CONDITION_CODE" NOT NULL ENABLE);
  ALTER TABLE "NUREKE"."DONORS_MEDICAL_CONDITIONS" ADD CONSTRAINT "DONORS_MEDICAL_CONDITIONS_PK" PRIMARY KEY ("DONOR_ID", "CONDITION_CODE")
  USING INDEX PCTFREE 10 INITRANS 2 MAXTRANS 255 COMPUTE STATISTICS 
  TABLESPACE "USERS"  ENABLE;
--------------------------------------------------------
--  Constraints for Table DONORS
--------------------------------------------------------

  ALTER TABLE "NUREKE"."DONORS" MODIFY ("DONOR_ID" NOT NULL ENABLE);
  ALTER TABLE "NUREKE"."DONORS" ADD CONSTRAINT "DONORS_PK" PRIMARY KEY ("DONOR_ID")
  USING INDEX PCTFREE 10 INITRANS 2 MAXTRANS 255 COMPUTE STATISTICS 
  STORAGE(INITIAL 65536 NEXT 1048576 MINEXTENTS 1 MAXEXTENTS 2147483645
  PCTINCREASE 0 FREELISTS 1 FREELIST GROUPS 1
  BUFFER_POOL DEFAULT FLASH_CACHE DEFAULT CELL_FLASH_CACHE DEFAULT)
  TABLESPACE "USERS"  ENABLE;
--------------------------------------------------------
--  Constraints for Table DONATIONS
--------------------------------------------------------

  ALTER TABLE "NUREKE"."DONATIONS" MODIFY ("DONATION_ID" NOT NULL ENABLE);
  ALTER TABLE "NUREKE"."DONATIONS" ADD CONSTRAINT "DONATIONS_PK" PRIMARY KEY ("DONATION_ID")
  USING INDEX PCTFREE 10 INITRANS 2 MAXTRANS 255 COMPUTE STATISTICS 
  STORAGE(INITIAL 65536 NEXT 1048576 MINEXTENTS 1 MAXEXTENTS 2147483645
  PCTINCREASE 0 FREELISTS 1 FREELIST GROUPS 1
  BUFFER_POOL DEFAULT FLASH_CACHE DEFAULT CELL_FLASH_CACHE DEFAULT)
  TABLESPACE "USERS"  ENABLE;
--------------------------------------------------------
--  Constraints for Table ADDRESSES
--------------------------------------------------------

  ALTER TABLE "NUREKE"."ADDRESSES" MODIFY ("ADDRESS_ID" NOT NULL ENABLE);
  ALTER TABLE "NUREKE"."ADDRESSES" ADD CONSTRAINT "ADDRESSES_PK" PRIMARY KEY ("ADDRESS_ID")
  USING INDEX PCTFREE 10 INITRANS 2 MAXTRANS 255 COMPUTE STATISTICS 
  STORAGE(INITIAL 65536 NEXT 1048576 MINEXTENTS 1 MAXEXTENTS 2147483645
  PCTINCREASE 0 FREELISTS 1 FREELIST GROUPS 1
  BUFFER_POOL DEFAULT FLASH_CACHE DEFAULT CELL_FLASH_CACHE DEFAULT)
  TABLESPACE "USERS"  ENABLE;
--------------------------------------------------------
--  Constraints for Table BLOOD_BANKS
--------------------------------------------------------

  ALTER TABLE "NUREKE"."BLOOD_BANKS" MODIFY ("BLOOD_BANK_ID" NOT NULL ENABLE);
  ALTER TABLE "NUREKE"."BLOOD_BANKS" MODIFY ("ADDRESS_ID" NOT NULL ENABLE);
  ALTER TABLE "NUREKE"."BLOOD_BANKS" ADD CONSTRAINT "BLOOD_BANKS_PK" PRIMARY KEY ("BLOOD_BANK_ID")
  USING INDEX PCTFREE 10 INITRANS 2 MAXTRANS 255 COMPUTE STATISTICS 
  STORAGE(INITIAL 65536 NEXT 1048576 MINEXTENTS 1 MAXEXTENTS 2147483645
  PCTINCREASE 0 FREELISTS 1 FREELIST GROUPS 1
  BUFFER_POOL DEFAULT FLASH_CACHE DEFAULT CELL_FLASH_CACHE DEFAULT)
  TABLESPACE "USERS"  ENABLE;
--------------------------------------------------------
--  Ref Constraints for Table STAFF
--------------------------------------------------------

  ALTER TABLE "NUREKE"."STAFF" ADD CONSTRAINT "ADDRESS_ID2" FOREIGN KEY ("ADDRESS_ID")
	  REFERENCES "NUREKE"."ADDRESSES" ("ADDRESS_ID") ENABLE;
  ALTER TABLE "NUREKE"."STAFF" ADD CONSTRAINT "BLOOD_BANK_ID0" FOREIGN KEY ("BLOOD_BANK_ID")
	  REFERENCES "NUREKE"."BLOOD_BANKS" ("BLOOD_BANK_ID") ENABLE;
  ALTER TABLE "NUREKE"."STAFF" ADD CONSTRAINT "STAFF_CATEGORY_CODE0" FOREIGN KEY ("STAFF_CATEGORY_CODE")
	  REFERENCES "NUREKE"."STAFF_CATEGORIES" ("STAFF_CATEGORY_CODE") ENABLE;
--------------------------------------------------------
--  Ref Constraints for Table DONORS_MEDICAL_CONDITIONS
--------------------------------------------------------

  ALTER TABLE "NUREKE"."DONORS_MEDICAL_CONDITIONS" ADD CONSTRAINT "DONOR_ID1" FOREIGN KEY ("DONOR_ID")
	  REFERENCES "NUREKE"."DONORS" ("DONOR_ID") ENABLE;
  ALTER TABLE "NUREKE"."DONORS_MEDICAL_CONDITIONS" ADD CONSTRAINT "CONDITION_CODE" FOREIGN KEY ("CONDITION_CODE")
	  REFERENCES "NUREKE"."MEDICAL_CONDITIONS" ("CONDITION_CODE") ENABLE;
--------------------------------------------------------
--  Ref Constraints for Table DONORS
--------------------------------------------------------

  ALTER TABLE "NUREKE"."DONORS" ADD CONSTRAINT "ADDRESS_ID3" FOREIGN KEY ("ADDRESS_ID")
	  REFERENCES "NUREKE"."ADDRESSES" ("ADDRESS_ID") ENABLE;
  ALTER TABLE "NUREKE"."DONORS" ADD CONSTRAINT "BLOOD_BANK_ID1" FOREIGN KEY ("BLOOD_BANK_ID")
	  REFERENCES "NUREKE"."BLOOD_BANKS" ("BLOOD_BANK_ID") ENABLE;
  ALTER TABLE "NUREKE"."DONORS" ADD CONSTRAINT "RELIGION_CODE" FOREIGN KEY ("RELIGION_CODE")
	  REFERENCES "NUREKE"."RELIGIONS" ("RELIGION_CODE") ENABLE;
--------------------------------------------------------
--  Ref Constraints for Table DONATIONS
--------------------------------------------------------

  ALTER TABLE "NUREKE"."DONATIONS" ADD CONSTRAINT "DONOR_ID" FOREIGN KEY ("DONOR_ID")
	  REFERENCES "NUREKE"."DONORS" ("DONOR_ID") ENABLE;
--------------------------------------------------------
--  Ref Constraints for Table BLOOD_BANKS
--------------------------------------------------------

  ALTER TABLE "NUREKE"."BLOOD_BANKS" ADD CONSTRAINT "ADDRESS_ID" FOREIGN KEY ("ADDRESS_ID")
	  REFERENCES "NUREKE"."ADDRESSES" ("ADDRESS_ID") ENABLE;
